13:34:25:785,68.4,-0.029,-0.026,0.059,108.19,-45.573,165.175
13:34:25:856,68.471,-0.038,-0.004,0.063,108.286,-44.195,166.112
13:34:26:152,68.767,-0.02,0.02,0.05,108.017,-43.989,166.109
13:34:26:153,68.767,-0.014,0.03,0.055,107.751,-43.894,166.012
13:34:26:154,68.768,-0.025,0.027,0.046,107.53,-43.881,166.003
13:34:26:154,68.769,-0.006,0,0.034,107.242,-43.92,165.843
13:34:26:23,68.845,0.009,-0.022,0.031,107.097,-44.301,165.673
13:34:26:231,68.846,-0.007,-0.014,0.032,105.907,-46.616,164.212
13:34:26:232,68.847,-0.026,-0.007,0.021,105.686,-46.724,164.214
13:34:26:233,68.848,-0.017,0.007,0.014,105.381,-47.011,164.356
13:34:26:309,68.924,-0.021,0.014,0.011,105.197,-47.015,164.444
13:34:26:31,68.924,0.004,0.006,0.012,104.991,-47.251,164.421
13:34:26:31,68.925,-0.01,0.021,0.02,104.835,-47.446,164.455
13:34:26:311,68.926,-0.015,0.014,0.009,104.738,-47.285,164.618
13:34:26:676,69.291,-0.013,0.015,0.017,104.624,-47.207,164.799
13:34:26:677,69.291,-0.019,0.005,0.026,104.559,-47.203,164.792
13:34:26:678,69.292,-0.02,0.014,0.031,104.469,-47.07,164.84
13:34:26:679,69.293,-0.011,0.004,0.024,104.432,-46.924,164.914
13:34:26:756,69.371,-0.015,0.004,0.015,104.444,-46.762,165.025
13:34:26:756,69.371,0.08,-0.012,0.048,104.458,-46.723,165.003
13:34:26:758,69.372,-0.037,-0.026,0.047,104.44,-46.353,165.571
13:34:26:759,69.373,0.012,0.028,0.025,104.36,-46.553,165.312
13:34:26:826,69.44,0.002,0.014,0.028,104.352,-46.756,165.309
13:34:27:114,69.729,0.011,0.022,-0.003,104.426,-46.391,165.73
13:34:27:204,69.818,-0.009,-0.025,-0.001,104.961,-46.24,166.325
13:34:27:204,69.818,0.006,-0.01,0.013,104.948,-46.456,166.093
13:34:27:204,69.818,-0.006,-0.023,0.01,104.94,-46.401,166.123
13:34:27:204,69.819,-0.01,-0.021,0.007,104.939,-46.305,166.209
13:34:27:281,69.895,-0.002,-0.015,0.006,104.93,-46.262,166.25
13:34:27:281,69.895,-0.004,-0.012,0.009,104.901,-46.31,166.201
13:34:27:281,69.896,-0.003,-0.016,0.001,104.835,-46.459,166.056
13:34:27:282,69.897,0.012,-0.005,0.007,104.707,-46.737,165.79
13:34:27:352,69.966,-0.008,-0.013,-0.005,104.595,-46.849,165.67
13:34:27:569,70.183,-0.001,-0.014,-0.004,104.383,-47.338,165.155
13:34:27:569,70.184,0.004,-0.022,-0.003,104.168,-48.211,164.258
13:34:27:57,70.185,-0.001,-0.014,0.013,104.013,-48.873,163.577
13:34:27:571,70.185,0,0.025,-0.046,102.862,-49.82,162.575
13:34:27:648,70.262,-0.02,0.002,0.038,102.884,-49.533,162.837
13:34:27:648,70.263,-0.021,0.01,0,102.941,-49.199,163.157
13:34:27:649,70.264,-0.018,-0.002,0.013,103.062,-49.134,163.225
13:34:27:65,70.264,0,-0.017,0,103.138,-48.934,163.417
13:34:27:719,70.334,-0.002,-0.018,-0.006,103.226,-48.585,163.752
13:34:27:807,70.422,-0.025,-0.027,-0.011,103.245,-48.259,164.037
13:34:27:807,70.422,-0.023,-0.012,0.003,103.234,-48.359,163.896
13:34:27:807,70.422,-0.012,-0.008,0.014,103.203,-48.395,163.743
13:34:27:807,70.422,0.01,-0.016,0.004,102.729,-51.795,160.067
13:34:28:087,70.701,-0.008,-0.018,0.015,102.514,-52.567,159.247
13:34:28:252,70.866,-0.017,-0.025,0.008,102.382,-52.874,158.897
13:34:28:252,70.867,-0.004,0.001,0.022,102.203,-53.437,158.278
13:34:28:253,70.868,0.005,0.006,0.039,102.106,-53.777,157.933
13:34:28:254,70.868,-0.008,0.008,0.03,102.024,-53.423,158.298
13:34:28:33,70.944,0.042,-0.007,0.06,101.973,-53.208,158.542
13:34:28:331,70.946,-0.019,-0.01,-0.034,101.904,-52.848,159.047
13:34:28:331,70.946,-0.014,0.03,0.029,101.751,-54.049,157.92
13:34:28:332,70.947,-0.004,0.025,0.014,101.716,-54.212,157.807
13:34:28:698,71.313,0.002,-0.007,0.007,102.151,-52.932,159.299
13:34:28:699,71.313,-0.013,-0.024,-0.003,102.262,-52.831,159.433
13:34:28:7,71.314,-0.008,-0.005,-0.002,102.343,-52.967,159.325
13:34:28:7,71.315,-0.015,-0.018,-0.002,102.447,-53.122,159.187
13:34:28:769,71.383,0,-0.005,0.014,102.541,-53.115,159.177
13:34:28:986,71.6,-0.016,-0.019,-0.003,102.611,-52.72,159.562
13:34:28:986,71.6,-0.031,-0.015,-0.007,102.724,-52.293,159.946
13:34:28:986,71.601,0.009,-0.008,0.009,102.803,-52.506,159.716
13:34:29:057,71.672,-0.01,-0.013,0,102.954,-52.174,160.03
13:34:29:225,71.839,-0.022,-0.017,-0.015,102.977,-52.004,160.201
13:34:29:225,71.84,0.024,-0.011,0.003,102.968,-52.745,159.466
13:34:29:225,71.84,0.03,-0.009,0.01,102.949,-53.148,159.068
13:34:29:225,71.84,-0.006,-0.027,-0.007,102.902,-53.198,159.022
13:34:29:293,71.908,-0.02,0.005,0.006,102.586,-50.909,161.39
13:34:29:59,72.205,-0.004,-0.015,-0.012,102.92,-50.694,161.684
13:34:29:591,72.206,-0.017,-0.029,-0.004,103.006,-50.571,161.809
13:34:29:592,72.206,-0.004,-0.02,-0.001,103.049,-50.816,161.55
13:34:29:67,72.285,0.007,-0.028,0.009,103.102,-51.449,161.373
13:34:29:67,72.285,-0.009,-0.024,-0.003,103.113,-51.194,161.612
13:34:29:67,72.285,0.006,-0.028,-0.005,103.11,-51.151,161.64
13:34:29:672,72.286,0.003,-0.011,-0.003,103.074,-51.52,161.6
13:34:29:74,72.354,0.027,0.003,-0.064,102.652,-53.079,160.986
13:34:29:953,72.568,0,0.009,0.016,102.598,-53.297,160.716
13:34:29:953,72.568,-0.002,-0.017,-0.03,102.608,-53.085,161.102
13:34:30:107,72.722,-0.003,-0.013,-0.015,102.663,-52.462,161.841
13:34:30:265,72.88,0.017,-0.007,0.002,102.769,-52.538,162.166
13:34:30:399,73.013,0.005,-0.016,-0.006,102.804,-52.725,162.15
13:34:30:399,73.014,0.004,-0.019,-0.006,102.799,-52.746,162.113
13:34:30:483,73.098,0.007,-0.011,-0.001,102.738,-52.993,161.835
13:34:30:484,73.099,-0.001,-0.012,0.005,102.658,-53.222,161.578
13:34:30:485,73.099,-0.008,-0.017,0.004,102.045,-54.993,159.727
13:34:30:486,73.1,0.008,-0.014,0.011,101.937,-55.33,159.388
13:34:30:562,73.177,-0.002,-0.002,0.013,101.825,-55.611,159.057
13:34:30:563,73.177,-0.012,0.007,0.014,101.701,-55.873,158.723
13:34:30:563,73.178,-0.013,-0.014,0.005,101.7,-55.516,159.144
13:34:30:564,73.179,-0.002,-0.032,-0.008,102.207,-55.99,158.915
13:34:30:641,73.255,-0.003,-0.027,-0.002,102.237,-56.085,158.821
13:34:30:642,73.256,0.002,-0.028,0.004,102.243,-56.261,158.651
13:34:30:642,73.257,0,-0.02,0.002,102.239,-56.36,158.629
13:34:30:643,73.258,-0.006,-0.015,-0.014,102.236,-56.157,158.832
13:34:30:712,73.327,0.003,-0.001,-0.007,102.18,-56.076,158.926
13:34:30:921,73.536,0.002,-0.008,0.002,102.105,-56.235,158.75
13:34:31,73.615,-0.002,-0.001,0.003,102.049,-56.149,158.839
13:34:31:088,73.702,0.032,0.001,0.011,101.868,-56.853,158.096
13:34:31:088,73.702,0.02,-0.013,0.015,101.601,-59.444,155.457
13:34:31:089,73.703,-0.004,-0.025,-0.005,101.478,-59.497,155.402
13:34:31:089,73.704,0.004,0.036,0.001,100.669,-59.283,155.761
13:34:31:167,73.782,0.005,-0.028,-0.018,101.74,-58.895,156.427
13:34:31:167,73.782,0.002,-0.028,-0.01,101.83,-58.69,156.63
13:34:31:167,73.782,-0.011,-0.028,-0.015,101.929,-58.313,156.972
13:34:31:167,73.782,0.006,-0.007,0.003,102.018,-58.032,157.148
13:34:31:452,74.067,0.014,-0.008,0.01,101.987,-57.84,157.268
13:34:31:453,74.068,0.001,-0.004,0.011,101.946,-57.416,157.648
13:34:31:454,74.068,-0.015,-0.008,-0.002,101.871,-56.889,158.132
13:34:31:531,74.145,0.008,0.015,0.025,101.82,-57.154,157.87
13:34:31:532,74.146,0.001,0.008,0.015,101.837,-56.975,158.075
13:34:31:532,74.147,0,0.002,0,101.899,-56.614,158.499
13:34:31:612,74.226,0.002,0.01,-0.006,101.966,-56.593,158.563
13:34:31:613,74.227,0.006,0.006,-0.002,102.074,-56.673,158.517
13:34:31:613,74.228,0.03,-0.103,0.051,102.17,-56.578,158.655
13:34:31:614,74.229,0.051,-0.039,-0.051,102.164,-56.91,158.399
13:34:31:683,74.297,-0.007,0.017,-0.015,102.057,-57.086,158.226
13:34:31:971,74.585,0.059,-0.011,-0.023,102.033,-56.982,158.369
13:34:32:05,74.665,-0.007,-0.003,-0.002,101.865,-56.428,158.872
13:34:32:14,74.755,-0.002,-0.002,-0.003,101.864,-56.415,158.859
13:34:32:14,74.755,0.001,-0.012,-0.003,101.899,-56.349,158.859
13:34:32:142,74.757,0.005,-0.009,-0.006,101.902,-56.413,158.703
13:34:32:426,75.041,0.006,-0.008,0.005,101.857,-56.412,158.647
13:34:32:426,75.041,-0.001,-0.004,0.006,101.817,-56.326,158.702
13:34:32:427,75.042,-0.015,-0.002,0.005,101.768,-56.189,158.795
13:34:32:428,75.043,-0.007,-0.004,0.014,101.762,-56.179,158.796
13:34:32:507,75.122,0.005,-0.009,0.013,101.768,-56.185,158.791
13:34:32:508,75.123,0.002,-0.003,-0.004,101.716,-56.181,158.818
13:34:32:508,75.123,-0.004,-0.008,-0.005,101.758,-56.033,158.937
13:34:32:508,75.123,0,0,0.001,101.824,-55.833,159.092
13:34:32:584,75.199,0.043,-0.023,-0.071,101.848,-56.105,158.907
13:34:32:584,75.199,-0.03,0.023,0.004,101.767,-56.177,158.783
13:34:32:584,75.199,-0.026,-0.013,0.053,101.725,-55.601,159.417
13:34:32:585,75.199,0.038,-0.014,-0.072,101.761,-55.725,159.254
13:34:32:662,75.277,-0.023,-0.006,0.014,101.745,-55.749,159.24
13:34:32:663,75.278,-0.005,0.018,-0.03,101.745,-55.57,159.412
13:34:32:663,75.278,-0.006,-0.012,-0.009,101.762,-55.472,159.491
13:34:32:664,75.279,-0.024,-0.003,-0.014,101.785,-55.586,159.342
13:34:32:942,75.557,0.008,0.01,-0.004,101.699,-55.94,158.726
13:34:33:546,76.161,-0.006,0.007,-0.022,101.726,-55.663,158.953
13:34:33:628,76.242,0.129,0.01,-0.172,101.88,-55.69,158.88
13:34:33:628,76.243,-0.013,-0.029,-0.016,101.832,-57.509,156.793
13:34:34:079,76.693,0.001,-0.003,-0.025,101.719,-58.303,156.003
13:34:34:08,76.694,-0.009,-0.014,-0.015,101.624,-57.809,156.615
13:34:34:08,76.695,0.014,-0.016,-0.004,101.813,-54.961,159.845
13:34:34:081,76.696,-0.002,-0.027,-0.022,101.824,-55.055,159.775
13:34:34:158,76.772,0.008,-0.022,-0.012,101.806,-55.47,159.388
13:34:34:158,76.773,0.005,-0.029,-0.013,101.788,-55.628,159.234
13:34:34:159,76.774,0.005,-0.018,-0.013,101.776,-55.611,159.241
13:34:34:16,76.775,0.001,-0.024,-0.019,101.776,-55.274,159.531
13:34:34:519,77.134,-0.002,-0.011,-0.022,101.769,-55.068,159.69
13:34:34:597,77.212,0.008,-0.001,-0.004,101.709,-55.105,159.565
13:34:34:884,77.499,-0.009,-0.003,-0.007,101.618,-54.922,159.639
13:34:35:051,77.665,-0.003,-0.002,-0.001,101.542,-54.879,159.613
13:34:35:052,77.666,-0.015,0.003,0.002,101.427,-55.041,159.366
13:34:35:052,77.667,-0.007,-0.01,0.002,101.373,-55.064,159.287
13:34:35:053,77.668,0.015,-0.011,0.004,101.317,-55.452,158.842
13:34:35:13,77.745,0.008,-0.006,-0.002,101.24,-55.601,158.634
13:34:35:131,77.746,-0.009,-0.01,-0.011,101.188,-55.488,158.7
13:34:35:132,77.747,-0.011,-0.008,0.002,101.12,-55.763,158.378
13:34:35:133,77.748,0.04,-0.049,-0.019,101.958,-54.617,160.013
13:34:35:419,78.033,-0.004,-0.007,-0.017,101.454,-54.624,159.998
13:34:35:42,78.034,0.009,0,-0.005,101.343,-54.824,159.79
13:34:35:42,78.035,0.003,0.002,-0.006,101.383,-54.564,160.024
13:34:35:421,78.036,0.005,0,0.027,103.204,-52.484,162.054
13:34:35:49,78.105,-0.019,0.002,0.015,103.128,-51.844,162.635
13:34:35:569,78.183,-0.032,0.007,-0.001,103.069,-50.787,163.637
13:34:35:857,78.472,0.022,0.023,0.011,103.025,-50.865,163.568
13:34:35:935,78.549,0.019,0.02,0.005,102.997,-50.848,163.63
13:34:36:232,78.847,-0.011,-0.003,-0.018,102.928,-50.894,163.665
13:34:36:233,78.847,0.007,-0.011,-0.016,102.884,-51.33,163.279
13:34:36:233,78.847,0.007,-0.003,-0.01,102.86,-51.811,162.889
13:34:36:233,78.848,-0.013,-0.021,-0.063,102.732,-51.275,163.355
13:34:36:302,78.917,-0.016,0.006,0.027,102.696,-51.835,162.785
13:34:36:915,79.529,0.02,0.002,0.006,102.881,-47.532,168.076
13:34:36:915,79.53,-0.014,-0.01,-0.007,102.769,-48.957,166.661
13:34:36:916,79.531,0.004,0.002,0,102.766,-48.812,166.806
13:34:36:992,79.607,0.052,-0.133,0.125,102.849,-48.753,166.826
13:34:36:993,79.608,0.025,-0.032,-0.054,102.868,-49.581,166.235
13:34:36:994,79.609,-0.026,-0.001,-0.027,102.727,-51.32,164.689
13:34:36:994,79.609,-0.024,0.011,0.008,102.65,-52.502,163.625
13:34:37:116,79.73,-0.061,0.026,-0.027,102.624,-54.1,162.11
13:34:37:203,79.818,-0.037,-0.044,-0.022,102.923,-57.935,158.096
13:34:37:204,79.819,-0.026,-0.027,-0.011,102.832,-58.392,157.692
13:34:37:205,79.82,0.027,-0.001,0.028,102.802,-58.845,157.249
13:34:37:205,79.82,-0.002,-0.015,-0.003,102.773,-58.086,157.975
13:34:37:283,79.898,0.029,0.014,0.013,102.493,-58.089,157.965
13:34:37:284,79.898,0.008,0.012,0.008,102.4,-57.918,158.137
13:34:37:284,79.898,0.008,-0.079,-0.012,102.885,-55.166,161.942
13:34:37:284,79.899,-0.009,-0.05,0.004,102.701,-55.599,161.653
13:34:37:36,79.975,0.024,-0.011,0.013,101.25,-56.554,160.277
13:34:37:361,79.976,0.018,-0.019,0.006,101.224,-56.324,160.469
13:34:37:362,79.977,-0.016,-0.023,-0.028,101.221,-55.65,161.138
13:34:37:362,79.977,0.001,0,-0.004,101.18,-55.633,161.139
13:34:37:441,80.055,0.016,0.013,-0.001,100.99,-55.554,161.207
13:34:37:441,80.056,-0.037,-0.016,-0.026,100.7,-56.27,160.443
13:34:37:441,80.056,-0.014,-0.011,-0.013,100.536,-55.891,160.757
13:34:37:442,80.056,0.019,0.021,0.011,100.428,-56.258,160.347
13:34:37:641,80.256,0.003,0.009,0.002,100.38,-56.116,160.476
13:34:37:72,80.335,-0.022,0.007,-0.026,100.368,-55.129,161.451
13:34:38:009,80.623,-0.013,-0.062,0.03,100.376,-54.973,161.598
13:34:38:095,80.71,0.119,-0.016,0.022,100.428,-57.672,159.007
13:34:38:096,80.71,0.028,0.048,0.06,100.361,-61.02,155.806
13:34:38:098,80.713,-0.045,0.056,-0.048,101.256,-55.159,162.988
13:34:38:099,80.713,-0.026,-0.031,-0.114,101.74,-52.307,166.065
13:34:38:177,80.791,0.015,-0.067,-0.006,102.009,-53.269,165.081
13:34:38:177,80.792,0.048,-0.057,-0.038,102.252,-53.897,164.416
13:34:38:177,80.792,0.022,-0.055,-0.058,102.312,-54.202,164.076
13:34:38:178,80.792,0.006,-0.055,-0.052,102.261,-53.946,164.295
13:34:38:252,80.867,-0.007,-0.066,-0.031,102.097,-53.819,164.303
13:34:38:253,80.867,0.011,-0.037,0.01,101.964,-53.997,164.035
13:34:38:253,80.867,0.002,-0.016,0.01,101.788,-53.599,164.314
13:34:38:331,80.946,-0.024,-0.009,-0.011,101.694,-52.917,164.915
13:34:38:332,80.947,0.013,0.008,-0.007,101.577,-52.283,165.437
13:34:38:333,80.948,0.029,0.013,-0.003,101.443,-52.151,165.479
13:34:38:333,80.948,0.004,0.004,-0.015,101.321,-51.788,165.795
13:34:38:403,81.018,-0.011,0.009,-0.016,101.099,-51.748,165.758
13:34:38:533,81.148,0.001,0.005,-0.005,100.965,-52.186,165.277
13:34:38:613,81.227,-0.005,0,-0.005,100.83,-52.995,164.434
13:34:38:691,81.306,-0.003,-0.01,-0.024,100.735,-53.545,163.827
13:34:39:137,81.752,0.031,-0.021,-0.006,99.981,-58.415,158.346
13:34:39:226,81.841,-0.02,-0.03,-0.016,99.48,-58.791,157.706
13:34:39:226,81.841,-0.067,0.01,-0.11,97.983,-52.528,164.176
13:34:39:227,81.842,-0.068,-0.023,-0.037,98.18,-51.166,165.521
13:34:39:228,81.843,0.011,-0.006,-0.007,98.465,-52.578,164.064
13:34:39:505,82.119,0.045,0.007,0.002,98.64,-53.513,163.14
13:34:39:586,82.201,0.023,0.006,-0.012,98.87,-53.096,163.565
13:34:39:663,82.277,-0.011,-0.034,-0.033,99.058,-52.379,164.281
13:34:40:556,83.171,0.024,-0.018,0.015,99.33,-54.565,162.102
13:34:41:167,83.781,0.012,-0.022,0.002,99.472,-54.602,162.073
13:34:41:167,83.781,-0.009,-0.029,-0.029,99.553,-53.787,162.884
13:34:41:167,83.781,-0.015,-0.031,-0.032,99.607,-53.327,163.319
13:34:41:527,84.142,0.017,-0.015,-0.011,99.612,-53.848,162.754
13:34:43:391,86.006,0.02,-0.008,0.001,99.594,-54.156,162.405
13:34:43:469,86.084,-0.01,-0.003,-0.02,99.554,-53.712,162.79
13:34:43:548,86.163,-0.009,-0.004,-0.018,99.546,-53.636,162.831
13:34:43:923,86.538,0.01,0.002,-0.016,99.547,-54.111,162.315
13:34:43:923,86.538,0.024,-0.004,-0.011,99.558,-54.421,161.97
13:34:43:925,86.539,0.003,-0.01,-0.003,99.393,-55.359,160.79
13:34:43:925,86.54,0.001,-0.009,-0.005,99.332,-55.385,160.711
13:34:44:442,87.057,-0.013,-0.045,0.11,99.134,-54.804,160.941
13:34:44:518,87.133,0.004,-0.013,-0.032,100.276,-53.062,163.611
13:34:44:815,87.43,0.015,-0.006,-0.011,100.18,-53.337,163.251
13:34:44:815,87.43,0.01,0.003,-0.001,100.113,-53.638,162.909
13:34:44:816,87.431,-0.022,-0.007,-0.01,100.023,-53.728,162.755
13:34:44:886,87.501,0,-0.009,-0.013,99.999,-54.004,162.418
13:34:44:965,87.58,0.148,0.007,0.034,99.474,-58.159,157.449
13:34:45:333,87.947,-0.067,-0.03,-0.007,99.4,-56.184,159.624
13:34:45:491,88.105,-0.02,-0.002,-0.027,99.421,-50.982,165.245
13:34:45:935,88.55,0.011,-0.004,-0.013,99.684,-52.309,163.884
13:34:46:306,88.92,-0.053,0.061,-0.092,99.92,-48.198,168.713
13:34:46:381,88.996,0.013,-0.006,-0.01,99.208,-51.359,165.051
13:34:46:837,89.451,0.018,-0.004,0.008,99.214,-51.487,164.97
13:34:46:838,89.452,0.002,0.011,-0.002,99.269,-51.38,165.231
13:34:46:839,89.453,0.01,-0.006,-0.015,102.24,-51.582,164.889
13:34:46:84,89.454,0.003,0.012,-0.016,100.334,-48.163,169.419
13:34:46:91,89.525,0.02,0.012,0.018,100.461,-48.425,169.143
13:34:46:91,89.525,-0.013,-0.02,-0.023,100.719,-48.602,169.03
13:34:46:986,89.601,-0.012,-0.014,-0.013,100.447,-48.463,169.064
13:34:47:802,90.417,-0.004,-0.016,-0.01,100.412,-48.516,169.005
13:34:47:803,90.418,0.017,0.002,0.007,100.355,-48.865,168.641
13:34:47:888,90.502,-0.006,-0.007,-0.011,100.31,-48.642,168.86
13:34:47:888,90.502,0.001,-0.016,-0.001,100.139,-44.982,172.355
13:34:47:888,90.503,-0.011,-0.026,-0.021,99.977,-45.474,171.846
13:34:47:889,90.503,0.01,-0.061,-0.082,98.548,-50.325,166.398
13:34:48:326,90.941,0.026,-0.018,0.011,98.351,-50.827,165.791
13:34:48:56,91.175,-0.042,0.029,0.085,97.739,-49.39,167.196
13:34:49:745,92.36,-0.038,0.017,-0.07,97.721,-46.629,169.995
13:34:49:746,92.36,0.004,-0.011,0.001,98.538,-47.253,169.433
13:34:49:899,92.514,0.017,-0.005,-0.02,99.318,-45.264,171.518
13:34:50:723,93.337,-0.011,-0.093,0.058,99.415,-44.987,171.48
13:34:50:723,93.338,0.012,-0.004,-0.016,100.487,-42.135,174.8
13:34:50:724,93.339,0.011,-0.003,0.029,98.724,-41.402,174.979
13:34:50:725,93.34,-0.023,0.025,0.022,98.62,-41.824,174.601
13:34:52:368,94.982,0.013,-0.003,0.013,99.8,-41.495,175.225
13:34:52:818,95.432,-0.025,-0.019,-0.019,99.81,-40.536,176.2
13:34:52:818,95.432,-0.012,-0.004,0,99.826,-40.45,176.295
13:34:53:103,95.717,-0.004,-0.009,0.006,99.882,-40.306,176.47
13:34:53:264,95.879,0.001,-0.008,0.005,99.935,-40.11,176.7
13:34:53:264,95.879,0.005,-0.009,-0.012,100.022,-39.761,177.121
13:34:53:626,96.241,0.009,0.014,0.003,100.056,-40.452,176.59
13:34:53:709,96.324,-0.02,0.024,-0.027,101.178,-36.992,-179.815
13:34:53:71,96.324,0.021,-0.062,0.136,101.34,-37.346,179.814
13:34:53:785,96.399,0.035,0.003,-0.025,101.442,-38.926,178.179
13:34:54:075,96.69,0.012,0.015,0,101.415,-39.48,177.579
13:34:54:232,96.846,-0.025,0.021,-0.001,101.517,-37.209,179.776
13:34:54:602,97.217,0.003,-0.003,-0.121,101.634,-35.639,-178.78
13:34:54:602,97.217,-0.026,0.016,-0.012,101.846,-34.601,-177.766
13:34:54:758,97.373,-0.006,-0.061,-0.009,103.444,-34.386,-176.69
13:34:54:759,97.373,0,-0.03,-0.017,102.055,-39.38,178.251
13:34:55:044,97.659,0.01,-0.014,0.002,101.939,-39.515,178.066
13:34:55:125,97.739,-0.034,-0.107,-0.075,101.697,-40.323,177.972
13:34:55:576,98.19,-0.009,-0.019,-0.01,100.799,-40.57,176.839
13:34:55:576,98.191,0.002,-0.012,0.019,100.58,-40.597,176.628
13:34:55:577,98.192,0,-0.005,0.02,100.481,-40.362,176.782
13:34:56:464,99.079,-0.007,-0.005,0.015,100.41,-40.032,177.05
13:34:56:55,99.164,0.015,0.003,-0.005,100.466,-40.841,176.098
13:34:56:55,99.165,-0.007,-0.024,-0.021,100.495,-39.632,177.657
13:34:56:551,99.166,-0.01,-0.03,-0.026,100.445,-39.123,178.163
13:34:56:552,99.167,0.011,-0.007,-0.009,100.613,-38.17,178.834
13:34:56:624,99.239,0.013,-0.067,0.101,100.573,-38.543,178.481
13:34:56:624,99.239,0.034,-0.01,-0.018,100.515,-39.005,178.151
13:34:57:146,99.761,0.011,0.002,0,100.716,-35.733,-178.49
13:34:57:223,99.838,-0.001,0.001,-0.007,100.668,-35.753,-178.589
13:34:57:523,100.138,0.009,-0.007,-0.012,100.597,-36.004,-179.012
13:34:57:523,100.138,0.007,-0.022,-0.01,100.527,-36.301,-179.397
13:34:57:523,100.138,-0.017,0.017,-0.035,98.397,-36.319,-179.587
13:34:57:524,100.139,0.008,-0.007,-0.008,99.478,-36.478,-179.633
13:34:57:592,100.206,0.019,-0.004,-0.001,100.02,-35.077,-178.23
13:34:57:672,100.287,0.024,-0.008,0.002,100.017,-35.739,-178.857
13:34:57:672,100.287,-0.015,-0.019,-0.025,99.92,-36.66,-179.79
13:34:57:959,100.573,0.013,-0.016,-0.001,99.889,-37.096,179.728
13:34:58:037,100.652,0.002,-0.017,-0.005,100.279,-38.354,178.514
13:34:58:119,100.733,0.014,-0.022,0.005,100.387,-38.704,178.182
13:34:58:195,100.809,0.019,-0.004,0.033,100.144,-40.775,175.911
13:34:58:492,101.106,-0.002,-0.011,0.019,100.027,-41.627,175.056
13:34:58:492,101.107,0.019,0.01,-0.013,100.009,-42.408,174.373
13:34:58:493,101.108,0.027,-0.002,-0.008,100.876,-40.043,177.158
13:34:58:494,101.109,0.016,0.002,-0.004,100.89,-40.148,177.094
13:34:58:65,101.265,-0.003,-0.016,-0.012,100.896,-39.979,177.319
13:34:58:651,101.265,0.004,-0.003,-0.007,100.909,-39.952,177.388
13:34:58:651,101.265,0.007,-0.004,0.003,100.968,-40.1,177.292
13:34:58:651,101.266,-0.003,-0.01,-0.005,101.067,-39.745,177.726
13:34:58:933,101.547,0.001,-0.012,-0.024,101.158,-39.397,178.124
13:34:59:01,101.625,0.039,0.022,0.016,100.716,-37.421,-179.589
13:34:59:088,101.703,-0.025,-0.009,-0.041,100.818,-36.568,-178.759
13:34:59:166,101.781,0.012,-0.021,-0.007,100.924,-38.733,178.468
13:34:59:623,102.237,0,-0.032,-0.019,100.782,-38.73,178.365
13:34:59:623,102.238,-0.008,-0.029,-0.019,100.484,-38.807,178.138
13:34:59:623,102.238,0.001,-0.028,-0.002,100.248,-39.015,177.822
13:34:59:623,102.238,0.009,0.035,0.045,99.545,-38.05,178.52
13:35:00:06,102.675,0.02,-0.05,0.051,99.624,-37.547,179.127
13:35:00:593,103.208,0.01,0.025,-0.037,99.764,-39.458,177.7
13:35:00:594,103.209,-0.004,-0.017,-0.019,100.537,-36.444,-179.059
13:35:00:594,103.209,0.015,-0.014,-0.011,100.571,-36.47,-179.166
13:35:00:953,103.568,-0.009,0.004,0.008,100.591,-35.093,-178.284
13:35:01:111,103.725,-0.009,0.012,0.017,100.796,-37.76,179.121
13:35:01:187,103.802,-0.001,0.039,-0.059,100.806,-35.995,-178.986
13:35:01:397,104.012,0.001,-0.005,-0.001,100.867,-35.234,-178.25
13:35:02:08,104.695,0.02,0,-0.01,100.977,-35.274,-178.328
13:35:02:159,104.774,-0.001,-0.016,-0.015,101.271,-35.706,-178.681
13:35:02:455,105.07,0,-0.013,-0.011,101.302,-35.936,-178.895
13:35:02:456,105.071,-0.01,-0.022,-0.012,101.355,-35.979,-178.933
13:35:02:457,105.072,-0.001,-0.017,-0.017,101.403,-35.703,-178.685
13:35:02:458,105.073,0.021,0.007,0.039,100.644,-37.629,178.883
13:35:02:525,105.14,-0.017,-0.004,0.015,100.458,-36.936,179.546
13:35:02:615,105.229,-0.003,0.045,-0.049,100.534,-36.579,-179.433
13:35:02:616,105.23,-0.013,0,-0.02,100.553,-35.901,-178.73
13:35:02:616,105.231,-0.003,-0.032,-0.019,101.149,-36.127,-179.495
13:35:02:617,105.232,-0.009,-0.041,-0.009,100.968,-36.352,-179.832
13:35:02:693,105.308,-0.01,-0.032,-0.001,100.598,-36.326,179.986
13:35:02:694,105.309,-0.004,0.001,0.059,100.197,-36.526,179.587
13:35:02:695,105.309,-0.011,-0.017,-0.012,101.359,-36.081,-179.183
13:35:02:696,105.31,0.006,0.014,-0.014,100.659,-37.752,179.267
13:35:02:762,105.377,-0.015,-0.001,-0.028,100.81,-36.427,-179.357
13:35:02:981,105.596,0.037,-0.015,-0.015,100.982,-36.525,-179.41
13:35:02:982,105.596,0.056,0.001,0.017,101.063,-37.549,179.594
13:35:02:983,105.597,-0.021,-0.015,-0.019,101.833,-36.333,-179.274
13:35:02:983,105.598,-0.014,-0.003,0.003,101.684,-36.238,-178.967
13:35:03:131,105.746,-0.01,-0.021,0.006,101.648,-36.835,-179.513
13:35:03:348,105.962,0.006,-0.018,-0.017,101.586,-35.975,-178.804
13:35:03:348,105.963,-0.007,-0.019,-0.018,101.805,-35.383,-178.554
13:35:03:349,105.964,-0.002,-0.019,-0.016,101.702,-35.498,-178.769
13:35:03:35,105.964,-0.012,0.008,-0.074,100.691,-35.191,-178.165
13:35:03:505,106.12,-0.006,0.01,0.013,100.727,-34.915,-177.811
13:35:03:505,106.12,0.013,-0.004,-0.02,100.857,-34.676,-177.538
13:35:03:506,106.12,0.029,-0.005,-0.014,100.954,-34.724,-177.542
13:35:03:944,106.559,-0.008,-0.014,-0.02,101.205,-35.558,-178.252
13:35:04:103,106.718,0.002,-0.012,-0.006,101.283,-36,-178.719
13:35:04:31,106.924,0.002,-0.026,-0.027,101.357,-35.923,-178.675
13:35:04:4,107.014,0.009,-0.026,-0.033,101.464,-35.47,-178.317
13:35:04:4,107.015,0.02,-0.024,-0.025,101.561,-35.298,-178.275
13:35:04:401,107.016,0.019,-0.008,-0.011,101.587,-35.246,-178.321
13:35:04:402,107.016,-0.018,-0.009,-0.011,101.57,-34.85,-178.048
13:35:04:476,107.091,-0.012,-0.004,-0.009,101.556,-34.725,-178.001
13:35:04:477,107.092,0.016,0.005,0.017,101.552,-34.7,-178.084
13:35:04:478,107.093,-0.025,-0.007,-0.013,101.547,-34.036,-177.496
13:35:04:479,107.093,0.017,-0.013,0.009,101.565,-35.258,-178.815
13:35:04:628,107.242,-0.006,-0.015,-0.021,101.518,-34.823,-178.392
13:35:04:915,107.53,0.007,-0.039,-0.019,101.47,-34.669,-178.244
13:35:05:284,107.899,0.014,-0.006,0.019,101.36,-35.233,-178.795
13:35:05:371,107.986,0,-0.011,-0.003,101.275,-32.735,-176.678
13:35:05:372,107.986,-0.002,-0.025,-0.006,101.417,-33.148,-177.123
13:35:05:372,107.987,-0.004,-0.019,-0.01,101.439,-32.969,-176.954
13:35:05:372,107.987,0.012,-0.02,-0.007,101.452,-32.799,-176.794
13:35:05:439,108.053,0.004,-0.012,-0.01,101.452,-32.599,-176.588
13:35:05:807,108.422,-0.001,-0.005,-0.008,101.307,-32.561,-176.483
13:35:05:888,108.502,0.016,-0.003,-0.003,101.264,-33.05,-176.952
13:35:06:044,108.659,0.01,-0.015,-0.01,101.154,-33.557,-177.392
13:35:06:337,108.952,0.002,-0.015,-0.008,101.15,-34.542,-177.983
13:35:06:338,108.952,-0.01,-0.004,-0.005,100.999,-33.612,-177.234
13:35:06:702,109.317,0.005,-0.012,0.001,100.829,-34.823,-178.485
13:35:06:859,109.474,0.024,-0.005,0.024,100.695,-35.345,-178.99
13:35:07:233,109.848,-0.03,-0.009,-0.042,100.626,-35.099,-178.69
13:35:07:234,109.848,-0.005,0.01,0.004,100.526,-35.057,-178.588
13:35:07:234,109.849,0.02,0.003,0.032,100.46,-35.318,-178.769
13:35:07:235,109.85,0,0.006,-0.039,100.452,-34.529,-177.899
13:35:07:909,110.524,-0.018,0,-0.019,100.458,-33.68,-177.003
13:35:08:278,110.892,-0.003,-0.004,-0.007,100.496,-33.949,-177.265
13:35:08:278,110.893,0.033,-0.018,0.008,100.565,-34.843,-178.097
13:35:08:723,111.337,-0.008,-0.003,-0.012,100.748,-35.086,-178.3
13:35:08:8,111.415,-0.002,0.003,-0.007,100.521,-34.909,-178.695
13:35:09:045,111.659,-0.009,-0.013,-0.024,101.029,-33.998,-177.312
13:35:09:045,111.659,0.009,-0.017,-0.006,101.061,-33.985,-177.365
13:35:09:046,111.66,0.004,-0.012,-0.006,101.073,-33.968,-177.462
13:35:09:046,111.661,0.006,-0.012,-0.009,101.059,-33.816,-177.433
13:35:09:167,111.781,0.002,0,0.002,101.032,-33.733,-177.416
13:35:09:702,112.316,-0.023,-0.017,-0.017,101.007,-33.356,-177.105
13:35:09:702,112.316,-0.002,-0.019,-0.018,100.56,-33.787,-177.343
13:35:09:703,112.317,0.002,-0.035,0.006,100.541,-33.816,-177.356
13:35:09:704,112.318,0,-0.012,-0.007,100.917,-33.625,-177.341
13:35:09:772,112.387,-0.002,-0.016,-0.004,101.02,-33.855,-177.799
13:35:10:007,112.621,0,-0.009,-0.001,101.016,-33.877,-177.837
13:35:10:138,112.753,0.041,0.007,-0.021,100.403,-35.044,-178.567
13:35:10:219,112.834,-0.031,-0.019,-0.031,100.744,-34.671,-178.074
13:35:10:22,112.835,0.009,-0.014,-0.007,100.671,-35.517,-179.096
13:35:10:465,113.08,0.009,-0.013,-0.008,100.635,-35.85,-179.404
13:35:10:465,113.08,-0.018,-0.015,-0.026,100.589,-35.524,-179.074
13:35:10:465,113.08,-0.006,-0.008,-0.022,100.493,-35.648,-179.194
13:35:10:466,113.08,0.009,-0.013,-0.029,100.847,-33.992,-177.116
13:35:10:911,113.526,0.013,-0.02,-0.007,101.602,-34.338,-176.77
13:35:10:911,113.526,-0.025,0.02,-0.033,100.659,-34.56,-177.279
13:35:10:911,113.526,0.026,0.039,-0.017,100.555,-33.192,-175.728
13:35:10:987,113.601,-0.004,-0.024,-0.006,100.884,-33.382,-176.033
13:35:10:988,113.602,-0.011,-0.015,-0.012,100.903,-33.378,-175.998
13:35:10:989,113.603,-0.007,-0.014,-0.014,100.928,-33.404,-175.977
13:35:10:989,113.604,0.006,-0.012,-0.006,100.936,-33.496,-176.028
13:35:11:275,113.89,0.001,0.004,-0.007,100.929,-32.889,-175.477
13:35:11:276,113.891,0.013,-0.002,-0.014,100.889,-32.55,-174.871
13:35:11:277,113.892,-0.005,-0.014,-0.017,100.944,-32.451,-174.766
13:35:11:277,113.892,0.009,0.002,-0.005,101.059,-33.068,-175.371
13:35:11:434,114.049,-0.003,-0.019,-0.003,101.152,-33.22,-175.52
13:35:11:434,114.049,0.002,-0.011,-0.011,101.435,-32.963,-175.369
13:35:11:435,114.05,0.009,-0.004,-0.016,101.437,-32.194,-174.764
13:35:11:504,114.118,0.003,-0.014,-0.001,101.249,-34.223,-176.886
13:35:11:792,114.407,-0.065,0,-0.008,101.055,-31.804,-174.173
13:35:11:871,114.486,0.004,-0.018,-0.007,101.486,-33.378,-175.778
13:35:11:958,114.573,-0.007,-0.019,-0.011,101.577,-33.876,-176.273
13:35:11:959,114.573,-0.017,-0.023,-0.023,101.655,-34.573,-177.031
13:35:11:96,114.574,0.001,-0.024,-0.026,101.712,-35.514,-178.026
13:35:11:96,114.575,0.009,0.011,0.017,102.238,-50.032,166.115
13:35:12:039,114.654,-0.01,0.016,-0.015,102.217,-49.517,166.684
13:35:12:04,114.655,-0.002,0.003,-0.002,102.207,-48,168.277
13:35:12:04,114.655,0.005,0.002,-0.005,102.211,-47.262,169.076
13:35:12:04,114.655,0.006,-0.014,0.004,102.182,-46.885,169.554
13:35:12:238,114.853,0.008,-0.016,-0.019,102.166,-46.99,169.5
13:35:12:475,115.09,0.008,-0.017,-0.011,102.147,-47.325,169.241
13:35:12:686,115.301,0.004,-0.002,-0.025,102.131,-47.332,169.316
13:35:12:765,115.38,0.014,-0.005,-0.001,102.407,-43.216,173.456
13:35:12:921,115.536,0.011,-0.027,-0.016,102.448,-42.818,173.844
13:35:13:219,115.834,-0.008,-0.022,-0.015,102.47,-42.19,174.452
13:35:13:22,115.834,0.001,-0.026,-0.002,102.471,-42.307,174.34
13:35:13:221,115.835,0.019,0.002,-0.011,102.507,-42.016,174.627
13:35:13:221,115.836,-0.012,-0.01,-0.007,102.49,-40.959,175.658
13:35:13:291,115.906,-0.003,-0.013,-0.006,102.492,-39.984,176.606
13:35:13:578,116.192,0.023,-0.011,0.011,102.509,-39.912,176.675
13:35:13:891,116.506,0.022,-0.007,0.019,102.514,-39.853,176.816
13:35:14:025,116.639,0.002,-0.003,-0.002,101.971,-39.996,177.125
13:35:14:184,116.799,-0.01,0.008,-0.005,101.911,-39.783,177.376
13:35:14:185,116.799,0.019,-0.004,-0.024,102.01,-38.431,178.695
13:35:14:344,116.959,0.015,0.002,-0.001,102.075,-38.285,178.816
13:35:14:344,116.959,0.01,-0.011,-0.021,102.129,-38.219,178.843
13:35:14:549,117.164,0.008,-0.023,0,102.21,-38.241,178.736
13:35:14:706,117.321,0.016,-0.018,-0.008,102.291,-38.462,178.451
13:35:15:522,118.137,0.002,-0.014,-0.005,102.327,-38.543,178.341
13:35:15:966,118.581,-0.016,-0.028,-0.017,102.35,-38.204,178.633
13:35:16:203,118.817,-0.004,-0.012,-0.004,102.346,-38.095,178.701
13:35:16:281,118.896,-0.003,-0.006,0.005,102.289,-38.23,178.453
13:35:16:36,118.975,0.025,0.009,0.02,101.988,-38.817,177.95
13:35:16:57,119.185,-0.003,0.002,0.028,101.836,-36.732,-179.759
13:35:16:65,119.265,0.009,-0.007,-0.01,101.959,-37.3,179.634
13:35:16:94,119.554,0.008,-0.004,-0.011,101.965,-37.9,178.877
13:35:16:94,119.555,-0.021,-0.014,-0.031,101.906,-36.364,-179.665
13:35:18:066,120.681,0,-0.003,-0.012,101.875,-36.53,-179.869
13:35:18:434,121.048,0.013,-0.002,0.001,101.855,-36.542,-179.903
13:35:18:513,121.128,-0.011,-0.008,-0.015,101.852,-36.361,-179.747
13:35:18:965,121.579,0.025,-0.013,-0.008,101.947,-36.723,179.909
13:35:18:965,121.58,0.031,-0.007,0.015,102.104,-31.194,-174.254
13:35:18:966,121.581,-0.015,-0.012,0.004,101.586,-34.484,-178.18
13:35:19:043,121.658,-0.019,0,0.007,101.384,-35.37,-178.809
13:35:19:043,121.658,-0.017,0,0.005,101.241,-35.077,-178.288
13:35:19:328,121.943,0.008,0.01,-0.081,101.277,-34.573,-177.778
13:35:19:861,122.475,0,-0.024,-0.007,101.782,-35.824,-179.008
13:35:19:862,122.476,0.004,-0.02,-0.015,101.868,-35.982,-179.198
13:35:19:862,122.477,0.009,-0.009,0.005,101.798,-34.899,-178.512
13:35:19:863,122.478,-0.01,0.018,-0.023,101.498,-34.967,-178.29
13:35:20:377,122.991,0.018,0.001,-0.013,100.604,-33.054,-176.106
13:35:20:455,123.07,0.012,-0.008,-0.006,101.148,-33.664,-176.925
13:35:20:828,123.442,0.008,0.013,-0.001,100.968,-30.695,-173.69
13:35:20:829,123.443,-0.004,-0.003,-0.04,101.076,-29.827,-172.836
13:35:20:829,123.444,0.015,-0.012,0.012,101.4,-30.882,-174.007
13:35:20:91,123.525,-0.008,-0.011,-0.023,101.231,-29.765,-173.011
13:35:20:91,123.525,-0.01,-0.009,-0.035,101.218,-29.786,-173.058
13:35:20:911,123.526,0.023,-0.03,-0.012,100.89,-33.538,-177.162
13:35:20:912,123.527,-0.017,-0.011,-0.015,100.824,-33.451,-177.062
13:35:22:774,125.388,0.002,-0.014,-0.013,101.487,-39.637,176.588
13:35:22:774,125.389,0.036,-0.072,0.058,101.435,-32.131,-175.193
13:35:22:775,125.39,0.083,-0.008,0.047,101.598,-34.327,-177.299
13:35:22:776,125.391,0.04,-0.028,-0.015,100.955,-36.292,-179.552
13:35:22:932,125.546,-0.021,-0.04,-0.049,100.703,-35.976,-179.376
13:35:22:932,125.547,0.007,-0.021,0.007,100.074,-36.18,-179.834
13:35:22:933,125.548,-0.022,0.005,0.001,99.728,-35.63,-179.46
13:35:22:934,125.548,-0.013,0.047,-0.002,99.381,-34.403,-178.389
13:35:23:211,125.826,-0.016,-0.032,-0.034,100.019,-35.417,-178.356
13:35:23:746,126.361,0.009,0.004,-0.012,100.243,-33.017,-176.205
13:35:23:746,126.361,-0.005,0.001,-0.022,100.299,-32.365,-175.554
13:35:23:746,126.361,0.012,-0.005,-0.013,100.374,-32.226,-175.438
13:35:23:747,126.362,0.008,-0.006,-0.011,100.415,-32.247,-175.452
13:35:24:716,127.331,0.024,-0.01,-0.003,101.12,-30.084,-172.46
13:35:24:717,127.331,0.003,-0.006,-0.021,101.131,-29.788,-172.173
13:35:24:718,127.332,-0.013,-0.053,0.108,100.835,-31.28,-174.265
13:35:24:719,127.333,0.053,-0.008,0.01,100.867,-32.78,-175.652
13:35:24:789,127.403,-0.025,-0.009,-0.062,100.808,-31.275,-173.769
13:35:24:79,127.404,-0.01,0.021,-0.052,100.805,-31.283,-173.657
13:35:25:232,127.847,0.018,-0.003,0.118,100.823,-31.775,-174.155
13:35:25:682,128.297,0.005,-0.007,-0.07,100.904,-30.966,-173.344
13:35:25:683,128.298,0.001,-0.049,-0.01,101.05,-29.875,-172.238
13:35:26:125,128.74,0.021,-0.006,-0.008,102.125,-33.423,-176.165
13:35:26:652,129.267,-0.001,-0.003,0,102.12,-33.72,-176.453
13:35:26:653,129.268,-0.023,-0.001,-0.009,102.126,-33.618,-176.354
13:35:26:965,129.58,-0.006,-0.013,-0.012,102.204,-33.665,-176.405
13:35:27:332,129.946,0.02,-0.02,-0.012,102.395,-33.975,-176.792
13:35:27:706,130.32,-0.009,-0.034,-0.027,102.337,-33.821,-176.675
13:35:27:706,130.321,-0.03,-0.026,-0.036,102.228,-33.137,-176.081
13:35:27:707,130.321,0.001,-0.02,-0.016,102.096,-33.24,-176.306
13:35:28:755,131.369,-0.032,0.017,-0.069,100.802,-30.897,-173.734
13:35:28:755,131.369,0.004,-0.012,-0.007,101.168,-33.233,-176.482
13:35:28:909,131.524,0.018,0,-0.006,101.165,-33.606,-176.845
13:35:29:038,131.653,-0.003,-0.013,-0.026,101.13,-33.41,-176.64
13:35:29:119,131.734,-0.011,-0.017,-0.031,101.07,-33.612,-176.873
13:35:29:366,131.981,0.004,-0.008,0.001,101.303,-33.306,-176.25
13:35:29:367,131.981,0.002,-0.008,0.004,101.341,-33.341,-176.298
13:35:29:367,131.981,-0.009,-0.016,-0.018,101.418,-33.467,-176.434
13:35:29:367,131.981,0.005,-0.006,-0.017,101.464,-33.979,-176.955
13:35:30:546,133.16,0.004,-0.004,-0.026,101.491,-34.924,-177.888
13:35:30:546,133.161,0.015,-0.004,-0.015,101.461,-35.427,-178.419
13:35:30:546,133.161,0.017,-0.011,-0.017,101.496,-34.183,-176.886
13:35:30:546,133.161,-0.038,-0.027,-0.053,100.837,-33.101,-175.815
13:35:30:693,133.307,-0.016,0.048,-0.054,100.66,-32.889,-175.554
13:35:30:99,133.605,-0.032,-0.015,-0.037,101.373,-33.928,-176.828
13:35:30:99,133.605,-0.021,-0.031,-0.029,101.194,-34.326,-177.159
13:35:30:991,133.606,0.008,-0.003,0.003,101.166,-34.902,-177.741
13:35:31:07,133.685,-0.001,0.003,0.008,101.304,-32.624,-175.382
13:35:31:07,133.685,0.008,-0.005,-0.019,101.739,-33.175,-175.927
13:35:31:071,133.685,-0.025,-0.011,-0.03,101.692,-32.71,-175.531
13:35:31:073,133.688,-0.012,-0.016,-0.023,101.719,-32.629,-175.618
13:35:31:148,133.762,0.017,-0.004,-0.001,100.921,-34.035,-177.399
13:35:31:149,133.763,0.011,0.01,0.175,100.668,-34.56,-177.591
13:35:31:149,133.764,0.061,0.022,0.011,100.757,-33.877,-176.88
13:35:31:515,134.129,0.009,-0.028,-0.019,101.667,-34.358,-177.38
13:35:31:515,134.129,0.012,-0.008,-0.006,101.654,-34.387,-177.428
13:35:31:516,134.13,-0.004,0.006,0.007,101.578,-34.194,-177.222
13:35:31:516,134.131,-0.022,-0.01,-0.013,101.544,-33.934,-176.943
13:35:31:664,134.279,0.001,-0.005,-0.018,101.519,-34.344,-177.343
13:35:32:04,134.654,0.021,-0.017,-0.002,100.552,-37.088,179.627
13:35:32:04,134.654,0.039,0.002,-0.014,100.461,-37.811,178.974
13:35:32:04,134.655,0.008,-0.009,-0.019,100.418,-36.405,-179.469
13:35:32:189,134.804,-0.015,0.021,-0.048,100.347,-33.759,-176.598
13:35:32:347,134.962,0.004,-0.037,-0.046,101.026,-31.827,-174.356
13:35:32:479,135.094,-0.02,-0.007,-0.019,100.988,-30.364,-173.253
13:35:33:009,135.624,0.002,-0.009,0.001,100.929,-30.902,-173.803
13:35:33:01,135.625,-0.004,-0.01,-0.005,100.917,-30.858,-173.759
13:35:33:011,135.625,-0.007,-0.022,-0.018,100.916,-30.714,-173.64
13:35:33:088,135.702,0.014,-0.014,-0.001,100.92,-30.685,-173.611
13:35:33:088,135.703,-0.003,-0.013,-0.005,100.916,-30.502,-173.428
13:35:33:089,135.704,0,-0.001,-0.004,100.883,-30.35,-173.256
13:35:33:457,136.072,-0.007,-0.002,-0.019,100.893,-30.574,-173.443
13:35:33:458,136.073,-0.002,0,-0.019,100.904,-31.132,-173.982
13:35:33:459,136.074,0.016,0.001,-0.022,100.927,-32.157,-174.992
13:35:33:535,136.15,0.009,-0.012,-0.018,100.984,-32.382,-175.251
13:35:33:536,136.151,-0.008,0.023,-0.036,100.729,-30.981,-174.035
13:35:33:536,136.151,0.056,0.051,-0.066,100.781,-29.986,-173.018
13:35:33:606,136.221,-0.009,0.001,-0.008,100.844,-29.201,-172.231
13:35:33:895,136.51,-0.007,-0.003,-0.038,100.951,-28.865,-171.861
13:35:34:866,137.481,0.025,0,-0.002,101.134,-30.257,-173.474
13:35:35:401,138.015,-0.018,-0.014,-0.02,101.118,-29.882,-173.146
13:35:35:402,138.016,0.014,-0.015,0.006,101.189,-30.252,-173.612
13:35:35:402,138.017,0.031,0.035,-0.003,100.879,-29.135,-171.988
13:35:35:403,138.018,0.002,-0.011,-0.005,101.236,-30.793,-173.614
13:35:35:549,138.164,-0.001,-0.004,-0.014,101.412,-29.549,-172.589
13:35:35:926,138.541,0.058,-0.054,0.204,99.043,-32.566,-176.185
13:35:35:927,138.541,0.049,0.006,-0.147,98.947,-30.643,-174.177
13:35:35:927,138.541,0.007,0.025,0.023,98.825,-29.995,-173.417
13:35:35:928,138.542,0.006,0.041,-0.019,99.017,-29.314,-172.558
13:35:35:995,138.609,-0.02,0.001,-0.008,99.256,-28.481,-171.736
13:35:36:372,138.987,0.036,0.014,-0.022,99.408,-28.639,-171.936
13:35:36:372,138.987,-0.016,-0.012,-0.017,100.32,-29.026,-172.468
13:35:36:372,138.987,-0.006,0.001,-0.008,100.269,-28.409,-171.866
13:35:36:373,138.987,0.003,-0.002,-0.015,100.255,-27.994,-171.458
13:35:36:449,139.064,0.024,0.009,0.014,100.258,-28.275,-171.732
13:35:36:45,139.065,0.014,0.004,0.011,100.302,-28.293,-171.719
13:35:36:451,139.065,-0.025,-0.006,-0.035,100.39,-27.677,-171.025
13:35:36:452,139.066,0.014,-0.007,-0.017,100.461,-27.847,-171.167
13:35:36:521,139.135,0.017,-0.005,-0.013,100.527,-28.929,-172.192
13:35:36:82,139.435,0.007,-0.008,-0.021,100.579,-26.619,-169.962
13:35:36:82,139.435,-0.013,-0.014,-0.02,100.607,-26.679,-170.041
13:35:36:82,139.435,0.019,-0.015,0,101.41,-32.695,-175.999
13:35:36:821,139.436,0.005,-0.087,-0.003,100.897,-33.747,-177.259
13:35:37:336,139.951,0.15,-0.018,-0.162,100.956,-35.292,-178.681
13:35:37:418,140.033,0.015,0.012,-0.001,100.877,-35.729,-179.022
13:35:37:419,140.034,-0.008,0.032,-0.066,100.727,-33.765,-176.784
13:35:37:42,140.034,-0.002,-0.028,-0.016,101.42,-33.323,-176.268
13:35:37:868,140.482,-0.004,-0.005,-0.022,101.281,-32.022,-175.309
13:35:37:868,140.483,0.011,-0.006,-0.002,101.242,-32.524,-175.858
13:35:37:869,140.484,0.002,-0.003,0.008,101.204,-32.677,-176.033
13:35:37:87,140.484,-0.016,-0.01,-0.012,101.17,-32.462,-175.843
13:35:37:943,140.558,0.017,-0.018,-0.018,101.272,-32.385,-175.631
13:35:37:944,140.559,-0.044,-0.001,-0.04,101.463,-27.62,-170.859
13:35:37:945,140.56,-0.033,-0.001,-0.051,101.593,-26.568,-169.786
13:35:38:314,140.929,0.044,-0.029,0.001,101.684,-27.236,-170.417
13:35:38:314,140.929,0.031,-0.022,-0.006,101.699,-27.262,-170.428
13:35:38:315,140.93,-0.021,-0.024,-0.039,101.631,-26.383,-169.555
13:35:38:316,140.931,-0.034,-0.019,-0.038,101.572,-26.274,-169.457
13:35:38:387,141.001,0.017,-0.005,0.015,101.546,-27.227,-170.438
13:35:38:387,141.002,0.011,0,-0.003,101.577,-27.533,-170.748
13:35:39:812,142.426,0.04,-0.003,0.014,101.595,-28.753,-172.03
13:35:39:812,142.426,0.004,0.006,0.013,101.156,-30.907,-174.458
13:35:39:812,142.427,-0.006,0,-0.001,101.147,-30.901,-174.478
13:35:39:813,142.427,0.022,-0.076,0.128,101.152,-31.359,-174.895
13:35:40:257,142.872,-0.004,0.007,-0.015,101.092,-32.17,-175.595
13:35:40:257,142.872,0.007,-0.029,-0.01,101.383,-29.67,-173.271
13:35:40:258,142.873,0.042,-0.033,0.04,101.332,-29.922,-173.545
13:35:40:26,142.874,0.022,-0.02,0.034,101.236,-29.869,-173.418
13:35:40:326,142.94,-0.026,-0.008,-0.02,101.171,-29.002,-172.412
13:35:41:228,143.843,0.004,-0.02,-0.006,101.33,-29.262,-172.367
13:35:41:229,143.844,-0.027,-0.022,-0.04,101.337,-28.869,-171.993
13:35:41:23,143.844,0.015,-0.02,-0.017,101.321,-28.693,-171.884
13:35:41:231,143.845,0.032,-0.007,-0.002,101.278,-28.792,-172.036
13:35:41:301,143.916,0.011,-0.011,-0.011,101.231,-28.399,-171.665
13:35:41:301,143.916,-0.023,-0.015,-0.039,101.162,-27.538,-170.857
13:35:41:745,144.359,0.027,0.004,0.003,101.086,-27.929,-171.361
13:35:42:278,144.893,0.059,0.058,0.023,100.712,-26.389,-169.506
13:35:42:279,144.893,-0.014,-0.005,-0.023,100.818,-25.521,-168.63
13:35:42:28,144.894,0.011,-0.011,-0.036,100.998,-25.306,-168.394
13:35:42:28,144.895,-0.022,-0.025,-0.032,101.085,-26.086,-169.2
13:35:43:109,145.723,-0.018,-0.014,-0.029,101.037,-26.283,-169.444
13:35:43:476,146.09,0.037,-0.004,-0.037,101.133,-27.427,-170.894
13:35:44:09,146.705,-0.038,-0.027,-0.039,101.174,-22.405,-165.886
13:35:44:091,146.706,-0.03,-0.035,-0.057,101.189,-20.284,-163.861
13:35:44:091,146.706,0.02,-0.029,-0.01,101.188,-21.231,-164.855
13:35:44:092,146.707,-0.015,-0.029,-0.028,100.994,-23.377,-167.228
13:35:44:29,146.905,0.008,-0.018,-0.012,100.939,-23.763,-167.617
13:35:44:448,147.063,0.003,-0.01,-0.015,100.854,-24.378,-168.209
13:35:44:527,147.141,-0.024,-0.005,-0.028,100.787,-24.738,-168.55
13:35:44:973,147.588,-0.012,0.027,-0.059,100.354,-24.626,-167.993
13:35:45:051,147.666,-0.005,0.021,0.053,100.105,-30.434,-173.62
13:35:45:261,147.876,-0.026,-0.017,-0.035,100.24,-30.098,-173.296
13:35:45:34,147.955,0.037,-0.016,-0.001,100.321,-31.041,-174.249
13:35:45:419,148.034,0.029,-0.035,-0.001,100.426,-32.399,-175.558
13:35:45:501,148.116,-0.014,-0.038,-0.028,100.468,-32.57,-175.697
13:35:46:031,148.646,-0.009,-0.041,-0.028,100.518,-33.109,-176.225
13:35:46:032,148.647,0.003,0,-0.016,101.181,-31.743,-174.822
13:35:46:033,148.648,0.001,-0.021,-0.031,101.251,-31.683,-174.714
13:35:46:034,148.649,0.033,0.012,-0.018,100.963,-31.89,-174.989
13:35:46:391,149.006,0.016,-0.016,-0.014,101.063,-31.767,-174.89
13:35:46:995,149.61,0.007,-0.018,-0.016,101.168,-31.323,-174.484
13:35:47:44,150.055,0.008,-0.028,-0.007,101.22,-31.467,-174.621
13:35:47:898,150.513,0.02,-0.001,-0.01,101.828,-37.593,179.251
13:35:47:898,150.513,0.072,-0.036,0.093,102.096,-37.241,179.667
13:35:47:899,150.513,0.014,-0.03,-0.014,102.157,-35.667,-179.014
13:35:47:899,150.513,0.012,-0.041,-0.006,101.812,-36.063,-179.496
13:35:47:975,150.59,-0.016,-0.021,-0.004,101.359,-36.079,-179.597
13:35:47:975,150.59,-0.009,0.007,0.017,101.032,-36.249,-179.825
13:35:47:976,150.59,-0.003,-0.026,-0.02,101.184,-33.834,-176.837
13:35:47:976,150.591,0.008,-0.014,0.002,101.757,-34.64,-177.66
13:35:48:254,150.869,-0.008,-0.027,-0.012,101.808,-34.207,-177.297
13:35:48:333,150.947,0.027,-0.013,-0.002,101.96,-33.003,-175.858
13:35:48:411,151.026,0.007,-0.011,-0.008,101.922,-33.021,-175.907
13:35:48:631,151.245,-0.022,0.019,-0.032,101.726,-32.397,-175.492
13:35:48:632,151.246,0.012,0.009,0.008,101.826,-32.693,-175.767
13:35:48:632,151.247,0.01,-0.016,-0.002,101.893,-33.49,-176.422
13:35:48:633,151.247,0.005,-0.016,-0.013,101.909,-33.657,-176.518
13:35:48:782,151.396,-0.007,0.008,-0.036,101.446,-36.221,-179.654
13:35:48:867,151.481,0.032,0.03,-0.03,101.454,-36.177,-179.579
13:35:48:867,151.482,0.021,0.009,-0.003,101.504,-35.413,-178.695
13:35:48:868,151.483,-0.033,-0.021,0.004,101.49,-34.147,-177.193
13:35:48:869,151.483,0.01,-0.032,0.002,100.874,-34.304,-178.093
13:35:49:234,151.848,0.007,-0.03,-0.016,100.847,-31.763,-174.887
13:35:49:235,151.849,-0.01,-0.004,-0.015,101.178,-31.129,-174.721
13:35:49:235,151.85,-0.002,-0.031,-0.015,101.916,-29.487,-172.402
13:35:49:236,151.851,0.017,-0.018,-0.001,101.936,-29.789,-172.704
13:35:49:312,151.927,0.021,-0.016,-0.001,101.931,-30.09,-172.989
13:35:49:313,151.928,0.004,-0.014,-0.017,101.906,-30.083,-172.978
13:35:49:314,151.929,0.013,-0.014,-0.014,101.865,-30.195,-173.062
13:35:49:315,151.93,-0.007,-0.001,-0.016,101.824,-30.388,-173.214
13:35:49:384,151.998,0.001,-0.007,-0.01,101.839,-30.68,-173.489
13:35:49:919,152.534,0.018,0.003,-0.001,101.864,-31.476,-174.27
13:35:49:919,152.534,-0.007,-0.006,-0.009,102.1,-39.36,177.441
13:35:49:92,152.534,-0.052,-0.009,-0.023,101.923,-37.424,179.177
13:35:50:284,152.899,-0.035,0.015,-0.04,101.835,-34.113,-177.089
13:35:50:285,152.9,0.029,-0.001,0.02,101.946,-34.936,-177.961
13:35:50:286,152.901,0.008,-0.004,0.007,102.031,-35.105,-178.149
13:35:50:287,152.901,0.004,-0.031,-0.006,102.146,-34.861,-177.915
13:35:50:575,153.19,0.019,-0.007,-0.01,102.351,-35.931,-178.801
13:35:50:575,153.19,-0.011,-0.006,-0.01,102.33,-35.642,-178.518
13:35:50:575,153.19,-0.015,-0.017,-0.021,102.325,-35.157,-178.064
13:35:50:576,153.19,0,-0.001,-0.015,102.34,-35.03,-177.972
13:35:50:652,153.267,0.017,-0.003,-0.001,102.346,-35.217,-178.2
13:35:50:653,153.268,0.015,-0.002,0.044,101.981,-35.146,-177.969
13:35:50:653,153.268,0.012,0.017,-0.058,101.932,-34.443,-177.057
13:35:50:654,153.269,-0.031,0.003,-0.04,101.917,-33.612,-176.154
13:35:50:809,153.424,0.02,0.007,-0.024,101.975,-33.131,-175.604
13:35:50:809,153.424,0.039,0.006,0,102.038,-33.503,-175.945
13:35:50:81,153.425,0.01,-0.007,-0.003,102.152,-33.375,-175.777
13:35:50:811,153.426,0.002,-0.021,-0.023,102.243,-33.203,-175.602
13:35:50:934,153.548,0.003,-0.028,-0.006,102.286,-33.453,-175.847
13:35:51:099,153.713,0.004,-0.02,-0.018,102.367,-33.767,-176.245
13:35:51:099,153.714,-0.003,-0.016,-0.021,102.064,-33.462,-176.724
13:35:51:1,153.715,-0.016,-0.01,-0.027,101.954,-32.786,-175.943
13:35:51:101,153.715,-0.004,0.005,-0.033,101.914,-32.153,-175.228
13:35:51:913,154.528,0.026,0.003,-0.001,101.943,-32.069,-175.118
13:35:51:913,154.528,0.003,-0.006,-0.022,102.46,-32.696,-175.33
13:35:51:913,154.528,0.017,0,-0.01,102.484,-32.636,-175.306
13:35:51:914,154.529,-0.004,-0.005,-0.015,102.475,-32.55,-175.266
13:35:52:351,154.965,0,-0.001,0,102.465,-32.608,-175.365
13:35:52:438,155.052,-0.02,-0.015,-0.027,102.502,-32.102,-174.976
13:35:52:438,155.053,0.002,-0.011,-0.006,102.476,-32.352,-175.233
13:35:52:438,155.053,0.027,0.007,0.016,102.466,-32.92,-175.8
13:35:52:439,155.053,0,-0.015,-0.008,102.462,-32.403,-175.249
13:35:52:515,155.13,-0.031,-0.066,0.059,102.435,-32.309,-175.104
13:35:52:516,155.131,0.014,-0.003,-0.006,102.349,-33.138,-175.919
13:35:52:517,155.132,0.008,0.01,-0.025,102.282,-32.917,-175.588
13:35:52:518,155.133,-0.034,-0.02,-0.046,102.226,-32.093,-174.697
13:35:52:594,155.209,0.052,0.015,-0.04,102.268,-32.211,-174.846
13:35:52:595,155.209,-0.028,-0.012,-0.01,102.351,-31.778,-174.446
13:35:52:595,155.21,0.011,-0.023,-0.003,102.411,-32.029,-174.717
13:35:52:596,155.211,0.014,-0.019,-0.005,102.464,-32.276,-174.951
13:35:52:882,155.497,0.006,-0.01,-0.019,102.379,-30.697,-173.523
13:35:52:883,155.498,0.005,0.01,0.01,102.313,-30.463,-173.327
13:35:52:883,155.498,-0.026,-0.01,-0.017,102.291,-30.239,-173.109
13:35:52:884,155.499,-0.011,-0.012,-0.023,102.29,-30.109,-173.005
13:35:53:039,155.654,0.026,0.001,0.002,102.272,-30.678,-173.589
13:35:53:04,155.655,0.022,-0.001,0.009,100.86,-28.261,-171.571
13:35:53:041,155.656,0.016,0.007,0.006,100.812,-28.284,-171.6
13:35:53:042,155.657,0,-0.002,-0.002,100.802,-27.862,-171.184
13:35:53:399,156.014,-0.003,-0.001,-0.009,100.82,-27.596,-170.906
13:35:54:974,157.589,0.015,-0.022,-0.031,101.563,-27.558,-170.285
13:35:55:265,157.879,0.027,-0.01,-0.015,101.585,-27.73,-170.438
13:35:55:945,158.559,0.006,-0.015,-0.014,101.56,-27.914,-170.621
13:35:56:235,158.849,-0.023,-0.012,-0.02,101.528,-27.48,-170.193
13:35:56:768,159.383,-0.016,-0.006,-0.016,101.526,-27.416,-170.16
13:35:56:768,159.383,0.006,-0.004,0.002,101.56,-27.55,-170.345
13:35:56:769,159.384,0.007,-0.019,-0.012,101.602,-27.374,-170.193
13:35:56:77,159.385,0.004,-0.013,-0.008,101.638,-26.911,-169.749
13:35:57:363,159.978,-0.022,-0.022,-0.026,101.615,-26.355,-169.199
13:35:57:732,160.346,-0.011,-0.017,-0.018,101.576,-26.43,-169.295
13:35:57:889,160.504,0.013,-0.009,-0.018,101.537,-26.894,-169.79
13:35:58:702,161.316,0.008,0.003,-0.011,101.539,-27.136,-170.038
13:35:58:861,161.476,0.004,-0.012,-0.017,101.574,-26.946,-169.858
13:35:59:312,161.927,-0.013,-0.008,0.001,101.463,-26.263,-169.439
13:35:59:313,161.928,0.009,-0.007,0.005,101.436,-26.516,-169.698
13:35:59:313,161.928,0,-0.002,0.001,101.418,-26.654,-169.821
13:35:59:678,162.293,-0.008,-0.018,-0.014,101.39,-26.614,-169.731
13:35:59:679,162.294,-0.007,-0.002,0.027,101.184,-27.285,-170.116
13:35:59:68,162.295,-0.001,0.015,-0.044,101.067,-26.905,-169.615
13:35:59:838,162.453,-0.039,0.031,0.012,100.964,-26.077,-168.661
13:35:59:839,162.453,0.046,0.029,-0.024,100.994,-26.001,-168.566
13:35:59:84,162.454,0.033,-0.021,0.002,101.25,-25.187,-168.044
13:35:59:841,162.455,-0.024,-0.022,-0.063,100.801,-25.045,-167.918
13:36:00:207,162.821,-0.019,0.021,0.015,99.668,-22.382,-165.651
13:36:00:207,162.822,-0.028,-0.021,-0.027,100.238,-26.721,-170.414
13:36:00:208,162.823,0.019,0.001,-0.009,100.203,-25.983,-169.456
13:36:00:209,162.823,0.003,-0.023,-0.009,100.346,-25.078,-169.346
13:36:00:287,162.902,-0.001,-0.007,-0.011,100.235,-25.428,-169.723
13:36:00:287,162.902,0.013,0,0.009,100.161,-25.418,-169.726
13:36:00:288,162.903,-0.009,-0.01,-0.01,100.082,-24.952,-169.236
13:36:00:288,162.903,-0.029,0.013,-0.018,100.184,-26.745,-171.115
13:36:00:355,162.97,-0.017,0.007,-0.014,100.344,-29.55,-173.026
13:36:00:723,163.338,0.011,0.009,0.026,100.408,-28.113,-171.839
13:36:00:81,163.425,0.011,-0.018,-0.018,100.823,-25.918,-169.54
13:36:00:811,163.426,0.005,-0.016,0.009,100.726,-27.235,-170.989
13:36:00:812,163.427,0.015,-0.021,0.005,100.45,-30.16,-173.763
13:36:00:812,163.427,-0.022,-0.025,-0.037,100.44,-29.517,-173.094
13:36:00:959,163.574,-0.018,-0.004,-0.026,100.498,-28.895,-172.486
13:36:01:179,163.794,0.006,-0.001,-0.006,100.469,-29.043,-172.482
13:36:01:179,163.794,-0.001,-0.01,-0.017,100.476,-28.83,-172.304
13:36:01:18,163.794,-0.03,-0.061,-0.04,100.525,-29.142,-172.641
13:36:01:18,163.795,-0.006,0.014,-0.024,100.372,-28.467,-171.852
13:36:01:258,163.873,0.011,0.052,-0.018,100.332,-26.41,-169.707
13:36:01:259,163.874,-0.021,0.022,-0.024,100.387,-24.554,-167.836
13:36:01:259,163.874,-0.018,0.01,-0.031,100.53,-23.627,-166.911
13:36:01:259,163.874,-0.011,-0.012,-0.018,100.841,-25.4,-168.585
13:36:01:624,164.238,-0.008,-0.006,-0.019,100.813,-25.118,-168.309
13:36:01:624,164.239,0.004,-0.013,-0.015,100.855,-25.497,-168.688
13:36:01:625,164.24,0.022,-0.001,-0.001,100.9,-25.85,-169.035
13:36:01:626,164.241,-0.007,-0.021,-0.034,100.973,-25.53,-168.696
13:36:01:705,164.32,-0.019,-0.023,-0.044,100.998,-25.331,-168.523
13:36:01:706,164.321,0.023,-0.007,0.001,100.981,-26.255,-169.51
13:36:01:706,164.321,0.011,-0.003,0.001,100.935,-26.576,-169.894
13:36:01:706,164.321,0.007,-0.021,0.055,100.908,-26.376,-169.857
13:36:01:781,164.395,0.024,-0.023,0.002,101.196,-24.018,-167.142
13:36:01:782,164.396,0.021,-0.019,-0.005,101.15,-24.028,-167.092
13:36:01:782,164.397,-0.026,-0.023,-0.037,101.073,-23.589,-166.596
13:36:01:783,164.398,-0.004,-0.004,-0.02,100.928,-23.55,-166.506
13:36:01:939,164.553,0.008,-0.002,-0.012,100.859,-23.786,-166.688
13:36:01:939,164.554,0.004,-0.004,0.001,100.636,-23.848,-166.877
13:36:01:94,164.555,-0.03,0.014,-0.024,100.641,-24.296,-167.316
13:36:01:941,164.555,-0.035,-0.001,-0.031,100.371,-23.134,-165.939
13:36:02:14,164.755,-0.06,0.009,0.044,100.262,-23.024,-165.786
13:36:02:302,164.917,0.029,0.025,0.018,100.278,-23.952,-166.796
13:36:02:302,164.917,-0.026,0.021,-0.019,100.358,-23.205,-166.082
13:36:02:467,165.081,0.019,-0.018,-0.025,100.545,-22.995,-165.964
13:36:02:467,165.082,0.046,-0.029,0,100.671,-23.384,-166.398
13:36:02:468,165.082,0.028,-0.028,-0.003,100.693,-23.637,-166.66
13:36:02:468,165.082,-0.005,-0.006,-0.023,100.83,-23.134,-166.169
13:36:02:752,165.367,0.004,-0.007,-0.015,100.87,-23.464,-166.498
13:36:02:753,165.367,0.014,0.002,0.008,100.895,-23.895,-166.929
13:36:02:754,165.368,-0.016,-0.018,-0.017,100.954,-24.017,-167.049
13:36:02:754,165.369,0,-0.004,-0.006,100.997,-24.319,-167.345
13:36:02:911,165.526,0.012,0.007,0.035,101.073,-25.124,-168.134
13:36:02:912,165.526,-0.039,0,-0.025,101.268,-25.147,-168.127
13:36:02:913,165.527,-0.013,0,-0.026,101.483,-25.737,-168.721
13:36:02:913,165.528,0,0.003,-0.028,101.872,-27.325,-170.322
13:36:03:2,165.815,0.021,-0.044,-0.014,102.135,-28.453,-171.489
13:36:03:201,165.816,0.037,-0.035,-0.031,102.421,-29.642,-172.81
13:36:03:202,165.816,0.039,-0.02,-0.024,102.549,-30.201,-173.581
13:36:03:202,165.817,-0.004,-0.012,-0.047,102.656,-29.949,-173.475
13:36:03:272,165.887,0.03,-0.024,-0.018,102.777,-29.805,-173.569
13:36:03:273,165.887,0.059,-0.033,0.043,102.79,-29.975,-173.837
13:36:03:359,165.973,0.03,-0.037,0.028,102.794,-30.078,-173.909
13:36:03:359,165.973,-0.02,0.001,-0.034,101.988,-27.969,-170.824
13:36:03:359,165.974,0.01,0.008,-0.013,102.13,-27.86,-170.716
13:36:03:36,165.974,0.018,0.008,0.001,102.189,-27.958,-170.803
13:36:03:429,166.044,0.019,-0.022,-0.005,102.266,-28.852,-171.568
13:36:03:569,166.183,-0.012,-0.024,-0.043,102.284,-28.368,-171.055
13:36:03:569,166.183,0.024,-0.01,-0.024,102.289,-28.443,-171.162
13:36:03:569,166.183,0.036,0.002,0.001,102.273,-28.661,-171.427
13:36:03:569,166.184,-0.002,-0.026,-0.011,102.467,-28.874,-172.096
13:36:03:718,166.333,-0.009,-0.013,-0.018,102.433,-28.74,-171.939
13:36:03:719,166.333,-0.006,-0.001,-0.011,102.385,-28.602,-171.754
13:36:03:772,166.387,0.01,-0.004,-0.01,102.366,-28.556,-171.679
13:36:03:772,166.387,0.013,-0.001,-0.008,102.326,-28.655,-171.759
13:36:04:004,166.619,0.018,-0.046,-0.021,102.254,-28.316,-171.325
13:36:04:092,166.707,-0.007,0.029,-0.024,102.086,-28.262,-171.203
13:36:04:092,166.707,-0.028,-0.002,-0.003,101.963,-27.893,-170.729
13:36:04:093,166.708,0.008,-0.012,0.003,102.243,-25.255,-168.094
13:36:04:094,166.709,0.01,-0.012,-0.01,102.276,-25.073,-167.989
13:36:04:171,166.786,-0.004,-0.012,-0.009,102.3,-25.061,-168.084
13:36:04:171,166.786,0.022,-0.01,0.009,102.303,-25.144,-168.229
13:36:04:172,166.786,0.002,-0.009,-0.01,102.283,-24.886,-168.038
13:36:04:173,166.787,-0.02,-0.015,-0.021,102.233,-24.823,-168.028
13:36:04:373,166.987,-0.006,-0.015,-0.012,102.198,-25.216,-168.478
13:36:04:537,167.152,-0.011,-0.019,-0.032,102.207,-25.083,-168.376
13:36:04:538,167.153,0.02,-0.023,-0.018,102.158,-25.507,-168.853
13:36:04:539,167.154,0.01,-0.032,-0.031,102.033,-25.88,-169.292
13:36:04:54,167.154,0.034,-0.004,0.034,101.322,-25.905,-169.745
13:36:04:69,167.304,-0.025,0.004,0.026,100.605,-24.667,-168.76
13:36:04:69,167.305,0.017,0.017,0.03,100.533,-24.582,-168.665
13:36:04:984,167.599,0.031,0.02,0.008,100.573,-24.732,-168.708
13:36:04:985,167.6,0.024,-0.116,0.013,100.623,-24.467,-168.369
13:36:04:986,167.601,-0.016,0.036,-0.028,100.295,-22.803,-166.328
13:36:04:987,167.602,0.012,0.052,-0.08,100.3,-21.77,-165.119
13:36:05:064,167.679,-0.006,0.03,0.002,100.391,-21.55,-164.88
13:36:05:064,167.679,0.008,0.009,-0.011,100.617,-21.818,-165.119
13:36:05:066,167.68,0.015,0.01,-0.001,101.153,-23.17,-166.557
13:36:05:066,167.681,0.004,0.002,-0.012,101.075,-23.031,-166.455
13:36:05:133,167.748,-0.013,-0.004,-0.03,101.004,-23.307,-166.79
,,,,,,,
,,,,,,,
,,,,,,,
,,,,,,,
,,,,,,,
,,,,,,,
,,,,,,,
,,,,,,,
,,,,,,,
,,,,,,,
,,,,,,,
,,,,,,,
,,,,,,,
,,,,,,,
,,,,,,,
,,,,,,,
,,,,,,,
,,,,,,,
,,,,,,,
,,,,,,,
,,,,,,,
,,,,,,,
,,,,,,,
,,,,,,,
,,,,,,,
,,,,,,,
,,,,,,,
,,,,,,,
,,,,,,,
,,,,,,,
,,,,,,,
,,,,,,,
,,,,,,,
,,,,,,,
,,,,,,,
,,,,,,,
,,,,,,,
,,,,,,,
,,,,,,,
,,,,,,,
,,,,,,,
,,,,,,,
,,,,,,,
,,,,,,,
,,,,,,,
,,,,,,,
,,,,,,,
,,,,,,,
,,,,,,,
,,,,,,,
,,,,,,,
,,,,,,,
,,,,,,,
,,,,,,,
,,,,,,,
,,,,,,,
,,,,,,,
,,,,,,,
,,,,,,,
,,,,,,,
,,,,,,,
,,,,,,,
,,,,,,,
,,,,,,,
,,,,,,,
,,,,,,,
,,,,,,,
,,,,,,,
,,,,,,,
,,,,,,,
,,,,,,,
,,,,,,,
,,,,,,,
,,,,,,,
,,,,,,,
,,,,,,,
,,,,,,,
,,,,,,,
,,,,,,,
,,,,,,,
,,,,,,,
,,,,,,,
,,,,,,,
,,,,,,,
,,,,,,,
,,,,,,,
,,,,,,,
,,,,,,,
,,,,,,,
,,,,,,,
,,,,,,,
,,,,,,,
,,,,,,,
,,,,,,,
,,,,,,,
,,,,,,,
,,,,,,,
,,,,,,,
,,,,,,,
,,,,,,,
,,,,,,,
,,,,,,,
,,,,,,,
,,,,,,,
,,,,,,,
,,,,,,,
,,,,,,,
,,,,,,,
,,,,,,,
,,,,,,,
,,,,,,,
,,,,,,,
,,,,,,,
,,,,,,,
,,,,,,,
,,,,,,,
,,,,,,,
,,,,,,,
,,,,,,,
,,,,,,,
,,,,,,,
,,,,,,,
,,,,,,,
,,,,,,,
,,,,,,,
,,,,,,,
,,,,,,,
,,,,,,,
,,,,,,,
,,,,,,,
,,,,,,,
,,,,,,,
,,,,,,,
,,,,,,,
,,,,,,,
,,,,,,,
,,,,,,,
,,,,,,,
,,,,,,,
,,,,,,,
,,,,,,,
,,,,,,,
,,,,,,,
,,,,,,,
,,,,,,,
,,,,,,,
,,,,,,,
,,,,,,,
,,,,,,,
,,,,,,,
,,,,,,,
,,,,,,,
,,,,,,,
,,,,,,,
,,,,,,,
,,,,,,,
,,,,,,,
,,,,,,,
,,,,,,,
,,,,,,,
,,,,,,,
,,,,,,,
,,,,,,,
,,,,,,,
,,,,,,,
,,,,,,,
,,,,,,,
,,,,,,,
,,,,,,,
,,,,,,,
,,,,,,,
,,,,,,,
,,,,,,,
,,,,,,,
,,,,,,,
,,,,,,,
,,,,,,,
,,,,,,,
,,,,,,,
,,,,,,,
,,,,,,,
,,,,,,,
,,,,,,,
,,,,,,,
,,,,,,,
,,,,,,,
,,,,,,,
,,,,,,,
,,,,,,,
,,,,,,,
,,,,,,,
,,,,,,,
,,,,,,,
,,,,,,,
,,,,,,,
,,,,,,,
,,,,,,,
,,,,,,,
,,,,,,,
,,,,,,,
,,,,,,,
,,,,,,,
,,,,,,,
,,,,,,,
,,,,,,,
,,,,,,,
,,,,,,,
,,,,,,,
,,,,,,,
,,,,,,,
,,,,,,,
,,,,,,,
,,,,,,,
,,,,,,,
,,,,,,,
,,,,,,,
,,,,,,,
,,,,,,,
,,,,,,,
,,,,,,,
,,,,,,,
,,,,,,,
,,,,,,,
,,,,,,,
,,,,,,,
,,,,,,,
,,,,,,,
,,,,,,,
,,,,,,,
,,,,,,,
,,,,,,,
,,,,,,,
,,,,,,,
,,,,,,,
,,,,,,,
,,,,,,,
,,,,,,,
,,,,,,,
,,,,,,,
,,,,,,,
,,,,,,,
,,,,,,,
,,,,,,,
,,,,,,,
,,,,,,,
,,,,,,,
,,,,,,,
,,,,,,,
,,,,,,,
,,,,,,,
,,,,,,,
,,,,,,,
,,,,,,,
,,,,,,,
,,,,,,,
,,,,,,,
,,,,,,,
,,,,,,,
,,,,,,,
,,,,,,,
,,,,,,,
,,,,,,,
,,,,,,,
,,,,,,,
,,,,,,,
,,,,,,,
,,,,,,,
,,,,,,,
,,,,,,,
,,,,,,,
,,,,,,,
,,,,,,,
,,,,,,,
,,,,,,,
,,,,,,,
,,,,,,,
,,,,,,,
,,,,,,,
,,,,,,,
,,,,,,,
,,,,,,,
,,,,,,,
,,,,,,,
,,,,,,,
,,,,,,,
,,,,,,,
,,,,,,,
,,,,,,,
,,,,,,,
,,,,,,,
,,,,,,,
,,,,,,,
,,,,,,,
,,,,,,,
,,,,,,,
,,,,,,,
,,,,,,,
,,,,,,,
,,,,,,,
,,,,,,,
,,,,,,,
,,,,,,,
,,,,,,,
,,,,,,,
,,,,,,,
,,,,,,,
,,,,,,,
,,,,,,,
,,,,,,,
,,,,,,,
,,,,,,,
,,,,,,,
,,,,,,,
,,,,,,,
,,,,,,,
,,,,,,,
,,,,,,,
,,,,,,,
,,,,,,,
,,,,,,,
,,,,,,,
,,,,,,,
,,,,,,,
,,,,,,,
,,,,,,,
,,,,,,,
,,,,,,,
,,,,,,,
,,,,,,,
,,,,,,,
,,,,,,,
,,,,,,,
,,,,,,,
,,,,,,,
,,,,,,,
,,,,,,,
,,,,,,,
,,,,,,,
,,,,,,,
,,,,,,,
,,,,,,,
,,,,,,,
,,,,,,,
,,,,,,,
,,,,,,,
,,,,,,,
,,,,,,,
,,,,,,,
,,,,,,,
,,,,,,,
,,,,,,,
,,,,,,,
,,,,,,,
,,,,,,,
,,,,,,,
,,,,,,,
,,,,,,,
,,,,,,,
,,,,,,,
,,,,,,,
,,,,,,,
,,,,,,,
,,,,,,,
,,,,,,,
,,,,,,,
,,,,,,,
,,,,,,,
,,,,,,,
,,,,,,,
,,,,,,,
,,,,,,,
,,,,,,,
,,,,,,,
,,,,,,,
,,,,,,,
,,,,,,,
,,,,,,,
,,,,,,,
,,,,,,,
,,,,,,,
,,,,,,,
,,,,,,,
,,,,,,,
,,,,,,,
,,,,,,,
,,,,,,,
,,,,,,,
,,,,,,,
,,,,,,,
,,,,,,,
,,,,,,,
,,,,,,,
,,,,,,,
,,,,,,,
,,,,,,,
,,,,,,,
,,,,,,,
,,,,,,,
,,,,,,,
,,,,,,,
,,,,,,,
,,,,,,,
,,,,,,,
,,,,,,,
,,,,,,,
,,,,,,,
,,,,,,,
,,,,,,,
,,,,,,,
,,,,,,,
,,,,,,,
,,,,,,,
,,,,,,,
,,,,,,,
,,,,,,,
,,,,,,,
,,,,,,,
,,,,,,,
,,,,,,,
,,,,,,,
,,,,,,,
,,,,,,,
,,,,,,,
,,,,,,,
,,,,,,,
,,,,,,,
,,,,,,,
,,,,,,,
,,,,,,,
,,,,,,,
,,,,,,,
,,,,,,,
,,,,,,,
,,,,,,,
,,,,,,,
,,,,,,,
,,,,,,,
,,,,,,,
,,,,,,,
,,,,,,,
,,,,,,,
,,,,,,,
,,,,,,,
,,,,,,,
,,,,,,,
,,,,,,,
,,,,,,,
,,,,,,,
,,,,,,,
,,,,,,,
,,,,,,,
,,,,,,,
,,,,,,,
,,,,,,,
,,,,,,,
,,,,,,,
,,,,,,,
,,,,,,,
,,,,,,,
,,,,,,,
,,,,,,,
,,,,,,,
,,,,,,,
,,,,,,,
,,,,,,,
,,,,,,,
,,,,,,,
,,,,,,,
,,,,,,,
,,,,,,,
,,,,,,,
,,,,,,,
,,,,,,,
,,,,,,,
,,,,,,,
,,,,,,,
,,,,,,,
,,,,,,,
,,,,,,,
,,,,,,,
,,,,,,,
,,,,,,,
,,,,,,,
,,,,,,,
,,,,,,,
,,,,,,,
,,,,,,,
,,,,,,,
,,,,,,,
,,,,,,,
,,,,,,,
,,,,,,,
,,,,,,,
,,,,,,,
,,,,,,,
,,,,,,,
,,,,,,,
,,,,,,,
,,,,,,,
,,,,,,,
,,,,,,,
,,,,,,,
,,,,,,,
,,,,,,,
,,,,,,,
,,,,,,,
,,,,,,,
,,,,,,,
,,,,,,,
,,,,,,,
,,,,,,,
,,,,,,,
,,,,,,,
,,,,,,,
,,,,,,,
,,,,,,,
,,,,,,,
,,,,,,,
,,,,,,,
,,,,,,,
,,,,,,,
,,,,,,,
,,,,,,,
,,,,,,,
,,,,,,,
,,,,,,,
,,,,,,,
,,,,,,,
,,,,,,,
,,,,,,,
,,,,,,,
,,,,,,,
,,,,,,,
,,,,,,,
,,,,,,,
,,,,,,,
,,,,,,,
,,,,,,,
,,,,,,,
,,,,,,,
,,,,,,,
,,,,,,,
,,,,,,,
,,,,,,,
,,,,,,,
,,,,,,,
,,,,,,,
,,,,,,,
,,,,,,,
,,,,,,,
,,,,,,,
,,,,,,,
,,,,,,,
,,,,,,,
,,,,,,,
,,,,,,,
,,,,,,,
,,,,,,,
,,,,,,,
,,,,,,,
,,,,,,,
,,,,,,,
,,,,,,,
,,,,,,,
,,,,,,,
,,,,,,,
,,,,,,,
,,,,,,,
,,,,,,,
,,,,,,,
,,,,,,,
,,,,,,,
,,,,,,,
,,,,,,,
,,,,,,,
,,,,,,,
,,,,,,,
,,,,,,,
,,,,,,,
,,,,,,,
,,,,,,,
,,,,,,,
,,,,,,,
,,,,,,,
,,,,,,,
,,,,,,,
,,,,,,,
,,,,,,,
,,,,,,,
,,,,,,,
,,,,,,,
,,,,,,,
,,,,,,,
,,,,,,,
,,,,,,,
,,,,,,,
,,,,,,,
,,,,,,,
,,,,,,,
,,,,,,,
,,,,,,,
,,,,,,,
,,,,,,,
,,,,,,,
,,,,,,,
,,,,,,,
,,,,,,,
,,,,,,,
,,,,,,,
,,,,,,,
,,,,,,,
,,,,,,,
,,,,,,,
,,,,,,,
,,,,,,,
,,,,,,,
,,,,,,,
,,,,,,,
,,,,,,,
,,,,,,,
,,,,,,,
,,,,,,,
,,,,,,,
,,,,,,,
,,,,,,,
,,,,,,,
,,,,,,,
,,,,,,,
,,,,,,,
,,,,,,,
,,,,,,,
,,,,,,,
,,,,,,,
,,,,,,,
,,,,,,,
,,,,,,,
,,,,,,,
,,,,,,,
,,,,,,,
,,,,,,,
,,,,,,,
,,,,,,,
,,,,,,,
,,,,,,,
,,,,,,,
,,,,,,,
,,,,,,,
,,,,,,,
,,,,,,,
,,,,,,,
,,,,,,,
,,,,,,,
,,,,,,,
,,,,,,,
,,,,,,,
,,,,,,,
,,,,,,,
,,,,,,,
,,,,,,,
,,,,,,,
,,,,,,,
,,,,,,,
,,,,,,,
,,,,,,,
,,,,,,,
,,,,,,,
,,,,,,,
,,,,,,,
,,,,,,,
,,,,,,,
,,,,,,,
,,,,,,,
,,,,,,,
,,,,,,,
,,,,,,,
,,,,,,,
,,,,,,,
,,,,,,,
,,,,,,,
,,,,,,,
,,,,,,,
,,,,,,,
,,,,,,,
,,,,,,,
,,,,,,,
,,,,,,,
,,,,,,,
,,,,,,,
,,,,,,,
,,,,,,,
,,,,,,,
,,,,,,,
,,,,,,,
,,,,,,,
,,,,,,,
,,,,,,,
,,,,,,,
,,,,,,,
,,,,,,,
,,,,,,,
,,,,,,,
,,,,,,,
,,,,,,,
,,,,,,,
,,,,,,,
,,,,,,,
,,,,,,,
,,,,,,,
,,,,,,,
,,,,,,,
,,,,,,,
,,,,,,,
,,,,,,,
,,,,,,,
,,,,,,,
,,,,,,,
,,,,,,,
,,,,,,,
,,,,,,,
,,,,,,,
,,,,,,,
,,,,,,,
,,,,,,,
,,,,,,,
,,,,,,,
,,,,,,,
,,,,,,,
,,,,,,,
,,,,,,,
,,,,,,,
,,,,,,,
,,,,,,,
,,,,,,,
,,,,,,,
,,,,,,,
,,,,,,,
,,,,,,,
,,,,,,,
,,,,,,,
,,,,,,,
,,,,,,,
,,,,,,,
,,,,,,,
,,,,,,,
,,,,,,,
,,,,,,,
,,,,,,,
,,,,,,,
,,,,,,,
,,,,,,,
,,,,,,,
,,,,,,,
,,,,,,,
,,,,,,,
,,,,,,,
,,,,,,,
,,,,,,,
,,,,,,,
,,,,,,,
,,,,,,,
,,,,,,,
,,,,,,,
,,,,,,,
,,,,,,,
,,,,,,,
,,,,,,,
,,,,,,,
,,,,,,,
,,,,,,,
,,,,,,,
,,,,,,,
,,,,,,,
,,,,,,,
,,,,,,,
,,,,,,,
,,,,,,,
,,,,,,,
,,,,,,,
,,,,,,,
,,,,,,,
,,,,,,,
,,,,,,,
,,,,,,,
,,,,,,,
,,,,,,,
,,,,,,,
,,,,,,,
,,,,,,,
,,,,,,,
,,,,,,,
,,,,,,,
,,,,,,,
,,,,,,,
,,,,,,,
,,,,,,,
,,,,,,,
,,,,,,,
,,,,,,,
,,,,,,,
,,,,,,,
,,,,,,,
,,,,,,,
,,,,,,,
,,,,,,,
,,,,,,,
,,,,,,,
,,,,,,,
,,,,,,,
,,,,,,,
,,,,,,,
,,,,,,,
,,,,,,,
,,,,,,,
,,,,,,,
,,,,,,,
,,,,,,,
,,,,,,,
,,,,,,,
,,,,,,,
,,,,,,,
,,,,,,,
,,,,,,,
,,,,,,,
,,,,,,,
,,,,,,,
,,,,,,,
,,,,,,,
,,,,,,,
,,,,,,,
,,,,,,,
,,,,,,,
,,,,,,,
,,,,,,,
,,,,,,,
,,,,,,,
,,,,,,,
,,,,,,,
,,,,,,,
,,,,,,,
,,,,,,,
,,,,,,,
,,,,,,,
,,,,,,,
,,,,,,,
,,,,,,,
,,,,,,,
,,,,,,,
,,,,,,,
,,,,,,,
,,,,,,,
,,,,,,,
,,,,,,,
,,,,,,,
,,,,,,,
,,,,,,,
,,,,,,,
,,,,,,,
,,,,,,,
,,,,,,,
,,,,,,,
,,,,,,,
,,,,,,,
,,,,,,,
,,,,,,,
,,,,,,,
,,,,,,,
,,,,,,,
,,,,,,,
,,,,,,,
,,,,,,,
,,,,,,,
,,,,,,,
,,,,,,,
,,,,,,,
,,,,,,,
,,,,,,,
,,,,,,,
,,,,,,,
,,,,,,,
,,,,,,,
,,,,,,,
,,,,,,,
,,,,,,,
,,,,,,,
,,,,,,,
,,,,,,,
,,,,,,,
,,,,,,,
,,,,,,,
,,,,,,,
,,,,,,,
,,,,,,,
,,,,,,,
,,,,,,,
,,,,,,,
,,,,,,,
,,,,,,,
,,,,,,,
,,,,,,,
,,,,,,,
,,,,,,,
,,,,,,,
,,,,,,,
,,,,,,,
,,,,,,,
,,,,,,,
,,,,,,,
,,,,,,,
,,,,,,,
,,,,,,,
,,,,,,,
,,,,,,,