1521801379.71000,-0.81500,0.14400,0.16500,1.18800,171.78900,18.75300
1521801379.71000,-0.75300,0.24500,0.28200,2.38500,170.75100,22.42500
1521801379.71000,-0.96000,0.35100,-0.02500,4.53800,168.52200,28.61500
1521801379.71000,-1.88000,0.24700,0.82100,7.53300,166.11300,35.80100
1521801379.73500,-0.14400,-1.16800,-0.37400,24.96800,166.28300,44.17700
1521801379.73500,-0.28900,-1.01600,-0.06700,22.80700,167.36900,39.03000
1521801379.73500,-0.31000,1.07200,0.08700,2.23800,168.61200,-3.50200
1521801379.73600,1.83200,1.54100,0.11000,-2.26800,170.57500,-14.72600
1521801379.96300,2.19700,1.12200,-0.03000,-4.89200,173.03300,-22.57100
1521801380.15500,3.01600,-0.14800,0.03100,-7.46400,178.59600,-32.96600
1521801380.15500,3.85100,-1.08200,-0.62200,-5.50400,-175.54000,-35.75200
1521801380.15500,-0.51900,0.49600,-0.22800,-3.98100,-171.01800,-32.48300
1521801380.15600,1.16000,-0.01800,-0.45600,-3.21100,-169.11700,-29.65100
1521801380.23300,1.02800,0.32800,-0.18500,-3.99600,-168.44200,-23.09400
1521801380.23400,0.39900,0.21600,0.65100,-4.84700,-169.42700,-17.25200
1521801380.23500,0.50800,-0.07100,-0.24100,-4.76500,-168.18900,-14.90000
1521801380.23500,0.24900,0.02300,-0.12500,-4.58400,-167.61600,-12.92000
1521801380.30400,0.01300,-0.00300,-0.10000,-4.63800,-168.15100,-11.84200
1521801380.52100,-0.05900,0.04100,0.03800,-5.04000,-168.87900,-10.70500
1521801380.52200,-0.05300,0.01400,0.11100,-5.50500,-169.53300,-9.50200
1521801380.52300,-0.02700,0.03100,0.13900,-5.69800,-169.92300,-8.77200
1521801380.52400,-0.08500,0.00600,0.01700,-5.74500,-170.62800,-7.58200
1521801380.54800,-0.07000,0.04800,0.02800,-5.74600,-171.09700,-6.78900
1521801380.54800,-0.04900,0.04300,0.04400,-5.65900,-171.86100,-5.44800
1521801380.54900,-0.03800,0.07300,0.09100,-5.54200,-172.50300,-4.39200
1521801380.55000,-0.02800,0.09300,0.09500,-5.35600,-173.83600,-2.35800
1521801380.68000,-0.14300,0.14500,-0.04400,-5.01500,-175.49100,-0.13400
1521801380.68000,-0.30600,0.18900,-0.13500,-4.66800,-176.54400,1.49800
1521801380.68100,-0.34300,0.22400,-0.03400,-4.07100,-177.76100,4.35900
1521801380.68200,-0.30700,0.18100,-0.01900,-3.49600,-178.36700,6.69900
1521801380.70500,-1.37500,0.15500,0.61300,4.76900,175.90500,30.50700
1521801380.70600,-0.39600,-0.72100,0.19400,18.86100,172.70900,47.62200
1521801380.70600,-0.91200,-1.62000,0.00500,24.28300,171.25400,47.12500
1521801380.70700,-0.23400,-1.14000,-0.20100,26.04400,172.00800,45.25700
1521801380.72800,-0.50400,-0.92600,0.01200,23.09300,171.97500,36.55800
1521801380.75800,-0.59000,-0.65700,0.09900,17.41600,172.34800,28.60200
1521801380.75800,-0.62900,-0.24700,0.28300,11.51500,173.04400,18.70100
1521801380.75900,-0.62200,0.09400,0.22500,8.19200,173.14800,11.62900
1521801380.76000,2.16600,1.20000,-0.13800,-4.74500,177.52200,-17.59200
1521801380.78500,-1.71400,1.91700,0.79100,-5.04300,-163.97800,-32.07300
1521801380.78500,0.46900,0.81700,-0.39200,-4.26100,-160.38900,-27.24600
1521801380.78600,0.39900,0.25200,0.56900,-5.32000,-160.63500,-19.96000
1521801380.78700,0.72600,0.12800,0.19000,-5.72100,-160.51600,-16.67100
1521801380.83900,0.07800,-0.00200,0.08600,-5.59100,-159.38100,-13.73300
1521801380.83900,0.06400,0.01400,-0.07900,-5.49400,-159.66900,-12.51200
1521801380.83900,-0.11400,0.02500,-0.14700,-5.67600,-160.76000,-11.03600
1521801380.83900,-0.10100,0.01100,0.07200,-6.21600,-161.36600,-9.99600
1521801380.86300,0.01600,0.03800,0.17000,-6.50800,-161.58200,-9.33500
1521801380.86400,-0.03000,0.00600,0.11400,-6.72400,-161.93900,-8.45300
1521801380.86400,-0.06200,0.02500,0.01800,-6.78400,-162.65000,-7.34800
1521801380.86500,-0.07900,0.04700,0.09600,-6.79300,-163.21900,-6.58700
1521801380.94100,-0.02100,0.07100,0.10400,-6.71900,-164.10100,-5.24700
1521801380.94100,-0.07100,0.06600,0.16100,-6.66800,-164.99400,-3.98900
1521801380.94200,-0.01900,0.14700,-0.01100,-6.44000,-166.74500,-1.67200
1521801380.94300,-0.17600,0.18100,-0.09900,-6.14200,-168.06300,-0.01800
1521801380.98800,-0.35300,0.16300,-0.13000,-5.51200,-170.00200,2.76400
1521801380.98800,-0.40900,0.23500,-0.09000,-4.64000,-171.37800,6.21300
1521801381.04000,-0.45400,0.14700,-0.18600,-3.90400,-172.07700,8.86100
1521801381.04100,-0.57700,0.16200,0.04600,-2.54400,-173.09900,13.73400
1521801381.06400,-0.81200,0.20400,0.25300,-1.35900,-174.04700,17.61100
1521801381.12100,-1.18000,0.10900,0.17800,0.26300,-176.16000,24.02200
1521801381.12100,-1.34400,0.16700,0.62300,2.05600,-178.57800,31.05200
1521801381.23000,-1.78500,0.44000,1.38000,4.09600,-179.13800,36.67200
1521801381.23000,-2.15100,-0.05900,0.46200,7.89200,-177.75400,43.90700
1521801381.23100,-0.13200,-0.29500,0.01300,12.13500,-177.72600,46.93900
1521801381.23200,-0.93400,-1.20700,0.66400,15.89000,-176.47600,45.64200
1521801381.27700,-0.38900,-1.02100,0.24900,16.73300,-175.03600,43.82200
1521801381.27700,-0.15800,-1.00600,-0.10600,17.85900,-173.06500,39.11200
1521801381.30000,-0.32700,-1.03700,0.10200,16.94000,-173.06300,31.78400
1521801381.32600,-0.54300,-0.87900,0.23100,14.98700,-172.77700,25.94600
1521801381.44200,-0.42100,-0.36800,0.45000,11.31900,-171.73000,15.96500
1521801381.44200,-0.26200,0.19600,0.51300,8.62100,-171.29500,8.31700
1521801381.44200,-0.13500,0.71200,0.42300,4.97000,-170.87600,-4.20100
1521801381.44200,1.08700,1.66200,0.12800,0.78400,-167.99000,-16.51700
1521801381.48700,2.06000,1.49000,-0.17600,-1.33100,-163.79200,-24.30800
1521801381.48700,2.56400,-0.06900,-1.82400,-4.13100,-156.71500,-33.54800
1521801381.54000,3.55700,-0.93200,-1.95900,-4.05200,-151.28900,-36.71800
1521801381.54100,1.59500,-1.44200,-1.76400,-1.61300,-143.91600,-33.97000
1521801381.67600,-0.41900,0.29900,-0.55600,-0.30100,-139.07800,-29.25100
1521801381.67700,0.32100,0.82900,-0.79800,-0.97400,-137.52200,-24.54600
1521801381.67800,0.44500,0.29000,0.31800,-2.62100,-138.76400,-18.88200
1521801381.67900,0.97200,0.48100,-0.35800,-3.04500,-137.76400,-16.11900
1521801381.69600,0.21400,0.02900,-0.01300,-2.60200,-137.37700,-13.80000
1521801381.72100,-0.03300,-0.10600,-0.04700,-2.52600,-137.77400,-12.31900
1521801381.74900,-0.05200,0.08800,-0.11900,-2.90800,-137.86900,-10.79300
1521801381.74900,0.03400,0.04200,0.03500,-3.35700,-138.23000,-9.72200
1521801381.83300,-0.05500,0.05800,0.07300,-3.49300,-138.82800,-9.02100
1521801381.83400,-0.00900,0.04100,0.05100,-3.58700,-139.65700,-7.92300
1521801381.83500,-0.02800,0.04800,0.10800,-3.59600,-140.21600,-7.16300
1521801381.83600,-0.00100,0.00700,0.01500,-3.61700,-141.10300,-5.76800
1521801381.88200,-0.01600,0.04200,0.14400,-3.65900,-142.28100,-4.09300
1521801381.88200,0.00600,0.09200,0.03900,-3.53000,-142.99800,-2.89200
1521801381.90400,-0.18600,0.15100,-0.01600,-3.09500,-144.22900,-0.91700
1521801381.95900,-0.22200,0.11200,0.00400,-2.71100,-144.96900,0.50400
1521801381.96000,-0.26600,0.13100,0.13300,-2.06500,-145.77700,2.93300
1521801381.98300,-0.31000,0.23200,0.14200,-1.55900,-146.08000,4.84800
1521801382.09700,-0.43300,0.11800,0.06400,-0.39000,-146.49900,8.37400
1521801382.09700,-0.44300,0.14400,0.29700,1.02300,-146.37800,12.84000
1521801382.09800,-0.43200,0.18900,0.50300,2.09500,-146.52100,16.31600
1521801382.09900,-0.61300,0.12800,0.72600,3.95600,-147.36700,21.79400
1521801382.17200,-0.73600,0.35500,0.70800,5.12300,-148.10300,25.86200
1521801382.17200,-0.60100,0.08300,1.31600,7.59900,-148.70200,32.94800
1521801382.17300,-0.35900,0.18500,1.04900,11.54700,-147.51500,40.81100
1521801382.19200,-0.74500,-0.44200,1.53500,12.82500,-146.63400,45.20700
1521801382.21900,-0.34700,-0.37100,0.78300,18.59200,-146.23300,48.19800
1521801382.30300,-0.33200,-1.21900,0.49000,20.19800,-144.52100,46.12800
1521801382.30400,-0.16300,-0.89600,0.28000,21.10500,-141.50100,42.88200
1521801382.30400,-0.11100,-0.94700,0.19400,21.08600,-139.96800,39.31300
1521801382.40500,-0.27900,-0.92600,0.51100,18.82200,-138.84400,32.17800
1521801382.46400,-0.12100,-0.59400,0.57200,14.85800,-137.52200,23.47000
1521801382.46500,-0.02600,-0.30400,0.70700,11.97500,-136.56300,16.72300
1521801382.46600,0.03100,0.28900,0.75700,7.91800,-134.63300,5.84200
1521801382.48400,1.23700,1.66600,-0.48500,1.14400,-128.38400,-13.63200
1521801382.48500,1.82600,1.03200,-1.61600,-2.39000,-123.37700,-25.37900
1521801382.50700,1.22700,0.06300,-2.62200,-4.72900,-120.14600,-31.64800
1521801382.53300,1.12100,-1.40000,-3.06900,-5.27900,-113.77800,-36.51300
1521801382.64700,-0.58400,-0.60200,-0.36000,-4.24100,-108.91200,-35.50600
1521801382.64800,-0.52700,0.87600,1.16700,-2.69000,-103.02000,-31.00000
1521801382.64800,0.05000,0.59800,-1.02200,-3.01800,-99.39400,-25.12100
1521801382.66500,0.49100,0.34300,-0.75800,-5.28500,-99.30700,-17.08600
1521801382.69100,0.11400,-0.13800,0.11700,-5.06000,-98.48300,-15.48000
1521801382.71800,-0.06900,0.03500,-0.31900,-4.98000,-98.17100,-13.68000
1521801382.74400,-0.18800,-0.00900,-0.10000,-5.14200,-98.39500,-12.83900
1521801382.85800,0.02500,0.02700,0.00000,-5.84200,-98.46800,-11.89800
1521801382.85800,0.07000,0.03300,-0.02500,-6.36900,-98.95600,-11.11000
1521801382.85900,0.00800,0.03300,0.10000,-6.49900,-99.89700,-10.49200
1521801382.86000,-0.05700,0.01800,0.08700,-6.67700,-101.03700,-9.54400
1521801382.90300,0.04800,0.02100,0.06900,-6.79100,-101.46600,-8.84400
1521801382.93200,0.00100,0.02800,0.03500,-6.85100,-102.08700,-7.65400
1521801382.93200,-0.01100,0.02600,0.07000,-6.86300,-103.05900,-6.09600
1521801382.95300,-0.03100,0.06800,0.08400,-6.80500,-103.89900,-4.84500
1521801382.97900,-0.15700,0.10500,0.10900,-6.55100,-105.48700,-2.64800
1521801383.00600,-0.24700,0.15300,0.18000,-6.36000,-106.73400,-0.95800
1521801383.06000,-0.22000,0.13900,0.28100,-6.06100,-108.52500,1.96300
1521801383.14700,-0.22600,0.12400,0.34600,-5.78400,-109.60500,4.27200
1521801383.14700,-0.24200,0.20100,0.33200,-5.12200,-110.65200,8.41300
1521801383.14800,-0.21000,0.21000,0.48900,-4.06800,-111.62300,13.47600
1521801383.14900,-0.17100,0.26800,0.85900,-3.08800,-112.43800,17.44900
1521801383.19000,-0.51200,0.03600,1.11800,-1.55300,-114.17000,24.18000
1521801383.21900,-0.55900,0.28900,1.18300,-0.93900,-115.11300,28.92700
1521801383.22000,0.34500,0.56600,1.94400,1.16900,-116.16300,36.75900
1521801383.33000,0.41200,-0.06800,1.11500,3.33200,-115.28400,42.66400
1521801383.33100,0.55200,-0.41200,0.36300,7.24900,-114.09400,48.06200
1521801383.33200,0.14500,-1.22000,0.74200,12.35400,-112.76500,47.76600
1521801383.33200,0.00100,-1.12000,0.22400,14.25000,-110.99200,45.80000
1521801383.46200,-0.32400,-1.41400,0.14000,17.35100,-108.03700,40.82600
1521801383.46200,0.10400,-0.95400,0.33900,16.91200,-107.20800,36.70900
1521801383.46300,0.14400,-0.87700,0.51400,14.35700,-106.07500,28.85400
1521801383.46400,0.44400,-0.36900,0.54400,10.32800,-104.19800,19.73400
1521801383.47900,0.52400,-0.06000,0.57100,7.58500,-102.76200,12.76800
1521801383.50800,0.51400,0.48700,0.38800,3.73500,-100.14700,1.36200
1521801383.50800,0.55900,1.22700,-0.18300,0.85000,-98.12100,-6.35900
1521801383.53100,0.49600,1.45400,-1.62100,-3.41100,-94.63300,-18.14300
1521801383.58700,0.06000,0.74300,-2.72500,-6.53200,-92.27300,-25.67600
1521801383.58700,-0.12500,0.07300,-1.82600,-10.79400,-89.05700,-33.71900
1521801383.67000,-0.87100,-1.10400,-2.52300,-9.48200,-81.99300,-35.60000
1521801383.67000,0.08900,1.46900,1.61900,-7.68900,-78.26800,-32.57000
1521801383.67000,-1.08900,0.07000,-1.17600,-6.79000,-73.86600,-28.53200
1521801383.71600,0.10500,0.40400,-0.44400,-8.01200,-74.27300,-22.27300
1521801383.74400,0.50900,0.14100,-0.18900,-8.57400,-74.75500,-19.10900
1521801383.74400,-0.14100,-0.01800,-0.37400,-8.36400,-72.79700,-16.19800
1521801383.79400,-0.10400,-0.07100,-0.13500,-8.13000,-72.29900,-14.93500
1521801383.82400,-0.22400,-0.01100,-0.05200,-8.22900,-72.81500,-13.38100
1521801383.82400,-0.11300,0.02800,0.18600,-8.64400,-73.27300,-12.61900
1521801383.84600,0.20900,0.05300,0.10800,-9.22300,-73.99700,-11.51200
1521801383.87200,-0.03800,0.01200,-0.02200,-9.31000,-74.34500,-10.47500
1521801383.90100,-0.13600,0.02500,0.04400,-9.31400,-74.75000,-9.77900
1521801383.95400,0.02000,0.03000,0.06100,-9.34100,-75.58100,-8.77200
1521801383.95400,0.06500,0.02900,0.05600,-9.29800,-76.03000,-8.06800
1521801384.03900,-0.01600,0.07700,0.02500,-9.19200,-76.79900,-6.75500
1521801384.03900,-0.02400,0.06600,0.06500,-9.11300,-77.58400,-5.55400
1521801384.04000,-0.05900,0.02400,0.06500,-8.88200,-79.30000,-3.41700
1521801384.04100,-0.09800,0.08800,0.21700,-8.62000,-81.49900,-1.04300
1521801384.11400,-0.08600,0.12800,0.36700,-8.38400,-82.87100,0.71400
1521801384.11500,-0.08500,0.24400,0.43600,-7.85000,-84.39000,3.86100
1521801384.11600,-0.12500,0.19200,0.41800,-7.33700,-84.99600,6.44000
1521801384.19400,-0.02300,0.15200,0.48600,-6.46600,-85.18800,11.05300
1521801384.19400,0.24500,0.29100,0.63500,-5.25300,-85.95200,16.68700
1521801384.19500,0.21000,0.15700,0.98600,-4.11700,-86.78600,21.00200
1521801384.40700,-0.05400,0.21500,1.01900,-2.92900,-88.22500,27.91700
1521801384.40700,0.57100,0.19100,1.28200,-1.73700,-89.46700,32.79500
1521801384.40800,0.89500,0.63300,1.33600,1.29600,-90.59600,40.93100
1521801384.40900,1.48400,-0.81300,0.47600,5.53300,-89.85700,47.03000
1521801384.51400,0.44400,-0.46400,0.74600,10.79000,-90.22100,48.69000
1521801384.51400,0.30900,-1.22500,0.50700,14.75200,-89.08100,46.04400
1521801384.51400,-0.23400,-1.30600,0.24000,16.54200,-87.52000,43.61600
1521801384.51400,0.06100,-0.82400,0.19200,17.02100,-85.72300,38.07500
1521801384.56700,0.29700,-0.88200,0.42400,15.21700,-85.15600,33.38800
1521801384.56700,0.41900,-0.66000,0.43100,11.40900,-83.96500,24.91100
1521801384.56700,0.61200,0.03300,0.35600,6.97500,-82.13300,14.79600
1521801384.56700,0.54900,0.17400,0.35200,4.46800,-81.13700,7.36400
1521801384.60800,0.38900,1.07300,-0.04400,0.46000,-78.94500,-4.13500
1521801384.64300,0.03800,1.80200,-1.38600,-2.51200,-76.70500,-11.76900
1521801384.64400,-0.39100,1.18400,-2.08900,-6.26000,-72.44700,-23.34600
1521801384.64400,-1.53300,-0.46800,-2.08000,-9.93400,-67.29000,-32.74500
1521801384.64400,-1.73100,-1.47800,-2.75100,-10.35800,-62.47800,-36.11800
1521801384.66000,-1.48000,-1.72600,-1.28300,-8.23100,-55.05800,-35.09000
1521801384.71400,0.21400,0.69500,1.01300,-6.49400,-50.86300,-32.54600
1521801384.77000,-0.41200,0.62000,-0.21500,-6.23100,-47.32500,-28.03000
1521801384.77100,0.06300,0.30700,-0.27100,-7.09000,-47.67700,-23.86500
1521801384.77200,-0.37600,0.21400,-0.89400,-7.84500,-47.27900,-19.23200
1521801384.82000,-0.14100,-0.00300,-0.21500,-7.67300,-46.22100,-16.43600
1521801384.82100,-0.22700,-0.04800,-0.10200,-7.59700,-45.98300,-14.95500
1521801384.84500,-0.23600,0.05100,0.09500,-7.81300,-46.30200,-13.24000
1521801384.87000,-0.07900,0.00200,0.09000,-8.14700,-46.34300,-12.46300
1521801384.89600,-0.00300,0.05400,0.06200,-8.54200,-46.80400,-11.38300
1521801384.92300,0.02800,0.01200,0.03900,-8.62300,-47.16400,-10.41600
1521801384.95000,0.02300,0.00300,0.08800,-8.58900,-47.40400,-9.72600
1521801384.97500,-0.04700,0.01800,0.05200,-8.57600,-47.65700,-8.69500
1521801385.00100,-0.04300,0.03200,0.00800,-8.58300,-47.86700,-8.00900
1521801385.02700,0.04100,0.06200,0.02300,-8.55000,-48.76100,-6.86700
1521801385.08300,-0.01400,0.03500,0.06000,-8.44300,-50.15600,-5.35200
1521801385.08300,0.02600,0.08300,0.05700,-8.29700,-51.37900,-4.09900
1521801385.13400,0.00100,0.11900,0.38700,-7.73000,-54.77700,-0.08800
1521801385.23900,0.01300,0.18000,0.40900,-7.10500,-55.94600,2.87300
1521801385.27200,-0.03000,0.23700,0.42400,-6.60100,-56.39200,5.20900
1521801385.27300,0.07400,0.22400,0.40500,-5.63700,-56.76800,9.42900
1521801385.27300,0.42400,0.35700,0.50700,-4.36700,-57.55800,14.59800
1521801385.27500,0.58700,0.16500,0.82700,-3.02700,-58.26100,18.67000
1521801385.48300,0.51800,0.18500,0.85400,-1.65300,-59.22300,25.24200
1521801385.48300,1.35300,0.40800,0.53200,-0.81100,-59.75700,29.83500
1521801385.48400,1.35700,0.47100,0.72300,1.77200,-60.17200,37.34200
1521801385.48500,0.87600,-0.85100,0.29200,5.55600,-58.18300,44.01200
1521801385.53700,0.34100,-0.08700,0.32900,8.45100,-57.63300,46.30700
1521801385.53800,0.68000,-1.21300,0.35000,11.58200,-56.03800,45.49900
1521801385.53800,0.30100,-0.96800,0.20600,13.00600,-54.17500,43.59300
1521801385.53900,0.16700,-0.94600,0.03800,14.45100,-51.70800,38.63700
1521801385.55900,0.52400,-0.89000,0.18400,13.01200,-50.93300,31.67300
1521801385.55900,0.54600,-0.68800,0.07300,11.16400,-50.01800,26.03400
1521801385.56000,0.72900,-0.17700,-0.01900,7.58600,-48.71800,16.11700
1521801385.57900,0.70000,0.26600,-0.04400,5.25000,-48.06400,8.69800
1521801385.60500,0.36000,0.91400,-0.20800,1.39200,-46.53100,-2.54500
1521801385.63100,-0.65400,1.59100,-1.18300,-2.94700,-43.44000,-14.08800
1521801385.66000,-1.33600,1.14700,-1.49200,-6.16800,-40.74300,-21.46500
1521801385.68500,-2.20500,-0.25800,-0.73900,-10.68800,-35.65300,-31.04700
1521801385.71000,-2.12200,-0.08900,-1.43000,-11.66500,-30.88600,-34.92100
1521801385.76600,-1.85600,-1.33700,0.26500,-8.84200,-22.18500,-34.54400
1521801385.79100,-0.32900,0.36900,0.68300,-6.96200,-17.07400,-32.13600
1521801385.79200,-1.41100,0.36500,-0.06700,-6.46900,-12.03500,-27.51000
1521801385.81700,-0.04400,0.26700,-0.69100,-7.71400,-12.73000,-21.72000
1521801385.84300,-0.67000,0.05400,-0.09900,-8.01800,-11.53700,-19.33500
1521801385.86700,-0.27600,-0.01200,0.00500,-7.72600,-10.27500,-17.23000
1521801385.89400,-0.16900,-0.04900,0.15600,-7.65900,-10.47200,-16.00000
1521801385.97800,-0.08600,0.04500,0.10100,-8.03900,-10.94800,-14.55500
1521801385.97900,0.06700,0.01700,0.09700,-8.64400,-11.38500,-13.50400
1521801385.97900,0.03300,0.02000,-0.05600,-8.87000,-11.87900,-12.79500
1521801386.02800,0.03100,0.01800,0.08400,-8.92800,-12.38100,-11.73100
1521801386.02900,-0.03300,0.01800,0.06400,-9.01600,-12.72000,-11.00400
1521801386.05100,-0.02400,0.03100,0.02700,-9.09100,-13.30400,-9.86600
1521801386.07700,0.00600,0.07500,0.01100,-9.13900,-13.80800,-9.01300
1521801386.10400,0.01200,0.03800,0.05800,-9.20400,-15.26800,-7.36300
1521801386.13200,-0.00900,0.03100,0.10700,-9.15300,-17.13800,-5.31700
1521801386.15800,0.04300,0.08600,0.19100,-9.05400,-18.40900,-3.87300
1521801386.21100,0.08100,0.15200,0.21600,-8.73800,-20.00300,-1.61500
1521801386.21200,0.12800,0.17500,0.24700,-8.37200,-20.81800,0.07400
1521801386.23400,0.21900,0.19900,0.27500,-7.69600,-21.75900,3.05900
1521801386.31900,0.38900,0.26000,0.22000,-7.13100,-22.23900,5.47300
1521801386.32000,0.34600,0.20700,0.16500,-6.18800,-22.54500,9.94500
1521801386.32100,0.60200,0.25900,0.14900,-4.76000,-22.74600,15.34900
1521801386.34400,0.90300,0.21200,0.38900,-3.70100,-23.22100,19.31400
1521801386.34400,0.84700,0.23600,0.48500,-2.68700,-23.95200,25.73200
1521801386.36600,1.43500,0.55000,-0.19000,-1.65100,-24.50500,30.43700
1521801386.45100,1.10900,0.62500,-0.27500,0.77200,-24.36500,38.28600
1521801386.45100,0.49800,-0.30000,-0.88900,3.83800,-22.60800,45.08800
1521801386.45200,0.58400,-0.15500,0.11400,7.93200,-22.51900,46.69900
1521801386.50200,0.66400,-1.33400,0.00100,11.85200,-21.05800,44.16100
1521801386.50200,0.15600,-1.15900,0.16700,13.20700,-19.00900,42.14900
1521801386.55100,0.41100,-0.97700,-0.02200,14.00600,-16.68000,36.61400
1521801386.57700,0.42400,-0.72800,-0.27100,12.02100,-14.86300,29.31400
1521801386.60600,0.63600,-0.54500,-0.44700,9.91800,-13.49700,23.15600
1521801386.60600,0.51800,-0.13100,-0.53800,6.54900,-11.62700,12.66900
1521801386.65700,0.41400,0.44500,-0.53500,4.22900,-10.44400,5.48900
1521801386.65800,-0.11900,1.09300,-0.60100,-0.10000,-8.08900,-5.36400
1521801386.68300,-1.38700,1.60900,-0.48600,-5.21400,-5.64400,-16.31400
1521801386.70700,-2.44200,0.71000,-0.04100,-9.01900,-3.94300,-23.00800
1521801386.76200,-1.60200,0.51100,0.09000,-14.76000,-1.95000,-32.44400
1521801386.76300,-3.89900,-2.30100,0.45900,-15.60000,1.89100,-36.66500
1521801386.78700,0.04900,-1.54300,1.33400,-14.19400,7.05300,-36.61200
1521801386.81300,-0.79800,-0.20800,0.84300,-11.89000,11.06200,-34.09600
1521801386.83900,-1.11400,0.52300,0.51300,-10.57100,15.28700,-29.57500
1521801386.86500,-0.40300,0.38300,-0.22900,-11.39300,14.82400,-23.40200
1521801386.89100,-0.59300,-0.08600,0.15000,-11.14400,16.03200,-21.05100
1521801386.91700,-0.18400,-0.06600,0.24900,-10.79900,17.28500,-18.91100
1521801386.97200,-0.21500,-0.00600,0.27100,-10.85100,17.07000,-17.86600
1521801386.97300,0.04500,0.03000,0.22400,-11.41800,16.15200,-16.64400
1521801387.02600,0.02700,0.03600,-0.16200,-11.90900,15.63000,-15.92800
1521801387.02600,-0.04000,0.00900,-0.05100,-12.30500,15.33800,-14.83600
1521801387.04900,-0.00800,-0.00100,0.12800,-12.35600,14.96200,-13.64400
1521801387.13300,0.00400,0.02400,0.05000,-12.43200,14.48100,-12.77500
1521801387.13400,0.04300,0.03400,-0.01700,-12.46800,13.71600,-11.46300
1521801387.13500,0.05600,0.09400,0.01700,-12.45800,13.25000,-10.50900
1521801387.15300,-0.03500,0.04600,0.09300,-12.47800,12.34800,-8.56300
1521801387.18000,0.01500,0.08400,0.09800,-12.44400,11.04500,-6.24000
1521801387.20900,0.05300,0.12600,0.10700,-12.43300,9.86800,-4.54300
1521801387.26100,0.16200,0.10200,0.21700,-12.27400,7.81000,-1.69800
1521801387.26200,0.27700,0.16200,0.14800,-12.05900,6.56600,0.43800
1521801387.28600,0.29600,0.15200,0.18100,-11.53600,5.08300,4.12900
1521801387.31100,0.35200,0.18600,0.08500,-10.80800,3.89200,8.65900
1521801387.33700,0.53100,0.28200,-0.08500,-10.14500,3.10400,12.21700
1521801387.48000,0.92500,0.18600,-0.00400,-8.78900,1.39100,18.50200
1521801387.48000,1.02400,0.50700,0.03200,-8.02500,-0.26600,23.19000
1521801387.48100,1.32800,0.45600,-0.58100,-7.09200,-3.74300,30.69400
1521801387.48100,1.10100,0.80200,-0.59500,-5.11700,-6.29700,36.06300
1521801387.52600,0.93200,-1.00900,-0.70300,-0.61700,-7.44100,43.89600
1521801387.52700,1.13200,-0.52900,-0.49100,6.96400,-8.68800,47.31800
1521801387.55200,0.78000,-1.47600,-0.01900,9.56200,-8.94500,45.09400
1521801387.55200,0.35500,-1.20500,0.30700,11.49300,-8.69800,41.50100
1521801387.63200,0.23100,-0.86300,0.08100,10.96000,-9.09600,37.57200
1521801387.63300,0.50800,-0.87600,0.07100,8.10500,-9.77000,30.57000
1521801387.63400,0.44200,-0.46000,0.01400,4.25900,-10.39400,21.04200
1521801387.65300,0.53300,-0.24000,-0.01500,1.63100,-11.47000,13.52800
1521801387.68100,0.47900,0.59800,0.11000,-2.69000,-13.36800,1.88700
1521801387.70500,0.04600,1.20200,0.38900,-6.10100,-13.94900,-5.96800
1521801387.76200,-1.51900,1.59400,0.25700,-11.41600,-12.03000,-17.93400
1521801387.76200,-2.54100,0.69300,0.10500,-14.55800,-8.98900,-26.05800
1521801387.78300,-3.12500,-0.51800,0.05400,-16.42500,-2.55900,-34.73500
1521801387.81000,-3.04800,-1.43200,0.71000,-14.34600,4.54500,-34.95800
1521801387.86500,2.02700,1.36700,0.02900,-12.32300,8.51000,-32.59600
1521801387.86600,-0.69300,0.57200,0.54000,-11.06100,11.88500,-28.46200
1521801387.91800,-0.53900,0.26100,0.17400,-11.24900,11.36900,-24.28500
1521801387.91800,-0.53200,0.19200,-0.11900,-11.40400,11.84400,-19.77400
1521801387.94200,-0.32600,-0.01000,0.07500,-11.12200,13.26900,-17.12200
1521801387.99700,-0.12600,-0.02000,0.11600,-11.03000,13.32800,-15.84700
1521801387.99700,-0.01600,-0.01600,0.13600,-11.21800,12.70000,-14.26300
1521801388.04900,0.06400,0.06800,0.14700,-11.47400,12.48700,-13.48300
1521801388.04900,0.04300,0.00900,0.02800,-11.72000,12.15700,-12.32600
1521801388.07200,0.03500,0.00700,-0.03000,-11.77600,11.99100,-11.57800
1521801388.12900,0.00500,-0.03700,0.08000,-11.75200,11.43400,-10.25900
1521801388.12900,0.05200,0.04600,0.04300,-11.78800,10.85700,-8.92800
1521801388.15100,0.02500,0.05400,0.09900,-11.70900,10.35900,-7.97400
1521801388.17700,0.05800,0.05100,0.09100,-11.61800,9.24500,-6.38800
1521801388.20400,0.10600,0.06800,-0.06500,-11.57500,8.41000,-5.02500
1521801388.23000,0.00800,0.07600,0.08000,-11.23100,7.23800,-2.73400
1521801388.25600,0.21800,0.13900,0.18600,-10.69900,5.90500,-0.16900
1521801388.28200,0.27000,0.13600,0.29100,-10.23000,5.24200,1.74000
1521801388.31100,0.32100,0.21600,0.14600,-9.34800,4.57600,5.07800
1521801388.33600,0.32500,0.20900,0.09400,-8.63700,4.25900,7.71100
1521801388.39000,0.37200,0.16700,0.09000,-7.38000,3.74800,12.36300
1521801388.39100,0.74300,0.31400,-0.05700,-5.82100,3.20800,18.01900
1521801388.44600,0.99000,0.22600,-0.25300,-4.38500,2.18500,22.63600
1521801388.44700,0.95100,0.37000,-0.28100,-2.58500,0.10300,29.46200
1521801388.44700,1.27600,0.41200,-0.87400,-0.77300,-1.63000,34.30600
1521801388.63000,1.19000,0.32200,-0.49400,3.48900,-2.37600,41.80700
1521801388.63100,0.49200,-0.62400,-0.38200,7.03200,-2.56000,45.38200
1521801388.63200,0.83600,-0.35300,-0.53800,12.11400,-4.72100,47.06600
1521801388.68700,0.58600,-1.68600,0.34300,15.87400,-5.08700,44.65200
1521801388.68800,0.30600,-0.95000,0.29200,15.22700,-5.70100,42.29600
1521801388.68900,0.36700,-0.90300,0.06600,11.36000,-6.74300,36.92500
1521801388.68900,0.52600,-0.71200,0.15000,7.93600,-7.13700,31.97200
1521801388.70800,0.51700,-0.46500,0.08100,2.74400,-7.59600,22.16000
1521801388.70900,0.74400,0.03400,0.18900,-1.16300,-9.39600,11.54200
1521801388.70900,0.61700,0.34100,0.45500,-3.66900,-10.55300,4.15300
1521801388.72900,-0.18800,1.30800,0.53300,-8.02900,-10.91100,-7.25800
1521801388.75500,-0.92300,1.47700,0.38300,-11.08000,-9.92100,-14.82000
1521801388.81000,-2.58700,0.87600,0.16100,-15.22800,-6.23700,-25.31200
1521801388.81100,-2.79700,-0.16400,0.31500,-16.32600,-0.64700,-31.82900
1521801388.89200,-2.72700,-0.83400,0.39700,-14.63900,3.99600,-32.05300
1521801388.89200,1.76300,1.14300,-0.09500,-12.40700,8.88400,-28.57500
1521801388.89300,-0.78600,0.61000,0.16100,-11.55200,10.84900,-26.17800
1521801388.91300,-1.15400,0.38700,0.47100,-11.46600,12.05000,-21.36600
1521801388.96700,-0.24900,-0.11400,0.23900,-11.28000,12.32100,-18.73800
1521801388.99500,-0.37600,0.19200,0.28200,-11.52400,13.30600,-16.26900
1521801388.99600,-0.19300,0.11100,0.05800,-11.73900,12.99100,-14.63600
1521801389.04700,-0.03600,-0.02300,0.03600,-11.90700,12.55400,-13.67100
1521801389.04800,0.07600,0.00900,0.01700,-12.21300,12.13500,-12.43900
1521801389.07000,0.01200,0.02500,-0.05000,-12.38700,11.93700,-11.65300
1521801389.09600,-0.04300,0.01800,0.08800,-12.39300,11.56500,-10.36700
1521801389.12200,0.00700,-0.01700,0.17600,-12.35400,10.83200,-9.12200
1521801389.15000,0.01300,0.01600,0.06500,-12.49500,10.21000,-8.40100
1521801389.17500,0.05200,0.07700,0.02300,-12.67400,9.31200,-7.35800
1521801389.20100,0.07200,0.11300,0.05200,-12.66800,8.70300,-6.54300
1521801389.22800,0.07500,0.05900,0.05400,-12.51400,7.17400,-4.86100
1521801389.25400,0.08000,0.05500,0.11500,-12.32000,6.46000,-3.61900
1521801389.30700,0.12300,0.06600,0.13700,-11.89400,4.98100,-1.53400
1521801389.42100,0.19000,0.15200,0.14900,-11.20600,3.27400,1.00400
1521801389.42100,0.21000,0.21300,0.06400,-10.53900,2.48500,3.03100
1521801389.42200,0.56900,0.21800,0.19300,-9.15800,0.88100,6.68800
1521801389.42300,0.48800,0.19600,0.20500,-8.30000,0.37300,9.62800
1521801389.49800,0.60800,0.26100,0.05700,-6.99100,-0.34600,14.90400
1521801389.49900,1.05800,0.13800,0.00300,-5.25600,-1.56200,21.33900
1521801389.50000,0.97300,0.19200,0.23500,-4.49900,-2.21300,25.91300
1521801389.50100,1.29800,0.41000,-0.96500,-2.80900,-3.96100,33.12000
1521801389.51700,1.27300,0.12100,-0.54800,-1.17400,-3.80300,38.50600
1521801389.57300,1.46100,-0.28900,-0.27200,1.54900,-2.24000,45.51500
1521801389.57300,0.41700,-0.75100,-0.24300,5.61700,-1.28600,47.25900
1521801389.62600,1.29700,-1.18300,-0.38200,8.20300,-1.53200,45.49800
1521801389.62600,0.29900,-1.00700,0.15000,9.32200,-0.25700,41.67500
1521801389.67700,0.23900,-0.93100,0.10600,9.41000,-0.24400,37.58800
1521801389.67700,0.51300,-0.79700,0.00000,8.02000,-0.56400,29.65100
1521801389.72900,0.48600,-0.38000,-0.10300,6.69600,-0.70800,23.15400
1521801389.72900,0.58100,-0.06200,-0.10600,4.53200,-1.96500,12.08700
1521801389.78000,0.56800,0.42200,0.03800,1.65400,-2.87800,0.83800
1521801389.80600,0.09000,1.07100,0.01600,-0.64600,-1.83300,-6.76800
1521801389.86100,-1.47500,1.45900,-0.17400,-4.00100,2.88200,-17.72500
1521801389.96400,-2.89800,0.02800,0.32400,-5.66500,8.38800,-24.67900
1521801390.00000,-2.70300,-0.07500,0.65800,-5.89700,16.90800,-32.04000
1521801390.00100,-2.72400,-1.19400,0.90400,-4.16500,22.50000,-33.73100
1521801390.00100,-1.35000,-0.13200,0.61200,-2.74000,27.92300,-31.25100
1521801390.00200,-0.64600,-0.04800,0.84500,-2.12800,30.84000,-26.60200
1521801390.02200,-0.57700,0.67200,0.56500,-2.87700,31.19100,-22.57900
1521801390.02200,-0.98800,0.32500,0.42300,-3.88100,30.94500,-18.31600
1521801390.02200,-0.16600,-0.14900,0.13900,-4.04400,31.28300,-16.43700
1521801390.04200,0.05600,-0.14700,-0.05600,-4.44700,31.03700,-14.11400
1521801390.06700,-0.07700,0.02200,0.16600,-4.78100,30.59700,-12.38000
1521801390.09400,0.05500,0.06000,0.13000,-4.92500,30.09900,-11.37900
1521801390.12000,0.06000,0.03300,0.06400,-4.89500,29.39500,-9.98700
1521801390.17800,0.05500,0.08800,0.04100,-4.82300,29.02600,-9.09900
1521801390.17800,0.02500,0.01600,0.11000,-4.54600,28.47500,-7.53800
1521801390.22800,-0.01500,0.00300,0.06400,-4.21000,27.98400,-5.86500
1521801390.22900,-0.02500,-0.01400,0.06100,-3.97000,27.73700,-4.91500
1521801390.25100,0.07600,0.06300,0.08300,-3.56700,27.27800,-3.69300
1521801390.33500,0.08300,0.06400,0.04200,-3.24300,26.99200,-2.85800
1521801390.33700,0.13100,0.15800,0.03900,-1.73700,26.80700,-0.15200
1521801390.35600,0.25100,0.21700,0.07500,-1.17100,26.42200,1.09400
1521801390.38200,0.38300,0.19900,0.03500,-0.12200,26.13100,3.56900
1521801390.40900,0.32800,0.22000,-0.06500,0.63200,26.37000,5.61000
1521801390.46400,0.42300,0.20200,-0.14400,1.95100,27.55000,9.35700
1521801390.46500,0.68400,0.34600,-0.34900,3.12100,28.14000,12.32500
1521801390.54600,0.75400,0.27300,-0.76700,5.36300,28.30500,17.40600
1521801390.54600,0.73600,0.49000,-0.86200,7.65300,28.90400,23.70700
1521801390.59800,0.48100,0.21800,-1.53800,9.75800,30.49200,28.50500
1521801390.59900,0.34400,-0.56300,-0.91800,12.57400,34.88700,35.52300
1521801390.60000,-0.40400,0.67100,-1.32400,11.24300,37.15100,39.68600
1521801390.64900,0.28800,-0.95600,-0.86800,14.43000,39.37000,42.70900
1521801390.64900,0.27500,-1.13300,-0.44800,16.30900,42.46500,40.77700
1521801390.67100,0.16200,-0.93100,-0.28500,16.96800,44.57900,38.55000
1521801390.72600,-0.00300,-0.85200,-0.47800,15.25200,47.62900,33.32400
1521801390.72700,-0.11900,-0.70000,-0.52700,13.17400,49.59900,28.66900
1521801390.80400,-0.25200,-0.37300,-0.58800,9.77400,52.25700,20.29300
1521801390.86500,-0.23100,-0.06600,-0.59600,6.46100,54.50900,10.16600
1521801390.86500,-0.23600,0.21300,-0.54100,4.27800,56.20000,2.92100
1521801390.86600,-0.32300,0.84400,-0.18600,0.32500,59.18300,-7.91400
1521801390.86700,-0.93800,1.43700,0.85900,-2.57200,61.72800,-15.01800
1521801390.91400,-1.08000,0.90900,1.65900,-6.61200,65.89300,-25.67100
1521801390.91400,-0.62300,-0.26500,2.25400,-8.81200,68.77200,-32.54700
1521801390.91500,-0.87800,-1.68100,3.00100,-9.45200,74.20500,-39.15900
1521801390.96300,0.12900,-1.50000,2.44800,-7.97900,79.25700,-38.69700
1521801390.96300,0.10200,1.30100,-1.26100,-6.13800,82.51000,-35.45600
1521801391.01600,0.12900,0.38200,0.70300,-4.82700,86.51500,-30.58000
1521801391.01700,0.29300,0.07500,0.91200,-5.15000,87.18500,-26.54300
1521801391.06900,-0.41200,0.16800,0.65400,-5.74100,87.93500,-21.95800
1521801391.06900,-0.07800,-0.07300,0.19600,-5.63500,89.27600,-19.24400
1521801391.09100,0.06600,-0.04700,0.23000,-5.77800,89.17200,-18.04000
1521801391.20500,0.09700,0.00200,0.06600,-6.30400,88.38200,-16.67000
1521801391.20600,0.02100,0.02500,-0.04200,-6.79200,88.13300,-16.03300
1521801391.20600,0.04200,-0.00900,0.03400,-7.40000,87.87000,-15.03000
1521801391.20700,0.01300,0.00300,0.07700,-7.64800,87.81300,-14.44000
1521801391.36500,0.08600,0.01600,0.00400,-7.86000,87.47300,-13.50200
1521801391.36500,-0.00900,0.04300,0.01000,-8.09500,86.81000,-12.38100
1521801391.36500,-0.00100,0.05000,0.02600,-8.18100,86.31600,-11.54600
1521801391.36500,0.01700,0.06800,0.02000,-8.31500,85.31800,-9.96800
1521801391.43300,0.01700,0.08900,0.00800,-8.38800,84.45100,-8.61000
1521801391.46800,-0.00500,0.12200,0.01900,-8.35300,83.05600,-6.33500
1521801391.46900,0.22800,0.13900,-0.10800,-8.02400,81.66300,-3.83300
1521801391.46900,0.24800,0.17100,-0.14700,-7.72000,80.83800,-1.98600
1521801391.47000,0.12300,0.23000,-0.24200,-7.17000,80.01800,1.30800
1521801391.51200,0.21200,0.21100,-0.24900,-6.62300,79.61000,3.93700
1521801391.62000,0.18300,0.16600,-0.29600,-5.56200,80.05000,8.58700
1521801391.62100,-0.07600,0.32100,-0.69200,-4.17300,79.40800,14.04800
1521801391.67800,-0.02500,0.32800,-0.80300,-3.00100,78.54300,17.96500
1521801391.67800,0.29900,0.24500,-0.80200,-1.39300,76.52800,24.10700
1521801391.67900,-0.60200,0.32300,-1.24300,-0.08900,74.96000,28.61600
1521801391.68000,-0.31700,0.34400,-1.17200,3.15400,73.75700,35.94800
1521801391.73100,-0.89100,-0.69000,-0.73100,5.62800,74.26400,40.30800
1521801391.73100,-0.32600,-0.21200,-1.03100,10.30400,74.87700,43.71700
1521801391.73100,0.15400,-1.43600,-0.68100,13.50900,75.81600,41.12600
1521801391.73200,0.20500,-0.96100,-0.47700,14.13600,77.34400,39.06600
1521801391.80900,0.01400,-0.74500,-0.31500,13.40000,78.99200,33.58500
1521801391.80900,-0.04500,-0.81600,-0.59200,11.60000,79.85500,28.78500
1521801391.80900,-0.18100,-0.47600,-0.50300,8.39800,81.09300,19.76800
1521801391.96700,-0.20400,-0.11700,-0.49400,5.12300,81.86400,9.80500
1521801391.96800,-0.22300,0.30500,-0.43900,2.94200,82.47800,2.46800
1521801391.96800,-0.23700,1.07200,0.16100,-0.76200,84.44100,-9.09500
1521801391.96900,-0.24600,1.43700,1.60700,-3.41100,86.73300,-16.98400
1521801391.98800,-0.01600,1.37500,2.23800,-7.06500,91.29200,-29.20400
1521801391.98800,0.00300,-0.40700,3.37400,-8.55600,94.68300,-35.76700
1521801392.04000,0.79100,-1.56600,3.30500,-7.61100,100.89400,-40.40600
1521801392.17900,-0.20100,1.00700,-0.91600,-5.87200,105.98200,-37.16200
1521801392.17900,1.14300,-0.07300,1.00500,-4.59700,108.83800,-34.40500
1521801392.17900,0.42700,0.59700,0.74900,-5.14200,109.79900,-27.49700
1521801392.17900,-0.20500,-0.00600,1.03700,-5.89800,109.33900,-23.66800
1521801392.25600,0.16000,-0.05900,0.04200,-5.97600,111.09200,-19.84700
1521801392.25700,0.14100,-0.09600,0.12400,-5.96600,110.92500,-17.87600
1521801392.25800,0.16000,0.01600,0.12400,-6.27300,110.40100,-16.86200
1521801392.25900,0.07300,0.06600,-0.08100,-7.05700,109.85500,-15.59400
1521801392.30700,-0.16100,0.03700,0.10400,-7.53300,109.35400,-14.75400
1521801392.30800,-0.00800,0.00000,0.04100,-7.89300,108.53200,-13.45500
1521801392.30900,0.08300,0.02900,0.02700,-8.00100,108.06500,-12.59100
1521801392.32500,-0.04100,0.07400,0.00700,-8.24600,106.23000,-9.54800
1521801392.35100,-0.06300,0.05800,0.01700,-8.22600,105.40900,-8.16900
1521801392.43600,0.02800,0.14200,0.00700,-8.04100,104.05700,-5.90100
1521801392.43600,0.18000,0.18300,-0.12900,-7.82200,103.10700,-4.25500
1521801392.43700,0.13500,0.10500,-0.22900,-7.37800,101.68700,-1.52100
1521801392.51400,0.09000,0.21200,-0.29300,-6.97000,100.99600,0.54600
1521801392.51500,0.19000,0.16200,-0.35200,-6.14300,100.29000,4.21300
1521801392.51600,0.08900,0.18300,-0.37100,-5.08500,100.02700,8.74000
1521801392.53500,-0.13300,0.20300,-0.56300,-4.19700,99.79400,12.13300
1521801392.69400,-0.11600,0.22900,-0.60900,-2.72700,98.64400,17.57800
1521801392.74600,-0.02600,0.19900,-1.14000,-1.29900,96.37400,23.73300
1521801392.85900,-0.94000,0.32200,-0.96500,0.04400,95.22700,28.40000
1521801392.86000,-0.61600,0.50000,-0.89900,2.86400,94.75900,36.17800
1521801392.86100,-0.55800,-0.82600,-0.15400,4.76500,95.56400,41.58500
1521801392.86200,-0.61000,0.02200,-1.13700,9.68400,95.14900,44.79100
1521801392.88500,-0.16100,-1.21200,-0.56800,12.14300,96.00100,42.98900
1521801392.88600,-0.05800,-0.69500,-0.22000,14.20500,98.20100,40.19000
1521801392.88600,-0.08700,-0.95600,-0.29700,14.80000,99.27000,34.59300
1521801392.88700,-0.18700,-0.93600,-0.60200,13.61700,99.52900,29.48900
1521801392.96400,-0.29600,-0.54600,-0.35700,10.62400,100.41600,20.37600
1521801392.96500,-0.40500,-0.15400,-0.42900,8.39200,100.93800,13.21300
1521801392.96600,-0.33700,0.41900,-0.35400,5.21400,101.78500,1.61500
1521801392.96700,-0.19200,1.22700,-0.04900,1.68400,103.52800,-10.66300
1521801392.98900,0.09800,1.57400,1.48700,-0.44100,106.99500,-18.89600
1521801392.98900,1.36000,-0.70500,3.38500,-2.69200,115.28000,-30.11600
1521801392.98900,1.49800,-0.09700,2.70000,-3.00300,120.70000,-35.36800
1521801393.03600,2.07500,-1.84900,2.80300,-0.59000,129.28700,-37.66100
1521801393.03700,0.66800,0.22300,0.88800,0.23400,133.12200,-35.03600
1521801393.08700,1.61700,-0.13600,1.27000,0.88000,136.28200,-29.09000
1521801393.11800,-0.15400,-0.19100,1.19400,-0.76100,135.64900,-22.37500
1521801393.11900,0.64400,0.53100,1.06800,-1.88700,135.53300,-19.27300
1521801393.12000,0.30100,0.16300,0.20100,-2.09000,135.95300,-16.36300
1521801393.19900,0.14500,0.04600,0.02500,-2.40300,135.07600,-14.71500
1521801393.19900,0.17600,0.11900,0.01300,-3.02000,134.57500,-12.95600
1521801393.19900,-0.00200,0.07700,0.10800,-3.24100,134.16800,-11.39300
1521801393.27600,0.09100,0.06400,-0.02600,-3.25900,133.84000,-10.44000
1521801393.27600,0.04800,0.09500,0.02300,-3.23200,133.28000,-8.90500
1521801393.27700,0.01100,0.04000,0.04900,-3.20600,132.86000,-7.76300
1521801393.32400,0.00400,0.01600,0.11600,-3.01400,132.31200,-6.13100
1521801393.35100,-0.01200,0.04900,-0.02100,-2.90400,131.84800,-5.07500
1521801393.35200,0.06100,0.09300,-0.07700,-2.72600,131.03900,-3.38700
1521801393.40200,-0.02500,0.10200,-0.01900,-2.48200,130.39300,-1.46500
1521801393.43100,-0.02500,0.09500,-0.03800,-2.22500,129.97800,-0.03500
1521801393.43200,0.00100,0.18800,-0.23600,-1.60900,129.33400,2.41600
1521801393.48400,-0.09500,0.26500,-0.42000,-1.09500,128.97600,4.38300
1521801393.48400,-0.09300,0.17100,-0.41100,-0.19600,128.94100,8.14800
1521801393.53500,-0.34200,0.20900,-0.29800,0.83200,129.33700,12.57300
1521801393.56100,-0.48300,0.25700,-0.44900,1.84000,128.99200,15.76100
1521801393.56200,-0.64300,0.19600,-0.81500,3.92200,127.02100,21.08500
1521801393.61400,-1.27900,0.18100,-0.50200,5.05600,126.17600,25.67100
1521801393.61400,-1.34900,0.73600,-0.35500,7.54200,126.12700,33.23800
1521801393.66500,-1.03500,-0.65900,-0.11900,11.17000,129.38000,40.87100
1521801393.69400,-0.15200,-0.13200,0.01800,13.06500,130.14800,44.58200
1521801393.69500,-0.69200,-1.45000,-0.57000,17.26900,130.67800,43.59200
1521801393.74700,-0.42800,-0.82000,-0.05800,18.13200,132.73100,41.43500
1521801393.74700,-0.18800,-1.01900,-0.18100,19.11700,135.72500,37.04700
1521801393.82700,-0.39300,-1.00800,-0.17000,18.79200,136.52000,32.59400
1521801393.82800,-0.51300,-0.71300,-0.08500,16.33100,137.82500,24.35600
1521801393.82900,-0.66500,-0.36500,0.03900,12.78900,139.46600,14.38700
1521801393.84800,-0.68600,-0.08300,0.12400,10.45600,140.50400,7.27800
1521801393.90300,-0.52800,0.64400,0.13500,6.78700,143.13300,-3.70900
1521801393.90300,0.51900,1.76100,1.08300,4.32700,145.82800,-11.17000
1521801393.92600,1.40100,1.30900,1.63100,1.23300,151.74900,-22.23700
1521801393.98100,3.19400,-0.76000,0.46300,-0.97300,159.05900,-32.25700
1521801393.98200,2.59200,-0.39100,1.15300,-1.66000,162.95400,-36.54500
1521801394.06300,2.83600,-1.33900,0.39000,0.40400,169.81800,-36.57900
1521801394.06300,-1.94900,1.30800,0.07600,1.01700,172.02600,-33.34000
1521801394.11700,0.74900,0.77400,0.12800,0.65700,173.92300,-28.44200
1521801394.11700,0.45500,0.12700,0.61200,-0.44400,173.95600,-24.03900
1521801394.11700,0.61400,0.24400,0.18000,-1.60700,173.96100,-19.09200
1521801394.13700,0.31100,0.04500,0.06100,-1.62500,174.89100,-16.10100
1521801394.27700,0.24800,-0.02500,-0.17900,-1.71300,174.69400,-14.65800
1521801394.27800,0.07200,0.03400,-0.05100,-2.26000,174.63600,-13.13000
1521801394.27800,-0.02300,0.08500,0.06800,-2.77000,174.33900,-12.30400
1521801394.27900,-0.00700,0.04300,0.11200,-3.18600,173.24500,-11.06100
1521801394.35700,-0.02400,0.05300,0.05100,-3.42000,172.19600,-9.70700
1521801394.35800,0.01800,0.02600,0.04500,-3.66600,171.41600,-8.56800
1521801394.35800,0.01900,0.03500,0.06000,-3.85500,170.23100,-6.89000
1521801394.35800,-0.02600,0.11700,0.03200,-3.82000,169.46400,-5.77800
1521801394.37200,-0.03300,0.09600,-0.00600,-3.65000,168.22200,-3.89200
1521801394.43000,-0.08500,0.14800,-0.09800,-3.44300,167.46600,-2.46700
1521801394.43000,-0.05800,0.16500,-0.11500,-3.01400,166.56100,-0.01900
1521801394.48000,-0.23700,0.15500,-0.09200,-2.38600,165.78600,2.85700
1521801394.50500,-0.33500,0.17600,-0.05800,-1.87700,165.52400,5.12200
1521801394.64600,-0.38200,0.16100,-0.18300,-0.83700,165.36000,9.20700
1521801394.64600,-0.47800,0.17800,-0.18700,-0.00900,165.24300,12.35400
1521801394.64600,-0.65500,0.08800,0.00200,1.34600,164.63700,17.50100
1521801394.64700,-0.92900,0.20300,0.02600,2.80200,163.40600,23.57900
1521801394.72400,-1.14100,0.27900,-0.27600,3.95700,162.89900,28.42300
1521801394.72400,-1.93300,0.28400,0.50600,6.76600,161.47400,36.09500
1521801394.72500,-1.25200,0.40900,0.11900,9.46100,162.36400,41.20800
1521801394.72600,-0.51500,-0.62600,0.88500,14.24300,161.55100,46.54900
1521801394.87300,-1.19700,-1.27200,-0.04400,17.92000,161.38600,43.90700
1521801394.95900,-0.09100,-0.75400,-0.05900,18.47000,163.54100,42.18100
1521801394.96000,-0.55600,-1.41300,-0.48200,18.51500,165.13300,36.86500
1521801394.96100,-0.19800,-0.80900,-0.02700,16.61900,165.31400,32.39000
1521801394.96100,-0.71700,-0.65400,0.04400,12.62400,165.90700,23.34400
1521801394.98100,-0.50100,-0.42500,0.07800,9.89500,166.46200,16.14100
1521801394.98200,-0.60100,0.06500,0.09400,6.03600,166.56800,4.97200
1521801395.09100,-0.14200,1.29800,-0.04400,1.79900,167.78300,-6.90600
1521801395.09100,0.68800,1.42500,0.02300,-1.07900,169.78200,-14.76200
1521801395.09200,2.49100,1.50800,0.25900,-4.09200,175.98000,-26.83700
1521801395.09300,3.83800,-0.31700,0.31700,-4.34800,-179.17900,-33.32800
1521801395.11700,3.01400,-1.14200,-0.45400,-3.39000,-173.25400,-37.39400
1521801395.11800,-0.23000,0.97800,0.48300,-2.12200,-169.30300,-33.82600
1521801395.11900,-1.67500,0.64300,-0.13100,-1.94500,-168.83300,-30.92100
1521801395.11900,0.68000,0.50900,-0.14000,-2.90700,-168.58800,-23.93300
1521801395.18700,0.85100,0.07100,0.31800,-3.25100,-168.36500,-20.89900
1521801395.34500,0.32400,-0.16300,-0.31400,-3.23500,-166.48300,-17.99200
1521801395.40700,0.06400,-0.08300,-0.02500,-3.52700,-166.28800,-16.83000
1521801395.40700,0.11400,0.00200,-0.10700,-4.08900,-166.99500,-15.32100
1521801395.40800,-0.06900,0.09500,-0.02700,-4.84000,-168.28300,-14.19500
1521801395.40900,-0.02100,0.04400,0.28600,-5.17200,-168.92300,-13.44100
1521801396.74600,0.00600,0.03200,0.10500,-5.30500,-169.58600,-12.23400
1521801396.74600,0.03600,0.03600,-0.03200,-5.38200,-170.03000,-11.32900
1521801396.74600,0.03800,0.02500,0.04500,-5.59800,-170.96900,-9.78900
1521801396.74700,0.05000,0.04300,0.03000,-5.75500,-172.14700,-8.11400
1521801396.90300,0.04400,0.06200,0.06000,-5.84700,-173.23100,-6.86500
1521801396.90300,-0.08700,0.11900,-0.03700,-5.94100,-175.19100,-4.80000
1521801396.90400,-0.09500,0.13900,0.00700,-5.90100,-176.41100,-3.32200
1521801396.90400,-0.14500,0.13300,-0.02600,-5.64900,-178.03500,-0.90800
1521801397.03300,-0.25700,0.11400,-0.15200,-5.32200,-178.94000,0.89700
1521801397.03400,-0.31200,0.21900,-0.09900,-4.73100,-179.94400,4.02900
1521801397.03500,-0.43300,0.17800,-0.02000,-3.91200,179.42200,7.96000
1521801397.03600,-0.40100,0.12000,0.05300,-3.21200,179.11900,11.08500
1521801397.34900,-0.65700,0.17300,0.21900,-2.10900,178.43100,16.36200
1521801397.35000,-0.82400,0.23900,0.15400,-1.41500,177.49800,20.29500
1521801397.35000,-0.93100,0.12000,-0.19000,-0.24700,176.03900,27.31900
1521801397.35100,-1.44200,0.47200,0.77700,1.78900,173.71200,34.95100
1521801398.00500,-0.95300,0.56400,0.66800,4.43500,173.69000,40.33900
1521801398.00500,0.25700,-0.52200,0.47900,10.51800,173.22600,46.14500
1521801398.00600,-1.37600,-1.43600,0.14600,14.57300,171.42300,45.78200
1521801399.00200,-0.29300,-1.08800,-0.28800,17.43900,172.84200,37.90800
1521801399.00300,-0.43400,-0.91900,-0.06600,15.91700,172.22400,33.55000
1521801399.00400,-0.16100,-0.82100,-0.07700,18.96500,-179.71700,40.72800
1521801399.00500,-0.37600,-0.91900,0.07300,18.71900,-179.08200,34.51700
1521801399.50300,-0.51500,-0.96200,0.10400,17.03400,-179.26500,29.14100
1521801399.50400,-0.46300,-0.50600,0.22900,13.39600,-179.09700,19.62800
1521801399.50400,0.15300,1.21400,0.02500,2.30100,-177.82200,-10.52900
1521801399.50400,1.60200,1.62000,0.24400,-0.26800,-174.43100,-18.08600
1521801399.51900,2.58500,1.36700,-0.12600,-2.72100,-166.81400,-29.45100
1521801399.94900,2.87400,-0.37500,-1.02600,-2.83700,-159.48900,-36.76200
1521801399.94900,-1.24900,1.37800,1.01400,0.41800,-149.61200,-33.01200
1521801399.95000,1.18200,-0.04600,-1.15300,0.49300,-147.97600,-29.88900
1521801399.95000,0.36800,-0.01200,-0.00900,-0.46400,-147.98300,-23.45300
1521801399.97400,1.13800,0.27100,-0.17600,-1.38700,-147.24800,-18.65900
1521801399.97400,0.05700,0.02900,0.09700,-2.38200,-150.68400,-4.73500
1521801399.97500,-0.07300,0.14200,-0.06600,-2.19800,-151.15500,-3.52500
1521801399.97600,-0.13900,0.16100,-0.05000,-1.85100,-152.01700,-1.60700
1521801400.49800,-0.12800,0.14200,0.01200,-1.36400,-152.92600,0.65300
1521801400.49900,1.82500,0.00600,-1.93000,-0.85200,-127.29800,-32.98000
1521801400.50000,1.73600,-1.52900,-3.28500,0.54400,-119.63400,-35.68900
1521801400.50000,-0.58400,1.24300,1.63600,1.82700,-114.48600,-31.52800
1521801400.91900,-0.57100,0.37900,-0.42900,1.99500,-112.15100,-28.74700
1521801400.92000,1.12400,1.05600,-2.10500,-2.10300,-107.07800,-22.89000
1521801400.92000,0.56600,0.35500,-2.39600,-5.34500,-102.37400,-32.76400
1521801400.92100,0.34500,-1.55300,-3.66200,-4.79600,-97.84000,-35.62600
1521801401.05100,-0.57100,0.62100,0.14000,-3.24800,-92.02600,-32.58900
1521801401.05200,-0.07200,0.12400,0.34500,-4.53300,-92.28100,5.62000
1521801401.05200,-0.13000,0.18300,0.38200,-3.85800,-93.10200,8.86100
1521801401.05200,-0.28700,0.12500,0.46800,-2.96300,-93.48900,13.06000
1521801401.07700,-0.15700,0.14500,0.62600,-2.13900,-93.76600,16.38800
1521801401.07700,0.09900,0.30100,1.16600,0.24900,-96.21100,25.76600
1521801401.07800,0.25700,1.36300,0.17800,5.08200,-96.70700,-0.98700
1521801401.07900,0.28100,1.55600,-0.98100,0.72500,-92.89100,-12.43100
1521801401.23500,0.20700,1.13600,-2.65100,-2.45100,-85.74900,-23.85900
1521801401.23500,-0.43400,0.18600,-2.90300,-3.38500,-80.27000,-29.68000
1521801401.23600,-1.03100,-1.58300,-3.36800,-1.76100,-71.36300,-33.67200
1521801401.23600,-0.29600,0.46800,-0.40400,-1.03200,-67.08400,-32.02600
1521801401.31200,-0.97800,0.34900,0.24700,0.23700,-62.32500,-26.87800
1521801401.31300,-0.32600,-0.17500,-0.36900,-0.94300,-60.99000,-21.89600
1521801401.31400,0.01400,0.20200,0.34700,-0.97500,-69.14900,6.51500
1521801401.41200,0.03400,0.21400,0.46000,0.10300,-69.53800,9.66600
1521801401.41300,0.09900,0.22200,0.56600,0.99400,-69.54300,12.31100
1521801401.44300,0.87300,-0.20700,-0.14400,10.83500,-50.64000,17.05400
1521801401.44400,0.83600,0.39600,-0.27500,6.68100,-47.27100,6.04600
1521801401.44500,0.45800,1.24600,-0.68800,3.77800,-44.64000,-1.43300
1521801401.44500,-0.56200,1.41900,-1.38800,-0.54300,-39.97900,-12.75700
1521801401.62700,-1.55100,0.48600,-1.08400,-7.25100,-31.77200,-28.96700
1521801401.62800,-3.33200,-1.55100,-1.18900,-7.06000,-24.37900,-31.13500
1521801401.62800,0.00800,0.44200,0.64200,-5.61100,-18.04800,-26.56600
1521801401.62900,-1.65400,0.29800,0.36300,-5.63900,-14.86500,-22.32300
1521801401.73300,-0.09400,-0.11300,-0.36300,-6.76100,-15.45000,-15.68500
1521801401.73400,-0.07200,0.34100,-0.63300,-7.44300,-14.90800,-12.73100
1521801401.73400,-0.40200,0.00900,-0.12000,-7.21300,-14.11000,-9.87400
1521801401.73500,-0.24200,0.09700,0.26700,-7.28400,-14.87600,-7.94000
1521801401.89000,0.06500,0.04100,0.18300,-7.75900,-15.08900,-7.09700
1521801401.89000,0.05700,0.05200,-0.04900,-8.36400,-15.68900,-5.89800
1521801401.89100,0.10900,0.01600,0.00100,-8.54400,-16.40500,-5.03000
1521801401.91700,0.05500,0.06200,0.14300,-8.86500,-18.18400,-2.12100
1521801401.91700,0.11800,0.05600,0.14200,-8.88900,-18.99100,-0.85400
1521801401.91800,0.08500,0.10500,0.06600,-8.73200,-20.11100,1.28000
1521801401.91800,0.14300,0.06700,0.15600,-8.50000,-20.95100,2.85700
1521801401.98600,0.16400,0.10000,0.18500,-8.18100,-21.95900,5.35100
1521801402.04700,0.23100,0.10000,0.32000,-7.65800,-22.74700,8.15900
1521801402.04700,0.33700,0.13400,0.38900,-7.19900,-23.10300,10.34900
1521801402.04800,0.42400,0.13900,0.45100,-6.38000,-23.27100,14.45800
1521801402.04900,0.47400,0.13600,0.33900,-5.73100,-23.06800,17.67100
1521801402.38900,0.70200,0.08500,0.24400,-4.45200,-23.25300,22.74300
1521801402.38900,0.82300,0.00200,0.28600,-2.55700,-24.90300,28.19300
1521801402.39000,1.31900,-0.03700,0.63600,-1.29800,-26.24400,32.64600
1521801402.39100,1.91100,0.11900,-0.26600,1.13100,-27.31600,40.11000
1521801402.41400,1.25400,0.48900,-0.05100,5.03300,-25.87200,47.97400
1521801402.41500,1.83600,-0.44100,-0.71500,5.91900,-26.18800,52.85700
1521801402.41700,1.47500,-1.03000,-0.17300,13.69600,-26.66700,54.15400
1521801402.41700,0.83700,-1.27700,0.20800,14.59400,-24.96000,51.26400
1521801402.44100,-0.01800,-1.22100,0.33400,15.18900,-21.91100,46.92900
1521801402.44100,0.59800,-0.32900,-0.06600,6.70500,-20.93400,24.28200
1521801402.44200,0.61400,0.03000,0.04400,3.95900,-20.80700,17.19100
1521801402.44300,0.67200,0.19700,0.20600,-0.14600,-20.90700,6.15700
1521801402.72900,-0.03500,1.29400,0.19100,-4.78200,-19.37100,-5.16200
1521801402.73000,-0.92700,1.55000,-0.04200,-7.86900,-17.12500,-12.80700
1521801402.73100,-2.61900,0.97300,-0.20100,-11.57600,-11.60900,-24.52600
1521801402.78300,-3.39600,-1.46600,-0.04600,-11.85500,-2.52500,-33.32100
1521801402.78300,1.14400,0.89300,0.02800,-10.58300,1.14500,-29.51100
1521801402.78400,-0.89200,0.36200,0.22300,-10.23900,2.80500,-26.92400
1521801402.78500,-0.62900,0.11600,0.29000,-10.72300,3.54100,-20.52300
1521801403.01800,-0.28900,0.16300,-0.61700,-11.33400,4.03400,-15.88100
1521801403.01900,-0.25700,0.22100,0.24900,-11.24500,5.44300,-13.91800
1521801403.02000,0.08800,0.11700,0.07200,-13.02300,0.14700,-3.27700
1521801403.02000,0.13500,0.08300,0.06400,-13.02400,-0.65100,-1.86800
1521801403.15000,0.02600,0.04200,0.07600,-12.82700,-1.97300,0.63900
1521801403.15100,0.20400,0.13200,0.17700,-12.49000,-3.43800,3.36600
1521801403.15200,0.27100,0.15700,0.23400,-12.21200,-4.34800,5.40800
1521801403.15200,0.41900,0.12000,0.34100,-11.62700,-5.51100,8.94200
1521801403.17600,0.46900,0.12500,0.34900,-11.03600,-6.15900,11.68300
1521801403.17700,0.64400,0.17000,0.32300,-9.82800,-6.89400,16.58500
1521801403.17800,0.87200,0.12600,0.13800,-8.74100,-7.39500,20.43800
1521801403.17800,0.97200,0.15700,-0.10800,-7.02000,-9.01000,26.65000
1521801403.30800,1.14200,-0.04000,0.19700,-5.48600,-11.00200,33.97700
1521801403.30800,1.55600,0.22200,-0.63900,-4.09700,-12.62100,39.22000
1521801403.30900,0.15000,-0.80900,-0.15600,2.94000,-12.98100,52.69000
1521801403.31000,1.58700,-0.28100,-0.48200,10.79300,-14.07700,53.14900
1521801403.33400,0.36100,-1.41100,0.17000,14.57400,-12.67500,50.22600
1521801403.33400,0.17000,-1.00500,0.30400,14.55200,-12.10100,47.49900
1521801403.33500,0.36800,-1.01900,0.13300,11.76800,-12.54500,41.24300
1521801403.33600,0.60400,-0.80900,0.03600,8.62500,-12.80600,35.79500
1521801403.38800,0.55300,-0.57300,0.00100,3.37800,-12.73100,25.47000
1521801403.38800,0.72300,0.00500,-0.01600,-1.03900,-13.01700,13.99400
1521801403.38800,-3.10900,0.43500,-0.05300,-16.44900,-7.78900,-26.87900
1521801403.38800,-3.45900,-0.81300,0.01800,-17.76400,-4.55400,-32.68100
1521801403.46500,-3.18400,-0.51400,0.39100,-17.31200,0.92800,-34.12900
1521801403.46600,1.53000,0.63400,0.52900,-14.68400,5.99300,-30.21700
1521801403.46700,-0.23900,0.22600,-0.07800,-14.07800,7.37400,-19.88300
1521801403.46700,-0.54300,-0.02900,-0.05000,-14.07700,7.94000,-16.78600
1521801403.54500,-0.50700,0.11000,0.17400,-14.05100,9.48600,-13.96000
1521801403.54500,-0.00600,-0.04800,0.10800,-14.07600,9.43500,-12.72000
1521801403.54500,0.01200,0.05500,0.20600,-14.39800,8.56300,-11.28300
1521801403.54600,0.09700,0.00600,0.16000,-14.98700,7.89100,-10.11300
1521801403.67500,0.08200,0.03100,0.02700,-15.35400,7.62200,-9.38600
1521801403.67600,0.05100,0.03900,0.07100,-15.71200,7.28600,-8.34200
1521801403.67700,0.05500,0.05000,0.13700,-15.85500,6.89800,-7.50700
1521801403.67700,0.09200,0.04600,0.05700,-15.94900,6.07700,-6.24700
1521801403.83200,-0.01800,0.12000,-0.17200,-15.97800,4.84000,-4.64100
1521801403.83200,0.08100,0.11500,0.09900,-15.96700,3.74700,-3.18200
1521801403.83300,0.15700,0.13400,0.03100,-15.88800,1.85200,-0.62700
1521801403.83400,0.27600,0.15400,0.18500,-15.66800,0.50100,1.26900
1521801403.91200,0.40200,0.11500,0.34800,-15.16500,-1.35200,4.44900
1521801403.91300,0.41800,0.26700,0.31200,-14.44500,-2.61300,8.19500
1521801403.91300,0.44300,0.17000,0.38000,-13.78200,-3.27700,11.15500
1521801403.91500,0.51900,0.11800,0.28600,-12.51900,-4.16500,16.31800
1521801404.30500,0.84400,0.08300,0.01400,-11.48700,-5.02400,20.27800
1521801404.30600,1.01200,0.04900,-0.08400,-10.23400,-6.80500,26.61700
1521801404.30600,1.16600,0.18700,0.14800,-9.75100,-8.07900,31.40300
1521801404.30700,1.60900,0.37700,-0.63800,-8.06400,-10.52300,39.45100
1521801404.35900,1.37600,0.43400,-0.31000,-4.49700,-11.73700,47.82900
1521801404.35900,0.12600,-0.55100,-1.21900,-1.34600,-11.87200,53.28300
1521801404.35900,1.68800,-0.73200,-0.22400,7.31500,-13.61400,53.65000
1521801404.35900,0.09700,-1.50200,0.24700,10.38100,-12.78200,50.91000
1521801404.38300,0.42800,-1.23600,0.38800,10.28000,-12.34700,46.82000
1521801404.38400,0.45600,-0.99300,0.24300,7.69300,-12.74700,39.93000
1521801404.38500,0.65900,-0.83200,0.22900,5.06300,-13.08300,33.63100
1521801404.38600,0.64400,-0.40500,0.19800,1.56800,-13.88500,23.19800
1521801404.53500,0.62200,-0.15700,0.26800,-0.51600,-14.62600,15.89600
1521801404.98800,0.68000,0.56800,0.45500,-4.06900,-15.32000,4.58900
1521801404.98900,-0.43800,1.62700,0.22900,-6.75200,-14.36900,-3.09000
1521801404.99000,-1.79700,1.66100,-0.04100,-10.24700,-9.36100,-15.41400
1521801404.99000,-3.05800,0.68800,-0.30200,-12.57600,-2.15100,-27.86700
1521801405.06600,-3.50000,-1.12000,0.14500,-12.04600,2.94100,-32.67500
1521801405.06700,-3.16500,-1.15400,0.40200,-10.94000,8.09800,-32.70800
1521801405.06800,0.91700,0.68500,0.91000,-9.76600,10.01600,-29.61800
1521801405.06900,-0.24000,1.19000,0.53400,-10.23400,10.66900,-23.42600
1521801405.12100,-0.05700,0.10000,-0.21000,-10.47900,9.95600,-18.05500
1521801405.12100,0.09700,0.03000,0.02100,-11.17200,9.59900,-8.76300
1521801405.12100,0.09400,0.04800,0.05400,-11.18900,9.08600,-7.99700
1521801405.12200,0.03100,0.00000,0.16900,-11.04200,8.27800,-6.78400
1521801405.32900,0.06800,0.04600,0.06500,-10.99900,7.62100,-5.88900
1521801405.33000,0.04700,0.04800,0.03900,-10.95400,6.40200,-4.32800
1521801405.33000,0.14300,0.03100,-0.01600,-10.74000,4.84400,-2.51100
1521801405.64400,0.16900,0.12600,0.16200,-9.96400,2.35200,0.88300
1521801405.64500,0.23200,0.07500,0.25900,-9.54300,1.53500,2.35700
1521801405.64600,0.38300,0.13200,0.25500,-8.66400,0.43100,4.87600
1521801405.64700,0.46200,0.23400,0.27200,-7.64300,0.16100,7.94200
1521801405.74900,0.58700,0.16700,0.24500,-6.81800,0.18500,10.53600
1521801405.74900,0.89300,0.16300,0.11700,-4.19500,0.78700,19.08900
1521801405.75000,-0.79900,1.47800,-0.12900,-4.12600,21.95600,-12.79000
1521801405.75100,-1.90800,1.65700,0.42200,-7.23300,25.64900,-20.78200
1521801405.77500,-2.05100,0.01300,1.85100,-11.98500,31.37500,-31.74000
1521801405.77600,-2.21500,-0.65400,1.42300,-13.95900,35.23600,-37.02900
1521801405.77700,-1.66300,-0.04300,1.98000,-12.13700,42.90300,-39.23400
1521801405.77800,1.35900,0.91600,-0.57800,-10.20700,46.81700,-36.27900
1521801406.11600,-0.12100,0.13800,1.23400,-8.12300,53.15500,-32.11700
1521801406.11700,-0.57000,0.15900,0.29300,-8.57100,55.19900,-25.58000
1521801406.11800,-0.88300,0.34800,0.15600,-9.33000,55.65400,-22.40300
1521801406.19500,0.07500,-0.07300,0.16200,-8.77400,57.61600,-18.17700
1521801406.19600,0.19200,-0.02600,0.24500,-8.92800,57.15200,-16.41300
1521801406.19700,0.08900,0.01100,0.10600,-9.68800,57.01000,-14.38800
1521801406.19700,0.10000,0.00400,0.06500,-9.95300,56.01200,-13.13200
1521801406.22100,0.12200,0.01100,0.09000,-10.05600,55.40700,-12.29000
1521801406.22200,0.01500,0.00500,0.12100,-10.15500,54.70300,-10.99300
1521801406.22300,0.37900,0.24800,-0.14900,-6.54700,50.31400,6.59100
1521801406.22300,0.49500,0.33400,-0.33500,-4.88600,50.22400,11.32000
1521801406.77400,0.63300,0.25600,-0.59700,-3.35900,49.95800,14.82200
1521801406.77400,0.47000,0.06900,-0.78600,-1.28400,48.55900,20.08100
1521801406.77500,0.45300,0.11800,-0.89000,0.34100,48.60600,26.90500
1521801406.77600,0.13700,0.21600,-1.80700,1.78700,48.92000,31.84300
1521801406.93000,0.13200,-0.11400,-0.94300,4.81400,51.56200,39.38300
1521801406.93100,-0.08400,-0.15700,-0.16800,4.59100,52.23200,44.50500
1521801406.93200,0.19600,-0.95800,-1.31500,8.84000,53.76600,44.37100
1521801406.93200,-0.05400,-0.58600,-0.33900,10.43700,55.83600,41.19300
1521801407.00900,0.42100,-1.31300,-0.49200,10.70700,58.89300,36.54100
1521801407.00900,-0.04000,-0.56500,-0.51500,9.03400,61.18500,29.45100
1521801407.01000,-0.10700,0.43700,2.51100,-14.28200,75.74600,-33.41800
1521801407.01100,-0.80900,-0.70100,3.01600,-15.49800,78.94200,-39.33100
1521801407.03500,0.08200,0.36600,2.57900,-14.69700,83.64700,-42.46200
1521801407.03600,0.69800,-0.62600,0.40900,-13.41900,86.28100,-39.91900
1521801407.03700,0.73000,-0.01400,1.06100,-10.67200,91.01000,-36.11400
1521801407.03700,0.03900,0.19900,0.63200,-10.20900,92.90700,-29.86900
1521801407.08900,-0.26300,0.20200,0.32300,-10.49900,92.93400,-26.31300
1521801407.08900,0.18300,0.01700,0.97700,-10.39700,94.72200,-22.69800
1521801407.09000,0.14800,0.01100,0.41400,-10.30500,94.87400,-21.41800
1521801407.09100,0.18200,-0.06200,0.03300,-10.63200,93.73000,-19.80000
1521801407.11400,0.06800,0.07200,-0.00700,-11.40700,92.87700,-18.77900
1521801407.11500,-0.09000,0.03700,-0.01800,-11.85400,92.56000,-18.08000
1521801407.11500,0.11000,0.17600,-0.76500,-7.46900,79.39300,18.24800
1521801407.11600,0.14400,0.41900,-0.75200,-6.63800,77.50500,22.48700
1521801407.24600,-0.20200,0.20700,-1.56800,-4.91800,74.55300,29.80100
1521801407.24600,-0.34600,0.88300,-1.04700,-2.91000,72.92100,35.05700
1521801407.24600,0.21700,-1.10100,-0.22800,9.52900,72.69900,42.10600
1521801407.24700,0.38500,-1.19000,-0.35500,11.66200,74.14200,38.46500
1521801407.61300,0.10200,-0.92200,-0.32100,9.71300,74.97300,32.65500
1521801407.61300,0.00400,-0.75600,-0.53500,7.07400,76.07700,27.66700
1521801407.66500,0.00200,-0.61000,-0.56900,2.78900,78.27900,17.90300
1521801407.66600,-0.08300,0.08000,-0.46400,0.17700,78.86900,10.92300
1521801407.66700,0.24700,0.61100,-0.46700,-2.88700,79.24800,-0.53900
1521801407.66700,0.20200,1.22200,0.26600,-6.40000,80.97400,-12.08800
1521801407.71700,-0.13800,1.52400,1.41300,-8.65800,83.78900,-20.00900
1521801407.71700,0.24100,-0.78400,3.49900,-11.11100,90.63900,-32.00400
1521801407.71800,0.28300,-0.58100,3.26200,-11.49800,95.08300,-38.15700
1521801407.71900,0.62300,-2.19300,3.50500,-8.88200,102.12500,-41.70100
1521801407.74400,0.27800,1.32200,-1.72200,-7.51900,104.79000,-39.52500
1521801407.74500,0.40200,-0.13200,1.67900,-6.75600,105.57700,-34.35500
1521801407.74500,-0.31800,-0.08000,0.86100,-7.70100,105.02300,-27.57100
1521801407.74600,0.04900,0.47200,1.30600,-8.15600,104.84800,-24.68400
1521801407.95300,0.04300,0.15400,0.51700,-7.56500,105.90900,-21.89700
1521801407.95300,0.17400,0.03000,0.22200,-7.43700,105.84500,-20.63400
1521801407.95300,0.25700,-0.00200,0.05300,-7.63400,105.15800,-18.82800
1521801408.05100,-0.01200,0.10700,0.09600,-7.97900,104.33900,-17.62500
1521801408.16400,-0.03600,0.03600,0.08700,-8.01700,103.88600,-16.89900
1521801408.16500,0.10600,0.03500,0.07800,-7.87900,103.24000,-15.73500
1521801408.16500,0.07400,0.02900,0.06500,-7.83200,102.81900,-14.76000
1521801408.16600,0.06500,0.01000,0.11300,-7.69500,102.03400,-13.16100
1521801408.24200,0.11100,0.08800,0.02900,-6.64300,97.99200,-7.48600
1521801408.24400,0.17900,0.15800,-0.16300,-5.99900,96.35000,-5.24300
1521801408.24400,0.19600,0.23000,-0.27300,-5.41700,95.41400,-3.50800
1521801408.24500,0.20700,0.19500,-0.28500,-4.31500,94.91100,-0.28600
1521801408.31900,0.16000,0.21300,-0.37100,-2.94100,94.95600,3.90800
1521801408.31900,-0.02800,0.32600,-0.46400,-1.93900,94.84500,7.37500
1521801408.32000,-0.16500,0.32500,-0.93300,-0.27200,94.16600,13.16900
1521801408.42600,-0.26900,0.39400,-1.03700,0.67900,93.42900,17.68100
1521801408.42700,-1.33000,0.72000,-1.09400,2.97900,93.43500,25.33700
1521801408.42800,-0.61500,-0.17400,-0.37700,4.95800,95.84700,31.10400
1521801408.42900,-1.24900,-0.30200,-0.29400,5.17900,99.38200,37.36000
1521801408.52200,-0.73200,-1.00000,-0.59200,9.42400,101.56000,38.55700
1521801408.58400,-0.50200,-0.90300,-0.20200,10.09000,104.15900,36.74300
1521801408.58500,-0.05100,-0.99000,-0.16300,12.02500,108.39300,32.49100
1521801408.58500,-0.42500,-0.95400,-0.15200,12.73000,110.12200,28.31000
1521801408.58600,-0.51900,-0.86000,-0.24200,11.79200,112.22800,20.29500
1521801408.61000,-0.70300,-0.17300,0.07800,8.06100,116.50700,4.06600
1521801408.61100,1.42500,0.30700,2.32500,-2.74200,134.95900,-36.41900
1521801408.61200,2.23100,-0.59300,1.20800,-3.92600,138.73500,-41.70100
1521801408.61200,2.82100,-1.04700,1.67800,-1.82600,145.84200,-44.33100
1521801408.63700,2.00600,-0.61200,0.50800,-0.46300,149.47400,-41.81300
1521801408.63800,0.94200,0.25900,-0.48700,1.72400,154.24300,-37.11800
1521801408.63800,1.04600,0.39200,0.56700,0.95100,155.55100,-32.76500
1521801408.66200,0.31600,-0.12000,0.13400,-0.69800,157.11400,-24.60800
1521801408.66300,0.32800,0.01900,0.33900,-0.60900,157.71400,-23.37900
1521801408.66400,0.36800,-0.01300,0.04700,-0.72900,157.30100,-21.85200
1521801408.68000,0.14600,0.03200,0.11800,-1.93300,156.57700,-20.48500
1521801408.71600,0.03400,0.01200,0.10500,-2.29200,155.62300,-19.77700
1521801408.71600,0.01700,0.02400,0.05800,-2.44700,155.07300,-19.22500
1521801408.71700,0.11500,0.02700,0.07000,-2.59400,154.33700,-18.25400
1521801408.71700,0.07400,0.03700,0.08800,-2.59700,153.89300,-17.59100
1521801408.79500,-0.00100,0.11000,0.12400,-2.62200,152.99400,-16.27500
1521801408.79500,-0.07500,0.08000,0.00600,-2.62100,152.15000,-14.98400
1521801408.79600,-0.05900,0.07800,0.07500,-2.51100,150.75700,-12.67300
1521801408.79600,-0.04400,0.08600,0.12000,-2.40700,149.12700,-9.86500
1521801409.13100,0.00300,0.10900,-0.01400,-2.22500,148.08500,-7.76000
1521801409.13200,-0.23000,0.27400,-0.15800,-1.74600,146.65500,-4.08200
1521801409.13300,-0.06900,0.29700,-0.31700,-1.11700,146.13400,-1.06100
1521801409.24000,-0.22600,0.28200,-0.40800,0.29400,145.77400,4.26000
1521801409.24100,-0.49100,0.20300,-0.17300,1.70300,145.32300,10.11800
1521801409.24100,-0.75700,0.21300,-0.19100,2.36300,144.46800,14.10300
1521801409.24300,-0.75900,0.49200,-0.45100,3.62900,143.20300,21.24000
1521801409.47700,-1.93400,0.53800,0.06400,4.91800,142.14500,26.35400
1521801409.47700,-1.10900,0.77600,0.10400,8.51900,142.68100,35.04500
1521801409.47800,-0.84700,-0.70500,0.75700,12.47600,142.94900,41.61300
1521801409.47900,-1.42900,-0.79900,-0.03300,16.55800,142.31000,41.89300
1521801409.50600,-0.52000,-1.05700,-0.14200,17.67000,145.71400,38.32700
1521801409.50600,-0.11200,-0.97200,-0.16100,18.01600,148.33000,35.43600
1521801409.50600,-0.36800,-0.95600,-0.02900,17.45600,150.12500,28.82100
1521801409.50600,-0.54900,-0.85900,-0.03200,15.78000,150.69100,23.29700
1521801409.55500,-0.52600,-0.41600,0.15100,12.25200,152.23000,13.56800
1521801409.55600,-0.57900,-0.03200,0.19200,8.76100,154.05400,2.50800
1521801409.55700,-0.39700,0.47700,0.31300,6.40800,155.42300,-5.41400
1521801409.55700,0.37300,1.40200,0.53900,2.56100,157.48800,-17.42600
1521801409.60900,1.27900,2.36900,0.87000,0.02400,159.61600,-25.66400
1521801409.60900,3.67300,-0.78300,0.50500,-2.72800,164.23000,-36.14300
1521801409.61000,3.13200,-1.30300,0.45100,-2.99400,167.78600,-41.21400
1521801409.61100,3.47400,-2.02800,0.01900,-0.30400,174.36200,-41.73000
1521801409.66100,-1.95400,1.67800,0.12000,2.04500,178.51600,-36.72900
1521801409.66100,1.80100,0.65400,0.14700,1.14200,179.05600,-31.91800
1521801409.66200,0.80400,0.04400,0.32100,-0.44300,177.76500,-25.70200
1521801409.66200,0.33400,-0.18700,-0.13300,-0.53000,178.17800,-23.46100
1521801409.68700,0.31200,-0.07300,0.21100,-0.40800,178.92500,-20.83900
1521801409.68800,0.24400,-0.03500,-0.03700,-0.73800,178.28100,-18.88900
1521801409.68800,0.03400,0.03000,0.28200,-1.78100,176.85700,-16.91700
1521801409.68900,0.03800,0.01200,0.11800,-1.91500,176.24000,-15.74100
1521801409.73900,0.09100,0.04000,0.05400,-1.97900,175.75300,-14.86900
1521801409.74000,0.08100,0.01100,0.10300,-2.19000,175.01100,-13.37600
1521801409.74100,0.10300,-0.00500,0.12800,-2.35800,174.05900,-11.78400
1521801409.74200,0.07800,0.05800,0.10300,-2.42500,173.27300,-10.71900
1521801410.07900,-0.02300,0.12000,0.07300,-2.43000,171.82800,-8.98000
1521801410.07900,0.05200,0.11700,0.05900,-2.30500,170.78800,-7.68300
1521801410.07900,-0.03000,0.16600,-0.05300,-1.97300,169.22300,-5.53200
1521801410.16100,-0.17200,0.14300,-0.10600,-1.63300,168.28400,-3.87300
1521801410.16100,-0.23200,0.19100,-0.05400,-0.99200,167.28000,-0.92500
1521801410.16100,-0.24700,0.26300,-0.07000,-0.22000,166.79600,2.86300
1521801410.16200,-0.34500,0.21500,-0.01700,0.50800,166.43900,5.91700
1521801410.20500,-0.60700,0.23100,0.17700,1.85100,165.68300,11.12500
1521801410.20600,-0.95800,0.39000,0.08000,2.81900,164.69700,14.83200
1521801410.26400,-0.89400,0.33500,-0.33000,4.25300,162.81100,21.39000
1521801410.26500,-1.75100,0.49000,0.75300,6.48700,160.87100,28.78500
1521801410.26500,-0.94100,0.52700,0.63600,9.11400,161.14800,34.19000
1521801410.26600,-0.13600,-0.67500,0.49000,13.52200,161.02800,40.07300
1521801410.28200,-1.02500,-0.14200,0.47000,17.02300,159.57400,40.89000
1521801410.34300,-0.45900,-1.13200,-0.13200,19.06900,160.56000,37.77400
1521801410.34300,-0.12200,-1.18200,-0.32300,19.86700,161.88900,33.57100
1521801410.34300,-0.38400,-0.92000,-0.02500,18.85500,161.40500,29.29100
1521801410.34400,-0.48400,-0.75800,-0.13100,15.82200,161.17100,21.15500
1521801410.42300,-0.39500,-0.47900,0.07100,13.04200,161.22600,14.46400
1521801410.42300,-0.39100,0.08600,0.12200,9.02000,160.45400,3.38600
1521801410.42700,-0.28400,0.80900,-0.01500,6.25400,160.04500,-4.63100
1521801410.42800,0.35800,1.22300,0.10000,1.76400,161.35600,-16.11100
1521801410.60500,1.98400,1.29400,0.33400,-2.11600,165.56800,-26.71200
1521801410.60600,2.58300,0.35700,0.35500,-3.54300,170.04900,-33.91000
1521801410.60700,2.80000,-0.57700,0.25700,-2.60300,177.53400,-41.83400
1521801410.60800,2.66100,-0.50300,-0.37400,0.38000,-177.30400,-43.04300
1521801410.89400,-1.31200,0.86700,0.62800,2.31800,-172.90100,-39.34000
1521801410.89400,0.64600,-0.32200,-0.56400,2.96700,-170.40300,-35.50000
1521801410.89500,0.91600,0.25400,-0.20600,2.35600,-169.87100,-31.19200
1521801410.89600,0.42700,0.05100,0.39300,1.18700,-170.02600,-25.57700
1521801411.07800,0.53600,-0.01200,0.13100,1.07300,-168.78300,-22.91500
1521801411.07900,0.23000,0.00700,0.16000,0.96400,-167.10800,-20.18200
1521801411.08000,0.12700,0.04400,0.00500,0.28900,-167.76200,-17.78000
1521801411.15600,0.01600,0.03200,-0.02700,-0.39100,-168.33500,-16.79900
1521801411.15600,0.04500,0.00900,0.13200,-0.81800,-168.52700,-16.19700
1521801411.15700,0.07000,-0.01900,0.10600,-1.14900,-168.93100,-15.33200
1521801411.15800,0.08600,0.02300,0.06700,-1.31700,-169.37700,-14.73100
1521801411.23500,0.03400,0.01500,0.13800,-1.58400,-170.22700,-13.79000
1521801411.23500,0.07900,0.02600,0.12500,-1.75200,-170.99500,-12.76500
1521801411.23600,0.03500,0.04000,0.11900,-1.87000,-171.77000,-11.89500
1521801411.23600,0.07400,0.03000,0.10500,-2.11800,-173.17600,-10.21700
1521801411.26200,0.05000,0.05400,0.11500,-2.22500,-174.24500,-9.00300
1521801411.26300,-0.05100,0.11600,0.03500,-2.18300,-175.90800,-6.97400
1521801411.26300,-0.09000,0.16900,-0.13300,-1.98700,-176.90900,-5.42900
1521801411.26400,-0.12200,0.20400,-0.07400,-1.50800,-178.04900,-2.73800
1521801411.31500,-0.17900,0.20300,-0.04400,-0.86200,-178.58000,0.61400
1521801411.31500,-0.20900,0.23100,0.10300,-0.28400,-179.18900,3.26100
1521801411.31600,-0.87200,0.24400,0.15700,2.18400,178.71000,11.45000
1521801411.31700,-0.76500,0.33600,0.08700,3.64900,176.86000,17.44800
1521801411.34000,-1.13800,0.18400,0.47100,4.91500,174.90000,23.94400
1521801411.34100,-1.31200,0.58800,1.05600,6.55900,173.66000,28.86000
1521801411.34200,-0.43300,-0.94500,0.01600,20.25200,172.80500,35.61200
1521801411.34200,-0.32300,-1.09300,-0.32900,20.88400,173.23800,32.38800
1521801411.49800,-0.43500,-0.79600,0.02600,18.87600,173.15800,26.12200
1521801411.49800,-0.44900,-0.62000,0.10500,16.64300,173.37400,20.96100
1521801411.49900,-0.44100,-0.22200,0.24700,12.90100,173.70600,11.63200
1521801411.50000,-0.41200,0.02600,0.25500,10.44000,173.40100,4.77700
1521801411.52500,-0.41900,0.61300,0.10000,6.60500,173.73900,-5.85700
1521801411.52600,0.48200,1.40200,0.34400,2.53600,176.12600,-16.30200
1521801411.52600,1.37100,1.51200,0.25600,0.17000,178.75900,-23.23900
1521801411.52600,2.42400,0.26400,-0.34200,-1.55500,-175.53000,-33.48500
1521801411.55100,2.96400,-1.31200,-0.53400,-1.69900,-171.50400,-38.99100
1521801411.55100,3.33700,-1.92800,-1.27700,1.65800,-164.68200,-41.84100
1521801411.55200,-0.96800,1.29200,0.84600,2.78000,-162.07800,-37.61500
1521801411.55200,0.46300,-0.42900,-0.78900,2.85800,-161.29600,-35.40700
1521801411.57500,0.35000,0.49400,-0.03200,2.05400,-160.69500,-30.10100
1521801411.57600,0.35500,0.30100,0.28200,1.07400,-160.96200,-26.46400
1521801411.57700,0.66500,-0.01500,-0.06000,0.51600,-160.26300,-22.54500
1521801411.57800,0.38300,0.00600,0.04000,0.50300,-159.43500,-20.82700
1521801411.59500,0.22500,-0.03500,-0.02600,0.35100,-159.39700,-19.06000
1521801411.59600,0.06600,0.01500,0.09800,-0.12800,-160.03400,-17.88600
1521801411.61900,0.07000,0.01100,0.10300,-0.49500,-160.28300,-17.21100
1521801411.67500,0.07600,0.06200,0.21400,-0.90900,-160.52300,-16.27600
1521801411.67600,0.07700,-0.02300,0.07600,-1.10400,-160.81300,-15.48500
1521801411.69800,0.07700,0.01000,-0.00800,-1.18300,-161.45000,-14.33500
1521801411.72600,0.00600,0.03500,0.13600,-1.22800,-161.97200,-13.29900
1521801411.75200,0.08600,0.01500,0.16600,-1.23100,-162.26600,-12.53300
1521801411.77700,0.07900,0.03200,0.10700,-1.20200,-163.00700,-11.18500
1521801411.83300,0.09600,0.05700,0.03500,-1.17800,-163.70800,-10.10700
1521801411.83300,0.05300,0.12000,0.17200,-1.19200,-165.30700,-8.28200
1521801411.85500,0.01000,0.13500,0.14300,-1.09000,-166.62100,-6.88800
1521801411.91100,-0.09500,0.17400,-0.05100,-0.69000,-168.65700,-4.53500
1521801411.91100,-0.19700,0.19800,-0.05700,0.00800,-170.72200,-1.70800
1521801411.93500,-0.21900,0.23200,-0.03700,0.51600,-171.48300,0.54900
1521801411.99100,-0.24700,0.28400,0.25000,1.43000,-172.82700,4.56400
1521801411.99100,-0.36700,0.34800,0.34900,2.25900,-173.57200,7.72200
1521801412.01200,-0.94400,0.26900,0.19100,4.36000,-175.31200,13.56400
1521801412.03900,-0.93500,0.25900,0.32600,6.01200,-177.17600,20.12300
1521801412.14600,-0.78800,0.51800,0.85700,10.89600,-178.74600,31.97200
1521801412.17700,-0.23700,-0.93500,0.91700,14.38500,-178.04000,35.86700
1521801412.17700,-0.64300,-0.29600,0.39000,18.11700,-178.69600,38.63600
1521801412.17700,-0.58700,-1.40400,0.04200,21.43400,-178.17900,37.21200
1521801412.19600,-0.35400,-1.11200,-0.25800,23.03800,-177.64200,35.11600
1521801412.22300,-0.22900,-0.88000,-0.05000,22.85600,-177.34800,30.43500
1521801412.27900,-0.40900,-0.86700,0.13100,21.39100,-177.27400,26.02300
1521801412.27900,-0.35500,-0.42500,0.36900,17.96500,-176.59900,17.72200
1521801412.30100,-0.30600,-0.12600,0.38900,15.52800,-176.44900,11.16500
1521801412.35800,-0.58500,0.35600,0.27900,11.93500,-176.30200,0.73400
1521801412.35800,0.52200,1.13600,0.27300,7.83200,-173.06600,-8.78600
1521801412.38000,1.13500,1.10000,0.34100,5.70500,-169.31500,-15.54700
1521801412.40700,1.64800,1.09400,-0.16100,3.53300,-163.53100,-25.50300
1521801412.43200,1.58700,0.27900,-0.67000,2.24900,-160.27500,-30.45400
1521801412.45900,1.74400,-0.76200,-0.96500,2.42500,-155.76700,-35.41000
1521801412.48600,1.57000,-0.49900,-0.93800,2.63100,-152.62000,-36.46200
1521801412.51300,1.27200,-0.45300,-0.96700,2.49700,-152.00800,-34.51100
1521801412.56500,-0.10100,0.17300,-0.09400,3.30100,-151.17900,-29.79900
1521801412.61700,0.52100,0.44500,-0.10500,3.15300,-151.15600,-26.59200
1521801412.64500,0.81300,-0.11300,-0.02800,2.15500,-151.09500,-21.82700
1521801412.67600,0.54900,-0.01400,-0.15500,1.45600,-150.80700,-18.55500
1521801412.67600,0.22700,-0.06800,0.12700,1.07700,-150.52100,-17.37000
1521801412.67600,0.11300,-0.05700,0.14700,0.74800,-150.53800,-16.07100
1521801412.72400,0.11300,-0.00700,0.04100,0.45900,-150.75500,-15.42000
1521801412.72500,0.01500,0.02200,0.05700,-0.23100,-151.33400,-14.54300
1521801412.78100,0.05400,0.04300,0.21100,-0.65300,-151.77200,-13.93600
1521801412.78200,0.07500,-0.00100,0.09800,-0.91300,-152.40800,-12.85600
1521801412.78200,0.06100,0.03100,0.04300,-0.91100,-153.18900,-11.69800
1521801412.85700,0.03300,0.02000,0.10500,-0.93400,-153.69200,-10.91400
1521801412.85700,0.09000,0.01900,0.18400,-0.91100,-154.25600,-9.62000
1521801412.87900,0.04600,0.04300,0.06800,-0.80000,-154.73100,-8.53600
1521801412.93800,0.06700,0.05600,0.13500,-0.52300,-155.63100,-6.58700
1521801412.93800,0.10000,0.06800,0.17200,-0.08100,-156.64900,-4.50600
1521801412.93900,0.01900,0.10600,0.12700,0.30800,-157.33200,-3.06600
1521801412.95900,-0.08900,0.23800,0.00800,0.90500,-158.28400,-0.72200
1521801413.01100,-0.24600,0.29100,0.00200,1.35500,-158.23600,1.06900
1521801413.04000,-0.29200,0.25400,0.04300,2.21700,-159.29500,4.37900
1521801413.09400,-0.32500,0.21200,0.06400,2.96100,-159.64500,7.03900
1521801413.09400,-0.59900,0.32500,0.31100,4.47400,-160.54800,11.79800
1521801413.11800,-0.87100,0.39400,0.31300,6.71000,-162.50400,17.57200
1521801413.11900,-1.31900,0.29000,0.79100,8.01000,-164.57100,21.33000
1521801413.14100,-1.10800,0.22100,1.67500,10.11000,-166.75400,27.87700
1521801413.19700,-0.98300,-0.26900,0.96600,12.20100,-164.95200,33.23800
1521801413.38800,0.91400,-0.77700,0.71400,13.62400,-161.67500,39.62000
1521801413.38800,-0.40500,-0.97600,0.69300,15.68000,-159.95300,42.24100
1521801413.38900,-0.26500,-0.89600,0.67300,16.74100,-157.53200,40.50200
1521801413.38900,-0.39700,-1.11700,0.34300,19.41200,-153.70700,36.76500
1521801413.41400,-0.07400,-0.84400,0.39100,20.22300,-151.32900,33.19400
1521801413.41400,-0.16300,-0.71200,0.69100,19.47300,-148.57900,25.49500
1521801413.41500,0.07200,-0.42800,0.84400,17.48600,-146.24300,15.82200
1521801413.41600,0.24600,-0.01500,0.90200,16.07400,-144.74000,8.84400
1521801413.46400,0.42200,0.45100,0.94800,13.43500,-142.25800,-2.01200
1521801413.46400,1.00000,1.08100,0.50300,11.19300,-139.85200,-8.95600
1521801413.46400,1.44400,1.58900,-0.39600,7.90000,-134.70100,-18.39700
1521801413.51400,1.94600,0.04100,-1.50500,5.59100,-130.12500,-23.81600
1521801413.51400,1.40400,-0.37400,-1.50400,4.22900,-122.58000,-29.34300
1521801413.53500,0.72000,-0.33100,-2.37000,5.03800,-114.66700,-30.37800
1521801413.56100,-0.22000,0.51100,0.41500,5.16900,-111.81100,-27.34500
1521801413.61600,0.76600,0.24500,-1.86000,4.64200,-109.13600,-21.31300
1521801413.72900,0.56400,0.05800,-0.21800,3.55100,-109.58700,-17.18200
1521801413.73000,0.35000,0.17700,-0.07900,2.85600,-109.94600,-13.30000
1521801413.73000,0.19700,-0.02200,-0.03500,2.74800,-109.21900,-10.66600
1521801413.73100,0.03200,-0.06300,-0.04000,2.77200,-109.41300,-9.30800
1521801413.80600,0.01100,0.05100,-0.00600,2.38200,-109.65100,-7.92800
1521801413.80700,0.10100,0.05800,0.09600,2.00500,-109.98200,-7.25800
1521801413.80800,0.11700,0.02200,0.16500,1.57300,-110.87300,-6.23100
1521801413.80900,0.05400,0.01000,0.09600,1.45600,-111.42500,-5.50300
1521801414.07100,0.06500,0.03900,0.09800,1.22400,-112.28000,-4.28100
1521801414.07100,0.09900,0.02300,0.11100,0.96700,-113.31000,-2.90000
1521801414.07100,0.11300,0.06000,0.15900,0.95800,-113.96600,-1.95300
1521801414.07200,0.02700,0.05300,0.17900,1.21500,-114.89200,-0.36500
1521801414.22800,-0.02300,0.08500,0.14300,1.49100,-115.52200,0.84400
1521801414.22800,-0.04600,0.12700,0.19000,1.99000,-116.32400,2.86100
1521801414.22900,0.00200,0.21200,0.31300,2.51000,-116.89600,5.21600
1521801414.23000,-0.11900,0.20700,0.29600,3.03800,-117.29800,7.15700
1521801414.24800,-0.30900,0.18000,0.35900,4.16800,-117.91300,10.70100
1521801414.24800,-0.22300,0.12300,0.49800,5.08300,-118.15600,13.47800
1521801414.38800,-0.13400,0.06800,0.62800,6.43600,-118.46100,17.93700
1521801414.38800,-0.03500,0.17400,1.08700,7.92800,-119.41400,22.80700
1521801414.38800,-0.19700,0.29500,0.90500,9.34500,-120.36600,26.74800
1521801414.38900,0.22000,0.02500,1.72400,11.88600,-121.41400,33.56300
1521801414.41000,0.11500,-0.08800,1.63000,14.71200,-121.43100,38.74700
1521801414.41100,0.17900,-0.36400,1.31200,17.33400,-118.71900,46.17000
1521801414.41200,-0.18800,-0.46100,0.49200,19.81400,-117.86900,50.03700
1521801414.41300,-0.02400,-1.08700,0.82300,20.16800,-116.08400,48.47100
1521801414.44000,-0.18000,-0.89100,0.30500,19.45700,-112.27700,45.40400
1521801414.44000,-0.03100,-0.93600,0.18500,19.76900,-110.45800,42.00700
1521801414.44000,-0.07600,-0.84600,0.55500,18.39900,-109.52900,34.47300
1521801414.44100,0.08000,-0.58400,0.61100,16.66000,-109.21500,28.20600
1521801414.45900,0.10600,-0.33200,0.77300,13.85500,-109.61600,17.26700
1521801414.45900,0.17000,0.39500,0.87400,11.81100,-109.90900,9.51200
1521801414.51200,0.34400,1.13400,0.51100,7.39400,-108.14000,-2.30000
1521801414.51300,0.40600,2.36400,-0.43200,3.29800,-103.35000,-13.99000
1521801414.51400,0.79300,0.91000,-3.00700,1.41600,-99.03700,-19.76500
1521801414.56200,0.52900,-0.25900,-2.95100,1.52100,-92.63100,-26.25800
1521801414.56200,-0.44300,-0.42500,-2.70200,1.08600,-90.28900,-26.28100
1521801414.61400,0.54800,0.97300,2.47100,1.47300,-87.16500,-21.63100
1521801414.61500,-0.04400,0.48400,-1.23600,0.45300,-85.59900,-15.22600
1521801414.69600,0.19600,0.02800,-0.42800,-0.16800,-86.09700,-11.34900
1521801414.69700,-0.07500,0.21000,-0.59700,-0.77200,-85.43000,-7.10800
1521801414.69700,0.11400,0.11100,-0.27400,-0.75500,-85.15800,-5.33000
1521801414.71600,0.05900,-0.03200,0.04700,-0.79700,-85.87400,-3.38400
1521801414.77200,-0.05300,0.04800,0.16700,-1.17100,-86.48600,-1.98700
1521801414.77200,-0.01700,0.02200,0.17000,-1.49500,-86.87100,-1.14100
1521801414.79500,0.04900,0.01500,0.19200,-1.75600,-87.68400,0.07800
1521801414.85100,0.07400,0.04300,0.20600,-1.79900,-88.34400,0.90500
1521801414.85100,0.09100,0.02800,0.17100,-1.76000,-89.17200,2.23400
1521801414.87400,0.09700,0.05000,0.18400,-1.65600,-89.71100,3.23200
1521801414.90000,0.12700,0.03800,0.22400,-1.42000,-90.49800,4.85800
1521801414.92800,0.03600,0.12500,0.31400,-1.04200,-91.47200,6.72500
1521801414.95200,-0.04500,0.12000,0.28100,-0.67800,-92.10800,8.18400
1521801414.97800,-0.03200,0.12200,0.33800,0.04300,-93.08000,10.65200
1521801415.00600,-0.03200,0.14500,0.44200,0.67900,-93.69100,12.52700
1521801415.03100,-0.14300,0.12900,0.63500,2.06300,-94.61400,15.86400
1521801415.14200,-0.16000,0.09000,0.71900,3.69200,-93.60500,20.10900
1521801415.14200,0.00900,0.00800,0.87800,4.98300,-93.97000,23.32500
1521801415.19900,0.36200,0.03400,0.89800,7.00100,-95.18400,28.52400
1521801415.20000,0.17800,0.27400,1.29100,8.57800,-96.35800,32.65200
1521801415.20000,0.96300,-0.03800,1.49800,11.86900,-97.44200,39.66900
1521801415.20100,0.65900,-0.05300,1.29700,16.59700,-96.01800,47.76500
1521801415.38200,0.55000,-0.69100,1.44300,18.67900,-94.84500,52.38100
1521801415.38200,0.52800,-0.67800,0.97700,24.43800,-94.15200,55.06700
1521801415.38300,0.31400,-1.41300,0.87500,24.05200,-91.36300,53.00800
1521801415.38400,0.03400,-0.84500,0.15700,22.84000,-88.22500,49.65800
1521801415.41000,0.04400,-1.05000,0.19300,22.11800,-86.98200,45.64800
1521801415.41000,0.21200,-1.04900,0.73500,19.37100,-86.80800,37.82700
1521801415.41100,0.24200,-0.57100,0.55400,15.09800,-86.25700,28.28500
1521801415.41100,0.41700,-0.31800,0.61700,12.22000,-85.99300,21.13600
1521801415.56500,0.45500,0.44000,0.79700,7.98900,-85.01100,9.43800
1521801415.56600,0.42100,1.30800,0.39700,4.92700,-83.48800,1.27400
1521801415.56700,0.09800,1.93500,-0.98000,0.86900,-78.78500,-10.90600
1521801415.56800,-0.66800,0.95400,-2.79800,-2.33700,-72.07700,-20.33500
1521801415.58600,-0.86300,0.10600,-2.39300,-2.70900,-67.17700,-24.62800
1521801415.58700,-1.57800,-0.56000,-2.35200,-3.00200,-61.52700,-24.85200
1521801415.64400,0.52900,0.54900,1.65100,-2.60900,-58.66900,-21.45900
1521801415.64400,-0.61700,0.46200,-0.62300,-3.06500,-55.88900,-15.88700
1521801415.64500,0.27300,0.11300,-0.59800,-3.64500,-55.93700,-11.55600
1521801415.64600,-0.02800,0.75600,-0.86200,-4.54000,-56.20000,-7.07500
1521801415.71400,-0.03200,0.16100,-0.20900,-4.46300,-55.80700,-4.29600
1521801415.74600,-0.09900,-0.01400,0.09900,-4.37600,-56.03600,-2.82700
1521801415.74700,-0.11000,0.05900,0.16700,-4.57500,-56.61000,-1.05500
1521801415.74800,-0.01500,0.05900,0.18600,-4.74200,-57.03900,-0.11700
1521801415.79800,0.04100,0.02400,0.23000,-4.95500,-58.16100,1.15600
1521801415.79800,0.08700,0.03600,0.17900,-5.04000,-58.89900,2.06600
1521801415.81900,0.18800,0.01400,0.11800,-5.02300,-59.04000,3.61700
