1536921870.01900,0.03000,0.21800,0.75300,3.64500,133.02800,-20.74800
1536921870.04500,0.05200,0.17300,0.89100,7.43600,132.46600,-23.86600
1536921870.10000,-0.14100,0.13300,1.13800,12.64700,132.20800,-27.60300
1536921870.10000,0.07700,-0.11200,1.69100,17.17000,133.45400,-30.16800
1536921870.12300,-0.48700,-0.05100,2.00000,26.37600,135.36100,-36.25500
1536921870.15000,-0.07700,-0.18300,2.08500,35.23400,135.11100,-41.59900
1536921870.17600,-0.50000,-0.42000,0.16200,50.22300,135.36800,-48.60500
1536921870.20200,-0.52900,-0.90500,-0.26500,56.56100,135.90800,-51.57100
1536921870.28800,-0.07100,-1.65500,0.54600,58.03900,137.70300,-49.23000
1536921870.28800,0.59300,-1.59500,0.47000,52.38000,139.49100,-44.09300
1536921870.28800,-0.16300,-1.26600,0.24500,48.96400,139.38400,-41.95200
1536921870.30800,-0.15900,-0.85400,0.47300,40.20000,141.18000,-38.55000
1536921870.33400,0.23200,-1.05700,0.59300,32.82700,141.62300,-35.57200
1536921870.35900,0.07300,-0.66600,0.81700,20.63400,141.97600,-29.67200
1536921870.38500,0.00400,-0.08200,0.95100,8.57600,142.82400,-23.48100
1536921870.41200,0.27100,0.18900,0.96800,1.03200,142.93600,-18.63900
1536921870.43800,0.38700,1.41200,0.31400,-9.83600,142.24100,-10.67200
1536921870.46600,0.19400,2.16300,-0.67400,-16.62100,140.90800,-4.86100
1536921870.49100,0.19500,1.43200,-2.83600,-25.41000,138.27600,3.33300
1536921870.51700,-2.12300,0.11900,-3.16400,-30.04500,137.79700,8.35900
1536921870.57200,0.74900,-1.31500,-3.01600,-29.03800,140.87000,8.72400
1536921870.57300,0.72200,-0.66500,3.19000,-25.58300,148.82900,4.47500
1536921870.59600,-1.37800,-0.51400,-2.22800,-21.86100,151.21200,4.21800
1536921870.62300,0.02100,1.48000,-0.68100,-17.87600,148.79700,-1.81900
1536921870.64800,-0.28400,0.19000,-0.01200,-15.07200,146.97900,-3.09100
1536921870.70400,-0.08000,-0.24100,0.06800,-13.26800,145.79100,-5.07100
1536921870.70400,0.23200,-0.01100,0.00400,-11.35200,145.45700,-6.15100
1536921870.72600,0.09600,-0.09500,0.04700,-10.68900,145.34500,-6.82300
1536921870.78600,-0.31000,0.20700,0.35900,-10.73000,145.02700,-7.74000
1536921870.78600,0.15100,-0.08200,0.22800,-10.77400,145.12500,-8.42700
1536921870.78700,0.16100,0.06600,0.15500,-10.64200,145.36600,-9.52200
1536921870.80600,-0.30800,0.07800,0.40600,-10.84100,145.48900,-10.78800
1536921870.83200,-0.13500,-0.02000,0.36300,-10.78800,145.79900,-11.62100
1536921870.85800,0.04600,-0.05500,0.24000,-9.83100,146.41500,-12.61200
1536921870.88400,0.04300,0.04100,0.29800,-9.21200,146.76900,-13.25700
1536921870.94000,0.11400,0.06000,0.27900,-8.18700,147.23900,-14.39200
1536921870.94000,-0.01600,0.13400,0.39500,-7.54700,147.72100,-15.44100
1536921870.99400,0.04600,0.13000,0.51300,-6.35500,148.86900,-17.39700
1536921870.99400,0.07400,0.00600,0.57100,-4.25400,150.39100,-19.74100
1536921871.01500,0.21800,0.31600,0.72000,-2.50500,151.31600,-21.64800
1536921871.04200,0.46400,0.20500,0.78100,1.46500,152.61900,-25.38600
1536921871.06900,0.21500,0.79000,1.30400,4.66800,153.90500,-28.57400
1536921871.09400,0.59700,-0.13500,2.00300,12.03000,159.51000,-32.94300
1536921871.14900,0.59000,0.21500,2.19700,23.12200,166.84300,-38.30700
1536921871.15000,1.42100,-0.72700,1.65100,32.77800,170.93200,-40.77500
1536921871.17400,-0.08000,-0.59700,0.32100,45.97500,176.32300,-43.30100
1536921871.22800,-1.13100,-0.70700,0.17800,49.52700,-178.17600,-41.51500
1536921871.22900,3.34800,-1.60900,-0.38200,45.24200,-167.41800,-31.17500
1536921871.25300,0.57300,-1.06800,-0.60100,43.78000,-167.01100,-29.98500
1536921871.27800,0.49000,-1.01300,0.00400,36.33300,-166.77600,-30.07800
1536921871.30400,0.79700,-0.83900,0.21000,25.54300,-167.30800,-27.25800
1536921871.33000,0.91400,-0.87800,-0.08600,18.41600,-166.87200,-23.47000
1536921871.35700,0.95400,0.06100,0.29500,7.85500,-165.01800,-17.07700
1536921871.38400,0.84500,0.10700,-0.08900,2.21200,-164.14700,-11.91200
1536921871.40900,0.53500,1.08700,-0.03400,-6.34300,-162.34100,-3.20900
1536921871.43500,-0.31400,1.45800,-0.81500,-14.75200,-161.31500,6.01300
1536921871.46200,-1.72200,2.27900,-0.59800,-21.48500,-160.71800,10.18200
1536921871.48800,-2.31800,-0.35500,-2.30000,-26.48800,-161.20500,15.81200
1536921871.51500,-3.13600,-0.61500,-1.82400,-29.20200,-162.92000,18.01700
1536921871.54100,0.75200,0.65500,0.54800,-28.01400,-160.57000,16.37900
1536921871.56700,-3.09800,-0.89800,-1.20600,-25.17500,-157.35000,10.67700
1536921871.59300,0.42600,0.52300,-0.69400,-22.52500,-158.88700,11.78700
1536921871.61900,0.30700,0.24600,0.52900,-22.37500,-158.92200,10.03400
1536921871.64500,0.09600,-0.18000,0.33100,-21.60200,-159.12500,9.01000
1536921871.67300,0.09500,0.04200,0.34600,-20.00800,-159.44800,8.50700
1536921871.69800,-0.03800,0.02900,0.12300,-18.98900,-159.32400,8.24400
1536921871.72400,-0.01300,-0.02300,0.14100,-16.95400,-159.09600,8.21400
1536921871.75100,0.00200,0.07200,0.18900,-14.81300,-158.51900,8.00600
1536921871.77700,0.00300,0.00700,0.25100,-13.50400,-157.98500,7.63700
1536921871.80400,0.04200,0.00600,0.24300,-11.48000,-157.20700,6.95700
1536921871.82900,0.02500,-0.07400,0.12800,-10.37900,-156.64600,6.22600
1536921871.85600,0.01900,0.09800,0.06100,-8.75900,-155.84200,4.95700
1536921871.88200,-0.03200,0.20400,0.33200,-7.48500,-155.03900,3.45200
1536921871.91000,0.02800,0.12500,0.24700,-6.47300,-154.28900,2.40500
1536921871.93500,0.15000,0.18300,0.17800,-4.87500,-152.88100,0.66000
1536921871.96100,0.14600,0.21300,0.11800,-3.72800,-151.92600,-0.78400
1536921871.98700,0.38600,0.25000,0.31200,-1.44700,-150.58400,-3.28100
1536921872.01300,0.51100,0.41200,0.28700,0.34800,-148.93100,-5.49900
1536921872.03900,0.71300,0.31000,0.37000,4.05500,-148.06500,-9.47000
1536921872.06700,1.05100,0.94500,0.35100,7.82700,-147.02300,-14.85600
1536921872.09200,2.55700,0.33800,1.98200,10.90300,-144.00600,-18.22100
1536921872.17600,1.35000,0.13200,0.82300,20.00700,-137.81500,-23.62000
1536921872.17700,1.00100,-0.23300,0.54100,27.15900,-132.75100,-26.46800
1536921872.17700,-0.61100,-0.83700,1.15600,37.52900,-128.87100,-29.47800
1536921872.19800,0.80600,-1.53100,-0.19400,39.20000,-123.39600,-26.20800
1536921872.22400,0.77200,-1.32600,-1.45300,37.00900,-120.18600,-21.69200
1536921872.24900,0.48700,-1.15900,-0.32000,33.12600,-120.35500,-21.21600
1536921872.27600,0.34300,-0.96700,0.03900,28.21500,-120.71600,-20.88200
1536921872.30200,0.80500,-0.73600,-0.40100,19.23800,-122.46400,-18.20800
1536921872.32800,0.74800,-0.42100,-0.31500,12.85900,-123.10000,-14.85400
1536921872.35500,0.64500,0.18500,-0.18400,3.11500,-123.83500,-9.22400
1536921872.38000,0.46200,0.71800,-0.42600,-5.71300,-125.43300,-1.73300
1536921872.40700,-0.26700,1.22600,-0.22700,-11.72400,-127.29100,3.89000
1536921872.46200,-2.19100,1.46300,0.80100,-20.03000,-131.81900,12.58100
1536921872.46300,-3.39300,0.24900,0.84600,-24.56800,-134.64600,17.30700
1536921872.48500,-3.52200,-0.49200,0.57100,-29.14000,-137.32300,22.77500
1536921872.54100,-2.90000,-1.33100,0.20100,-27.93200,-135.83000,21.05500
1536921872.54200,1.18500,3.35300,-0.02600,-26.36300,-133.79800,18.69500
1536921872.56400,1.17700,-0.05600,-0.63600,-21.22000,-133.28800,14.87600
1536921872.61900,-0.01500,0.24300,0.45300,-18.97800,-133.71000,14.51300
1536921872.62000,-0.14700,0.02600,0.70800,-17.58700,-133.47300,11.93700
1536921872.64400,-0.13800,0.11300,0.13100,-15.34000,-132.96700,11.25800
1536921872.67000,-0.07800,-0.09000,0.10600,-13.78500,-132.64700,9.86500
1536921872.69500,-0.03100,0.05500,0.48100,-12.57700,-131.94000,8.56600
1536921872.72200,-0.02800,-0.09300,0.18800,-12.07700,-131.32300,7.57100
1536921872.74800,-0.09700,0.10000,0.01800,-11.45800,-130.52900,6.17700
1536921872.77600,0.11300,0.12200,0.28100,-11.21400,-130.11500,5.18700
1536921872.80100,0.11100,0.05900,0.29500,-10.99400,-129.38700,3.58400
1536921872.82700,0.03600,-0.06300,0.19600,-10.03800,-128.62500,2.14000
1536921872.85300,0.12100,0.09100,0.24800,-9.38500,-128.14400,1.06200
1536921872.87900,0.08900,0.16300,0.12200,-7.95800,-127.30100,-0.69500
1536921872.90500,0.13600,0.04100,-0.10500,-6.67000,-126.56500,-1.98600
1536921872.93300,0.37900,0.22500,0.21700,-4.67900,-125.71100,-4.54300
1536921872.95800,0.53000,0.39400,0.24000,-1.92800,-124.77800,-7.81700
1536921872.98400,0.66100,0.36100,0.15800,0.63100,-123.52600,-10.11500
1536921873.01100,0.81800,0.34400,-0.06700,5.27400,-120.04000,-13.73500
1536921873.04000,2.02400,0.65400,0.13900,8.76800,-115.93900,-16.61000
1536921873.04000,1.93600,0.88000,0.11300,17.00900,-110.59400,-23.38400
1536921873.09200,0.79400,-0.45900,0.07900,24.46100,-106.77400,-26.69700
1536921873.09300,0.33200,-0.51900,0.72300,35.01700,-103.09500,-30.11800
1536921873.11600,0.15300,-1.01200,0.53000,36.84900,-97.81200,-27.11400
1536921873.14200,0.57200,-1.31300,-1.78200,33.60500,-94.45700,-22.22400
1536921873.16800,0.04200,-1.28800,-0.77300,29.55100,-93.95400,-19.91400
1536921873.19400,0.29600,-1.00700,-0.46200,24.90900,-94.48700,-19.64000
1536921873.24900,0.48300,-0.76100,-0.46300,15.49800,-96.72300,-17.92600
1536921873.25000,0.45400,-0.35800,-0.58800,5.28000,-99.14900,-12.99600
1536921873.30300,0.50100,-0.07100,-0.37000,-1.55300,-100.26800,-8.96000
1536921873.30300,0.29800,0.47200,-0.50700,-11.00900,-101.87100,-1.17700
1536921873.32500,-0.41900,1.32200,-0.10500,-17.17200,-103.07800,4.84700
1536921873.35200,-1.62700,1.45500,1.05100,-26.97800,-105.88000,14.77200
1536921873.37800,-2.69500,1.00700,1.89400,-33.35800,-108.01800,21.41300
1536921873.40500,-2.69100,-0.65400,2.09800,-40.19900,-110.50800,28.76400
1536921873.43000,-3.06300,-1.13300,1.46700,-42.20100,-109.77100,30.30800
1536921873.45700,-2.32200,-1.15200,2.43900,-39.36400,-107.14600,26.75300
1536921873.48300,-2.32300,2.39500,-0.39000,-35.77200,-100.61000,20.73800
1536921873.50900,-1.09600,0.12800,0.74300,-30.90900,-101.15300,17.76300
1536921873.53700,-0.02200,-0.41500,0.32400,-27.79800,-101.65200,15.87900
1536921873.56300,0.12800,-0.16900,0.36400,-25.97600,-101.74600,14.21700
1536921873.58800,-0.41000,0.09900,-0.01800,-23.89800,-101.18400,13.23200
1536921873.61400,-0.05900,-0.04200,0.09800,-21.82700,-100.35900,11.63900
1536921873.64000,-0.02100,-0.00400,0.20200,-21.03200,-99.83000,10.55800
1536921873.69600,-0.04400,0.04500,0.18300,-19.77300,-98.61900,8.80100
1536921873.69600,-0.14300,-0.03900,0.06800,-19.15900,-97.84600,7.51900
1536921873.72100,0.02100,-0.00700,0.26200,-18.63800,-96.86300,5.51600
1536921873.74600,0.14900,0.00000,0.31900,-18.02100,-96.09700,3.88000
1536921873.77200,-0.00800,-0.00200,0.22100,-17.52000,-95.56900,2.91400
1536921873.79800,-0.14400,0.02300,0.10100,-16.67200,-94.87300,1.54900
1536921873.85400,-0.11100,0.01700,0.01100,-16.12300,-94.52900,0.58400
1536921873.85400,0.03100,0.06000,0.21300,-15.30900,-94.28800,-1.07000
1536921873.90600,0.28200,0.19200,0.21900,-14.43500,-93.63700,-3.11400
1536921873.90700,0.37800,0.29800,0.00000,-13.39500,-92.83300,-4.72100
1536921873.93100,0.30000,0.45200,-0.16800,-11.12700,-91.26400,-7.95300
1536921873.95600,0.33100,0.37400,-0.23200,-8.88200,-89.96000,-10.37500
1536921873.98200,0.42000,0.66400,-0.86900,-4.92300,-86.42500,-14.63200
1536921874.00800,0.77500,0.49000,-1.12100,0.57100,-79.99900,-20.16500
1536921874.03400,1.12100,1.23400,-0.97700,5.91400,-75.94100,-25.51800
1536921874.06200,0.61700,-0.14200,-0.10200,17.69800,-70.15000,-31.79400
1536921874.08800,0.81800,-0.31600,0.04900,25.28100,-67.91500,-33.76100
1536921874.11300,0.56600,-0.79700,0.12300,29.91800,-61.31800,-32.53400
1536921874.13900,-1.03800,-0.96300,-1.39300,27.64300,-55.95200,-28.10400
1536921874.16600,-0.84600,-1.35000,-0.68600,25.14700,-53.54300,-23.62200
1536921874.22100,-0.10900,-0.89400,-0.36900,19.18200,-54.64900,-23.61000
1536921874.22200,0.12400,-0.86300,-0.46000,12.99100,-56.70300,-23.34200
1536921874.24500,-0.00500,-0.55700,-0.59600,2.68500,-60.27900,-19.56700
1536921874.27000,0.11000,-0.32800,-0.53600,-3.89500,-61.59500,-16.06800
1536921874.29700,-0.07800,0.16600,-0.48700,-12.88500,-62.59100,-9.57500
1536921874.32300,-0.42200,0.59100,-0.41500,-20.89200,-63.40800,-1.21700
1536921874.35000,-0.77300,1.39500,0.14800,-26.77900,-64.30400,4.79700
1536921874.37500,-0.95300,1.54200,2.00600,-35.71800,-68.36400,15.53000
1536921874.40200,-0.60700,-0.11300,3.28800,-40.97600,-72.77400,23.32800
1536921874.42800,-1.14200,-2.10500,3.44200,-46.09900,-78.84000,31.68400
1536921874.45400,-0.12800,-1.49500,1.87800,-47.38500,-79.29100,32.06500
1536921874.48200,-0.22400,2.76300,-2.02500,-42.92900,-73.50100,25.06300
1536921874.50800,-0.39500,-0.41100,2.00100,-36.42000,-68.80800,16.28900
1536921874.53300,-0.08400,-0.91600,0.38000,-34.91900,-70.67700,18.11600
1536921874.55900,-0.03700,0.45200,-0.11500,-32.96000,-70.01300,15.41900
1536921874.58600,-0.12200,0.18100,0.33400,-30.71000,-69.54600,14.57200
1536921874.61300,-0.37500,-0.17700,0.28200,-28.65100,-69.15300,13.38700
1536921874.66900,0.04800,0.10700,0.24600,-27.28800,-68.82700,12.26100
1536921874.66900,0.01700,0.00500,0.20100,-26.47700,-68.20900,11.23300
1536921874.69000,-0.09300,0.03600,0.20700,-25.34100,-67.24200,9.72300
1536921874.71600,-0.11800,-0.07600,0.21800,-24.68300,-66.69600,8.76600
1536921874.74300,0.12000,0.15300,0.21100,-24.24800,-65.81100,7.14900
1536921874.77000,-0.12200,0.07500,0.16100,-23.72100,-64.96100,6.00800
1536921874.79500,-0.11200,0.05000,0.16300,-22.82300,-63.60400,4.06400
1536921874.82200,-0.09100,0.16800,0.10200,-21.86100,-62.18600,1.81700
1536921874.87700,-0.14200,0.19300,0.06800,-21.10500,-61.11500,0.07000
1536921874.87800,-0.22700,-0.01400,-0.09200,-19.31800,-59.26600,-2.68400
1536921874.90200,-0.01900,0.26200,-0.15100,-17.99800,-58.36500,-4.75100
1536921874.92700,0.15900,0.48800,-0.24700,-15.71200,-57.40200,-8.50200
1536921874.95300,0.09600,0.36400,-0.41500,-12.14000,-55.73600,-12.74400
1536921874.98000,0.02800,0.57800,-0.63900,-9.41400,-53.40000,-16.13100
1536921875.00500,0.76700,0.98600,-1.61500,-3.65000,-47.62700,-22.72500
1536921875.03300,0.00900,0.62100,-1.73900,2.63200,-44.14400,-27.69100
1536921875.05800,0.33000,-0.57600,-0.65200,15.33500,-38.48300,-33.90100
1536921875.08400,0.54100,-0.70700,0.52100,25.72800,-34.31300,-36.95300
1536921875.11100,0.34100,-1.02800,-0.18200,27.01400,-29.82000,-33.84700
1536921875.13700,-2.21100,-1.18000,-0.92000,22.59800,-25.89200,-28.05800
1536921875.16300,-0.41200,-1.06400,-0.31000,19.52700,-27.57300,-27.08700
1536921875.19000,-0.01500,-0.65100,-0.38300,11.15100,-30.10500,-26.90800
1536921875.21600,-0.24300,-0.69100,-0.53500,1.40800,-33.58200,-23.51200
1536921875.24200,-0.31800,-0.38200,-0.58600,-4.92000,-35.50500,-19.59500
1536921875.26900,-0.17500,0.12500,-0.43000,-13.51900,-37.32100,-13.05900
1536921875.29500,-0.46500,0.39000,-0.30800,-18.74200,-38.77500,-7.76000
1536921875.32000,-0.43700,0.87700,0.04100,-26.48700,-41.50000,1.59500
1536921875.34700,-0.17400,1.27000,1.75700,-32.01100,-44.62600,8.57000
1536921875.37400,0.43600,0.80700,3.04700,-39.72700,-52.24400,20.17800
1536921875.40300,0.54300,-1.29500,3.24300,-44.34700,-60.61100,29.44200
1536921875.40300,0.49600,-2.07500,3.71900,-45.72700,-63.87700,32.10100
1536921875.42600,-0.21600,-0.83200,0.70200,-43.34600,-61.54200,27.27300
1536921875.45300,-0.57100,2.07100,-1.81200,-40.14600,-58.05200,22.82000
1536921875.50800,-0.32400,0.31100,2.53600,-35.29400,-55.70800,16.06800
1536921875.50800,-0.05100,-0.88000,-0.15800,-32.56600,-55.42500,15.03300
1536921875.55900,0.45900,0.39000,0.20000,-32.55800,-56.34700,13.94400
1536921875.56000,0.10400,-0.16400,0.23600,-29.74600,-55.95600,12.68700
1536921875.58400,-0.14700,-0.15100,0.29800,-28.80800,-55.79800,11.77000
1536921875.61000,-0.08700,0.00800,0.22800,-27.67100,-55.34300,10.64500
1536921875.63600,0.07000,-0.06300,0.21200,-27.27000,-54.88000,9.27000
1536921875.69100,-0.13300,0.01000,0.28400,-27.01800,-54.48100,8.37400
1536921875.69200,0.04700,0.12000,0.13700,-26.79700,-53.79500,6.96200
1536921875.71600,-0.01900,0.10100,0.16000,-26.46400,-53.18400,5.92200
1536921875.77100,-0.65800,-0.11000,-0.09600,-25.48700,-51.92700,4.12700
1536921875.77100,-0.10700,0.50900,0.17500,-24.48800,-51.26900,3.31400
1536921875.82200,-0.42900,0.10900,0.05100,-23.41400,-49.99100,0.99300
1536921875.82300,-0.18600,0.28600,0.06400,-21.64700,-48.66200,-1.47800
1536921875.84700,-0.17500,0.09200,-0.07800,-20.08200,-47.73700,-3.33500
1536921875.87200,-0.00400,0.44000,-0.28500,-17.57900,-46.66200,-6.64200
1536921875.89900,-0.08900,0.42500,-0.42600,-15.41100,-46.04000,-9.26600
1536921875.92500,0.09000,0.46700,-0.51200,-11.09100,-44.29500,-13.76000
1536921875.95100,0.18500,1.24500,-2.16000,-6.05600,-38.99700,-19.36500
1536921875.97700,0.37500,0.92700,-1.14900,-0.53900,-35.91700,-24.58700
1536921876.00300,-0.29000,0.18400,-1.45500,11.25100,-31.24300,-31.77100
1536921876.03000,0.43000,0.17500,-0.56600,20.59500,-29.33900,-35.28000
1536921876.05600,-0.32600,-1.34200,-0.11100,29.03400,-26.75500,-36.99600
1536921876.08200,-0.77100,-0.88800,-0.60600,27.56700,-24.40900,-34.31600
1536921876.10800,-0.51800,-1.44500,-0.58400,21.95300,-25.34800,-31.06100
1536921876.13500,0.30100,-0.83500,-0.16600,16.26600,-27.28300,-29.76600
1536921876.16100,0.39200,-0.75400,-0.25400,11.10800,-28.03900,-28.64100
1536921876.18700,-0.17000,-0.74600,-0.54400,2.01900,-29.47000,-24.59600
1536921876.21300,-0.07600,-0.54500,-0.43200,-4.15200,-30.50600,-21.01300
1536921876.23900,-0.13400,0.06400,-0.53400,-13.34400,-31.64000,-14.79000
1536921876.26600,-0.37700,0.63100,-0.30200,-22.36900,-33.40000,-7.25400
1536921876.29400,-0.43100,1.24800,0.22900,-28.53000,-35.87200,-0.82600
1536921876.31900,0.04500,1.47900,2.13100,-37.60300,-43.58600,11.32200
1536921876.34500,0.82800,-0.48500,3.51700,-43.15200,-50.50900,20.02000
1536921876.37100,1.09500,-1.68300,3.63500,-47.53200,-57.47700,27.54800
1536921876.39700,-0.06900,-1.07000,3.16000,-48.43600,-57.04700,27.11800
1536921876.42300,-0.19600,-0.71700,-1.75700,-44.58700,-52.00500,20.56200
1536921876.45000,0.06800,-1.90900,2.86700,-38.76900,-48.82200,13.95700
1536921876.47600,0.74700,0.51500,3.10700,-37.11200,-50.95700,12.13500
1536921876.50200,0.15200,-0.84400,-0.02700,-33.28600,-52.37700,10.81700
1536921876.52800,0.56300,0.07200,0.48600,-32.87700,-52.65100,9.17200
1536921876.55400,-0.38000,0.03400,0.36700,-30.73800,-52.14900,7.77100
1536921876.58000,-0.31100,-0.09800,0.18000,-29.51600,-51.94400,6.28700
1536921876.60700,-0.03200,0.21700,0.27700,-29.21900,-51.59400,5.12100
1536921876.63300,-0.21500,0.04700,0.21100,-28.43600,-50.59400,3.44100
1536921876.65900,-0.04100,0.01500,0.12600,-28.16800,-50.01200,2.28400
1536921876.71500,0.02900,0.10800,0.11400,-27.80500,-48.97500,0.46300
1536921876.71600,-0.08400,-0.04900,0.13900,-27.29500,-48.21900,-0.70800
1536921876.73800,-0.11300,-0.03900,0.12000,-26.42300,-47.23600,-2.41000
1536921876.76400,-0.09300,0.12100,0.12900,-25.51200,-46.42800,-4.25500
1536921876.79000,-0.14200,0.12200,0.10000,-24.74500,-45.90100,-5.61000
1536921876.81800,-0.17000,0.15400,0.05500,-23.44000,-44.85400,-7.95500
1536921876.84400,-0.09900,0.19300,-0.12500,-22.27700,-44.09900,-9.61900
1536921876.87000,-0.03600,0.48100,-0.23000,-20.50100,-42.88600,-12.87800
1536921876.89500,-0.16200,0.45700,-0.47600,-17.29300,-41.29900,-16.65100
1536921876.92200,-0.39400,0.49200,-0.58600,-14.51600,-39.59100,-19.74000
1536921876.94800,0.08200,0.94000,-2.40500,-9.15100,-35.05300,-25.56200
1536921876.97600,0.07500,0.78000,-1.37600,-3.94800,-32.88300,-31.24200
1536921877.00100,-0.79100,0.38000,-1.90700,7.89700,-29.78800,-39.14500
1536921877.02700,0.46600,-0.52400,0.22500,18.75100,-28.67000,-43.46400
1536921877.05300,0.67700,-0.41600,0.45900,28.77000,-26.09200,-45.12900
1536921877.08000,-0.83800,-1.84900,-1.21100,26.43600,-19.46900,-39.52800
1536921877.10500,-1.13000,-1.40100,-0.36600,23.71600,-17.74500,-36.03800
1536921877.13200,-0.48100,-1.13600,-0.11800,18.58200,-17.34300,-33.82400
1536921877.15800,-0.29500,-0.95600,-0.37100,12.41900,-17.38100,-32.82000
1536921877.18400,-0.41100,-0.79700,-0.52700,1.49100,-18.69600,-29.21500
1536921877.21100,-0.33700,-0.44100,-0.44400,-8.86400,-19.81700,-23.79100
1536921877.23700,-0.35300,0.00400,-0.38000,-15.14000,-20.01600,-19.53000
1536921877.26400,-0.73900,0.37400,-0.17400,-23.55500,-20.47800,-11.40800
1536921877.29100,-0.81100,0.93700,0.16800,-29.38800,-21.12700,-5.16600
1536921877.31600,0.11300,1.63100,2.03000,-38.72800,-25.51000,6.33600
1536921877.34100,1.57500,0.17600,3.24700,-47.39300,-34.09500,19.86100
1536921877.36800,2.09700,-1.73200,3.43200,-50.83400,-37.97700,25.76200
1536921877.39500,1.17700,-1.16400,3.28400,-52.42500,-34.20300,24.41300
1536921877.42100,-2.10800,1.50400,-1.99100,-48.78700,-26.20900,16.99800
1536921877.44700,2.22100,-2.25500,2.24000,-42.48200,-15.37000,7.32600
1536921877.47300,-0.51000,-1.10100,0.01200,-40.87100,-17.59700,4.58300
1536921877.49900,-0.01100,-0.00400,0.15800,-36.45100,-19.82400,3.99600
1536921877.52600,-0.16600,-0.27100,0.26100,-34.58600,-20.35900,2.71000
1536921877.55200,-0.09800,0.02600,0.40300,-33.42000,-20.40300,1.95200
1536921877.57800,-0.17800,-0.17000,0.41000,-32.25100,-20.39500,0.91900
1536921877.60400,0.03700,0.17400,0.18100,-32.22800,-20.53500,0.28400
1536921877.63100,-0.13300,-0.09700,0.21100,-31.92200,-19.99200,-1.08900
1536921877.65800,-0.01600,-0.07100,0.17900,-31.98200,-19.58500,-2.45000
1536921877.68600,0.09700,0.14300,0.06800,-32.08500,-19.40500,-3.28700
1536921877.68700,-0.06400,-0.06800,0.11900,-31.68400,-18.65600,-4.56200
1536921877.70900,-0.06700,-0.05500,0.16500,-31.11400,-18.05200,-5.39500
1536921877.76500,-0.07400,0.13000,0.13000,-30.33200,-17.29500,-6.63100
1536921877.76600,-0.21600,0.07400,0.20200,-29.63800,-16.69700,-7.59400
1536921877.81700,-0.19700,0.08000,0.16800,-28.57100,-15.41800,-9.57400
1536921877.81800,-0.17500,0.47400,-0.14000,-27.33000,-13.55700,-12.32400
1536921877.86900,-0.27700,0.47400,-0.16600,-25.92200,-12.23900,-14.50900
1536921877.87000,-0.62100,0.33500,-0.00400,-22.71300,-9.85400,-18.71000
1536921877.89400,-0.94000,0.96000,-0.27900,-20.17800,-7.95400,-22.25500
1536921877.92000,-0.73100,1.22700,-2.38100,-15.25500,-2.71600,-29.21300
1536921877.94600,-1.11800,0.81200,-1.24000,-6.06900,4.80200,-37.26100
1536921877.97200,-1.70900,-0.08600,-1.03400,3.18900,10.03200,-42.35700
1536921877.99800,0.07300,-0.61300,-0.39400,21.25500,16.00600,-47.30700
1536921878.02500,0.43900,-0.49200,-0.34700,29.53600,20.58800,-48.67100
1536921878.05200,-2.67200,-2.74100,0.73100,30.81900,30.06600,-43.54800
1536921878.07700,-0.63900,-1.46500,0.86700,27.47300,32.25800,-40.74000
1536921878.13300,-0.49900,-1.11100,0.17000,21.38400,32.45000,-41.08800
1536921878.13300,-0.64000,-0.77200,-0.02900,7.79100,32.09200,-39.58500
1536921878.15600,-0.68500,-0.67800,0.05800,-0.55000,32.54900,-36.11800
1536921878.18300,-0.81100,0.00000,0.06500,-10.37000,35.21700,-30.53400
1536921878.20900,-0.81600,0.02900,0.61300,-15.41300,37.04800,-25.74500
1536921878.23500,-0.63200,0.74400,0.98400,-22.67800,40.66100,-18.11000
1536921878.29000,0.67500,1.43600,1.38200,-30.47100,43.16100,-11.71700
1536921878.29100,2.42300,1.07500,1.53100,-34.62700,43.46800,-8.27800
1536921878.31300,2.60500,-0.13000,0.62700,-38.65600,41.06800,-3.39200
1536921878.34000,2.76800,-0.82000,0.52600,-38.87800,38.29000,-1.72000
1536921878.36600,-0.61700,-0.26300,0.70600,-34.73800,39.17900,-4.59900
1536921878.39200,2.84700,-0.03800,0.50700,-31.51200,39.29400,-7.84400
1536921878.41800,0.22000,-0.29000,0.13300,-29.36200,37.76400,-7.05800
1536921878.47300,-0.17100,0.22300,-0.28900,-27.57500,37.23100,-8.43200
1536921878.47400,0.03100,0.09700,0.44300,-26.05600,36.60100,-9.00400
1536921878.49800,-0.03200,0.08500,0.56200,-24.48100,36.15500,-9.71400
1536921878.55300,-0.10000,-0.03300,0.11900,-24.00800,36.27500,-10.42100
1536921878.55300,-0.08800,0.12000,0.09500,-23.84100,36.72700,-11.69100
1536921878.57600,-0.01500,-0.02300,0.17800,-23.70800,37.23900,-12.93500
1536921878.63100,-0.18900,0.07200,0.05200,-23.85000,37.79100,-13.84000
1536921878.63200,-0.17500,0.03300,0.06200,-23.43600,38.79600,-15.07400
1536921878.65400,-0.15500,-0.05000,0.10100,-22.57700,39.35000,-15.63000
1536921878.68100,-0.21000,0.09700,0.12400,-21.39400,40.03200,-16.55700
1536921878.70700,-0.16900,0.09600,0.27800,-19.75000,40.44200,-17.54500
1536921878.73300,-0.22300,0.12100,0.24800,-18.62500,40.70100,-18.47600
1536921878.75900,-0.31500,0.15500,0.19500,-16.79000,41.04200,-20.30100
1536921878.81500,-0.42100,0.05900,0.23800,-15.21800,41.05400,-21.70100
1536921878.84100,-0.64500,0.37800,0.14500,-12.86000,40.92900,-24.70900
1536921878.84200,-0.70500,0.21100,0.13700,-10.47900,40.68300,-26.98400
1536921878.86700,-0.70900,0.32000,0.17600,-6.29600,40.80200,-31.22700
1536921878.89100,-2.34300,0.17600,-0.35500,0.73800,43.84800,-35.71800
1536921878.91700,-1.48100,0.28700,-0.21500,7.54900,45.61700,-39.98600
1536921878.94300,-2.17200,-0.15900,0.41800,21.66600,47.13000,-47.05400
1536921878.96900,0.03200,-0.56800,-0.37300,33.64200,46.98900,-51.50000
1536921878.99700,-0.16600,-0.62200,-0.73900,45.10500,46.28600,-54.90300
1536921879.02200,-1.31200,-2.33000,0.63100,43.71500,51.08700,-49.93500
1536921879.04800,-0.65400,-1.32600,1.00700,40.93000,52.70700,-45.92800
1536921879.07400,-0.05000,-1.24600,0.32400,36.68400,53.43500,-43.46100
1536921879.10100,-0.27700,-0.89300,-0.14300,31.64800,54.55400,-42.23600
1536921879.12700,-0.63000,-1.06900,0.18600,21.01500,55.29200,-38.76200
1536921879.15400,-0.64200,-0.65200,0.18500,13.11600,55.84300,-35.61700
1536921879.17900,-0.60300,-0.36900,0.14700,2.08800,57.00600,-30.43800
1536921879.20600,-0.80500,0.03800,0.51000,-7.94100,58.42500,-23.86000
1536921879.23200,-0.64500,0.65100,0.71200,-14.11000,59.19700,-18.74500
1536921879.25800,0.07800,1.70800,0.87500,-23.46100,58.92400,-10.85500
1536921879.28600,2.07600,1.86500,0.10900,-28.79400,57.96700,-6.44700
1536921879.31000,3.01400,0.15000,-0.11700,-35.11200,55.10400,-0.14300
1536921879.33700,3.39900,-0.80600,-0.36900,-37.78600,52.94500,2.49300
1536921879.36300,2.31900,2.36900,-0.04200,-37.95900,53.36300,1.14800
1536921879.41900,-3.64500,1.91300,1.83700,-33.11100,55.85300,-2.30900
1536921879.41900,0.30200,0.17100,0.64400,-30.61500,55.85000,-6.99900
1536921879.44300,1.08500,-0.57900,-0.01500,-27.26300,52.26600,-5.95300
1536921879.46800,-0.03000,0.25000,-0.15200,-26.14700,51.64200,-8.21200
1536921879.49500,0.03300,-0.18600,0.20800,-24.64800,51.20100,-8.77600
1536921879.52100,0.08400,-0.02100,0.24400,-23.29400,50.74300,-9.64900
1536921879.54700,-0.06100,-0.02300,0.36000,-22.84700,50.63100,-10.33300
1536921879.57500,-0.08200,0.08300,0.06600,-22.70200,50.92900,-11.66300
1536921879.62700,-0.10500,0.01100,0.24900,-22.55600,51.44800,-13.03100
1536921879.65600,-0.19100,0.03600,0.07500,-22.50800,51.84300,-13.97600
1536921879.65600,-0.09900,-0.05900,0.09600,-21.94500,52.45400,-15.32100
1536921879.73700,-0.13100,-0.04600,0.09000,-21.27900,52.79800,-16.08500
1536921879.73800,-0.17600,0.06500,0.14700,-20.12700,53.27500,-17.18500
1536921879.73900,-0.15300,0.09300,0.27500,-19.21200,53.50000,-17.97700
1536921879.75700,-0.21000,0.14700,0.35300,-17.85500,54.04800,-19.60900
1536921879.78300,-0.27800,0.01900,0.24400,-16.25400,54.81400,-21.74200
1536921879.83600,-0.61100,0.21600,0.40300,-12.30000,55.81900,-26.44400
1536921879.86300,-0.76200,0.28600,0.34300,-9.88200,56.16700,-28.90500
1536921879.88800,-0.87100,0.35900,0.54200,-5.55200,56.93000,-33.33200
1536921879.91500,-2.14500,0.14800,0.32300,1.61600,60.16500,-38.03200
1536921879.97300,-1.67000,0.55200,0.28200,9.13300,62.08900,-42.17100
1536921879.97300,-1.49200,-0.17800,0.90800,25.10900,64.87800,-48.77500
1536921879.97400,0.01700,-0.31900,-0.52700,35.84500,64.69900,-52.09300
1536921879.99300,-0.17200,-0.36000,-0.44500,41.17700,69.18300,-51.06200
1536921880.02000,-0.76100,-1.89100,1.81300,39.09100,74.31300,-45.61200
1536921880.07500,0.31800,-1.61900,0.90100,36.99400,76.72200,-41.99300
1536921880.07500,-0.12500,-1.13000,0.46800,29.84700,78.95100,-40.99200
1536921880.12700,-0.22700,-0.97900,0.22400,22.60200,79.83300,-39.87900
1536921880.12800,-0.34300,-0.81500,0.98200,9.83400,81.51200,-35.65500
1536921880.15200,-0.42900,-0.16600,0.83200,2.03800,83.15800,-32.32500
1536921880.23600,-0.19700,0.03400,0.85500,-7.98600,85.72900,-26.08600
1536921880.23600,0.06200,0.53800,1.16500,-16.17100,88.22200,-17.67100
1536921880.23700,0.64100,1.38900,0.96200,-21.54900,89.29800,-12.03500
1536921880.25600,1.62600,1.95300,-1.21900,-28.89900,90.19300,-5.77100
1536921880.28400,2.52400,0.37500,-1.63100,-32.55100,89.87300,-1.49800
1536921880.30900,2.51800,-0.20000,-2.22300,-36.51200,88.70400,1.63700
1536921880.33500,1.46300,-0.87500,-1.18800,-35.44300,88.47200,0.22500
1536921880.39000,-1.23400,1.94000,3.55700,-31.76300,90.80500,-2.27700
1536921880.39100,0.58100,0.01400,-0.01500,-27.61900,88.96000,-5.19300
1536921880.47300,0.35500,-0.52500,-0.24400,-25.81400,87.92300,-5.77400
1536921880.47300,0.05900,0.12500,0.07700,-24.88300,87.28000,-7.53000
1536921880.47400,0.09200,0.03200,0.15800,-23.22600,86.86100,-7.93500
1536921880.49200,0.05900,-0.11500,0.06700,-22.19000,86.71100,-9.21800
1536921880.54700,0.01500,0.16300,0.13100,-21.71000,87.10900,-10.62500
1536921880.54800,0.02900,-0.14300,0.13000,-21.15400,87.53300,-11.49600
1536921880.57100,0.03200,0.04400,0.13300,-21.12000,88.11300,-12.94300
1536921880.65700,-0.20900,0.09600,0.11100,-21.15100,88.61400,-13.91000
1536921880.65700,-0.11100,0.03600,0.15000,-20.84900,89.59000,-15.30400
1536921880.65800,-0.05200,0.00300,0.20200,-20.22000,90.17200,-16.10400
1536921880.70400,-0.04200,0.05800,0.24500,-19.35500,90.87400,-17.40500
1536921880.73300,0.10200,0.04100,0.31000,-18.27000,91.36600,-18.88300
1536921880.73300,0.02400,0.11500,0.36000,-17.66700,91.79800,-20.16100
1536921880.78300,-0.15000,0.08400,0.29600,-16.49500,92.65500,-22.45600
1536921880.78400,-0.24900,0.07300,0.32700,-15.46100,93.36800,-24.23200
1536921880.80700,-0.29800,0.36100,0.58900,-13.44500,94.54200,-27.46900
1536921880.83400,-0.21500,0.08600,0.78400,-9.69700,96.24800,-30.77200
1536921880.86000,-0.20200,0.18500,0.86100,-6.85600,97.39300,-33.48200
1536921880.94500,-0.50100,0.18100,1.77100,-0.39300,100.88000,-37.88100
1536921880.94500,-1.30300,0.88500,1.37000,6.04900,104.30300,-42.42700
1536921880.94500,-0.81400,0.03400,2.00100,20.89600,106.36400,-50.39900
1536921880.96500,-0.59300,-0.39900,0.26200,34.34500,106.35500,-55.05500
1536921881.01800,-0.13000,-2.29800,1.32400,48.23200,114.09500,-52.27600
1536921881.04400,1.05900,-1.41700,1.53100,44.05500,119.33500,-46.50000
1536921881.07100,0.81700,-1.34400,0.16100,40.18100,120.94900,-42.84800
1536921881.09700,0.02900,-0.89200,0.35500,35.26300,122.65500,-41.37800
1536921881.12200,0.28100,-0.97700,0.73700,24.59500,124.07200,-38.23400
1536921881.14800,0.21100,-0.64400,0.89200,12.73800,124.96500,-32.54200
1536921881.17400,0.02800,-0.29600,0.82900,5.48100,126.17300,-28.39800
1536921881.20100,0.33600,0.00000,0.85200,-3.77600,127.71500,-20.82400
1536921881.22700,0.52300,1.02000,0.72300,-9.16400,128.75600,-14.94000
1536921881.25300,0.50600,1.89400,-0.10500,-17.42100,129.58300,-6.21000
1536921881.28000,0.64400,1.33700,-2.77100,-22.04200,130.03400,-1.93700
1536921881.30600,0.59500,0.05000,-3.29600,-26.96700,130.24900,3.50800
1536921881.33200,0.24400,-0.20600,-3.16500,-29.27800,129.46500,5.61200
1536921881.35800,0.08300,1.80800,-2.31100,-28.70900,129.81200,4.03400
1536921881.38400,1.65400,2.09600,-0.41700,-24.95600,132.64400,0.66200
1536921881.41100,0.25900,-0.04200,0.88000,-21.94000,131.81600,-1.44700
1536921881.43700,0.06100,-0.02000,-0.20200,-19.00800,130.35600,-1.99600
1536921881.46300,-0.32900,-0.07100,0.20600,-16.61200,129.91100,-2.93700
1536921881.49100,-0.03900,-0.02500,0.06800,-15.02000,129.68300,-3.61500
1536921881.51600,0.00600,-0.05000,0.11700,-13.55400,129.73800,-4.69600
1536921881.54200,0.02100,0.07100,0.16600,-13.13700,130.01100,-5.54700
1536921881.56800,-0.09900,0.01300,0.15700,-12.71200,130.54500,-6.93900
1536921881.59500,0.05400,0.05400,0.07800,-12.59300,130.95300,-7.91800
1536921881.62200,-0.05500,0.10700,0.27900,-12.34000,131.63000,-9.28300
1536921881.67600,-0.03400,-0.10400,0.16000,-11.68800,132.42900,-10.57100
1536921881.67700,-0.03800,-0.08600,0.14800,-10.94500,132.78900,-11.30700
1536921881.69900,0.01400,0.09500,0.24000,-9.84000,133.21100,-12.43800
1536921881.72600,0.09100,0.09600,0.20800,-9.00900,133.48200,-13.27200
1536921881.75300,0.17200,0.02200,0.31500,-7.46700,133.81400,-14.66500
1536921881.77900,0.06000,0.03800,0.40200,-5.53100,133.91600,-16.44000
1536921881.80400,-0.13600,0.40700,0.62600,-4.09600,133.97900,-18.23700
1536921881.83000,-0.02500,0.18400,0.73300,-0.34000,134.15500,-21.14800
1536921881.85700,0.11600,0.24100,0.68200,2.65000,134.94000,-23.43500
1536921881.88500,0.19700,0.12400,1.62700,8.46400,137.60300,-26.84500
1536921881.91200,0.08700,0.09500,1.94500,16.81900,140.30500,-32.68600
1536921881.93600,-0.24000,0.40500,1.99700,24.56400,140.69600,-38.25000
1536921881.99100,0.15100,-0.22200,1.76000,39.56900,140.30200,-45.35000
1536921881.99200,-0.76300,-0.74800,0.57400,47.26700,137.80100,-48.42000
1536921882.01400,-0.45600,-0.65800,0.03800,50.66300,140.02800,-47.47200
1536921882.04100,0.64900,-1.25300,0.65200,47.30000,143.75800,-42.61700
1536921882.06700,0.40400,-1.25900,0.45100,42.91800,145.05100,-37.86600
1536921882.09300,0.10500,-1.06000,0.00100,38.49400,145.62900,-34.90500
1536921882.12100,0.03200,-1.01700,0.48300,33.32200,146.09800,-32.95200
1536921882.17700,0.07300,-0.89400,0.45200,24.06500,145.71100,-29.28200
1536921882.17700,-0.03600,-0.71500,0.54700,17.11500,145.49400,-26.29000
1536921882.20200,0.11500,-0.35100,0.75100,6.65800,145.38400,-20.11700
1536921882.20200,0.25900,0.25800,0.80400,-3.23600,144.76200,-12.56400
1536921882.22400,0.40700,0.84500,0.61300,-9.64000,143.52900,-6.66800
1536921882.25100,0.04700,1.87500,-1.06800,-18.77500,138.90000,3.07800
1536921882.27800,-0.70000,2.01200,-2.92400,-24.00900,134.87400,9.05300
1536921882.33300,-1.16600,-0.67800,-4.06100,-27.90500,129.54600,15.36500
1536921882.33300,-0.45000,-0.74200,-4.06000,-28.85200,129.66700,15.13000
1536921882.38500,0.03400,0.67500,3.52700,-24.36600,131.51200,11.01700
1536921882.38500,-1.61200,-0.99500,-2.56700,-19.23200,131.73500,2.88000
1536921882.40900,0.84000,0.44100,1.29500,-18.22800,130.27400,2.63900
1536921882.43400,-0.44400,0.85700,0.22500,-15.98200,128.89100,0.36200
1536921882.46100,0.41300,-0.10600,0.14200,-13.97000,128.70100,-0.50800
1536921882.48700,-0.00700,0.17000,0.02600,-12.33700,128.36500,-2.09300
1536921882.51500,-0.32700,0.16000,0.04000,-10.59700,128.54700,-3.38200
1536921882.54100,0.01500,0.08400,0.15100,-9.66200,129.15200,-4.37800
1536921882.56600,0.05100,0.15200,0.07200,-8.26800,129.83700,-5.69700
1536921882.59200,-0.04300,-0.02300,0.17300,-7.49800,130.13800,-6.57500
1536921882.61800,-0.00700,0.01600,0.13300,-6.68900,130.60600,-8.09300
1536921882.64500,-0.00100,0.03100,0.14600,-6.04000,130.93300,-9.08000
1536921882.67300,-0.10200,0.07200,0.20200,-5.23300,131.46800,-10.68900
1536921882.69700,-0.12000,0.08700,0.23900,-4.09200,132.25500,-12.23200
1536921882.75200,-0.01500,-0.01200,0.21200,-2.94700,132.86900,-13.16300
1536921882.75300,0.27900,-0.03700,0.28200,-0.81300,133.63300,-14.67400
1536921882.77600,-0.10700,0.33800,0.70400,0.59900,133.87800,-16.07600
1536921882.80200,-0.13600,0.30900,0.74300,3.43600,134.07900,-18.98000
1536921882.82800,-0.15000,0.62900,1.77500,7.89700,135.19500,-22.65700
1536921882.85500,-0.98600,0.23800,2.51400,12.12800,137.61200,-25.51600
1536921882.88000,-0.50600,0.17300,1.82800,22.03500,142.41200,-30.96600
1536921882.90700,0.14300,-0.02200,1.73500,30.34600,146.99300,-33.79200
1536921882.93400,-0.78200,-0.41200,0.17600,42.59000,152.67400,-36.44900
1536921882.96000,-0.02800,-0.68400,-0.70900,46.50000,155.65200,-35.61700
1536921882.98600,1.33200,-1.11900,0.69800,43.97900,159.09600,-29.97600
1536921883.01200,0.52100,-1.12800,0.18800,39.74600,156.81500,-30.11500
1536921883.03800,0.16800,-0.99900,0.44200,34.45500,154.29400,-30.61700
1536921883.06500,0.26300,-0.93500,0.48100,24.46900,150.04300,-28.72700
1536921883.09100,0.14300,-0.77900,0.59300,17.63700,148.04500,-25.43500
1536921883.17500,0.19900,-0.37500,0.61500,8.23500,147.19700,-18.97500
1536921883.17600,0.28200,-0.24800,0.50700,3.12600,146.60300,-13.90600
1536921883.17700,0.07000,0.17300,0.62300,-4.23400,145.94700,-5.83200
1536921883.19600,-0.14400,1.20600,0.34800,-12.09700,145.06700,1.88900
1536921883.22200,-0.19600,0.80700,-1.76800,-17.20500,143.34600,6.14100
1536921883.24800,0.14000,1.25400,-2.10300,-25.09700,138.93500,12.40900
1536921883.27500,-1.78100,-0.20100,-3.11500,-28.71300,134.56400,15.29400
1536921883.30100,-1.12300,-0.48100,-3.19100,-30.23800,130.20300,16.62200
1536921883.32700,1.53100,0.10800,2.36900,-29.68200,134.22900,12.68500
1536921883.38200,2.24400,2.55500,2.63700,-26.13500,136.99500,11.27500
1536921883.38300,-0.54500,1.79300,-1.46200,-20.69300,137.88000,2.69800
1536921883.43300,-0.20700,-0.37100,-0.26500,-18.74200,136.18700,2.67800
1536921883.46200,-1.00400,0.52000,-0.37700,-17.12600,133.95900,0.45500
1536921883.46200,0.18900,0.23400,0.08400,-14.57600,134.05800,-0.75700
1536921883.48500,0.08700,0.08000,0.11100,-13.72300,134.24400,-1.80800
1536921883.54000,-0.44000,0.34700,0.12000,-13.06500,134.23200,-3.29500
1536921883.54100,0.27700,0.04700,0.08200,-12.46900,134.71200,-4.21800
1536921883.56400,0.07200,0.09700,0.16800,-11.85000,135.09400,-5.44300
1536921883.61900,-0.10100,0.10400,0.17300,-11.39100,135.21600,-6.25100
1536921883.61900,-0.07500,0.00700,0.19400,-10.60200,135.90800,-7.56200
1536921883.64300,0.05600,-0.07900,0.11900,-9.47200,136.59400,-8.83600
1536921883.69800,-0.02600,-0.00400,0.21500,-8.74100,136.93300,-9.75700
1536921883.69900,0.02200,0.12500,0.19600,-7.40400,137.32100,-11.24500
1536921883.77900,0.13500,0.06600,0.31100,-6.31900,137.62700,-12.34400
1536921883.77900,0.12900,0.03000,0.26300,-4.43000,138.04900,-14.33100
1536921883.78000,-0.04100,0.19200,0.48200,-2.27200,138.21000,-16.81100
1536921883.80000,-0.15000,0.36100,0.69300,-0.36500,138.22300,-18.81800
1536921883.82500,0.02700,0.30200,0.78400,3.85300,138.48600,-22.25900
1536921883.85200,0.10400,0.26200,1.10300,7.36800,139.46300,-24.79900
1536921883.87900,-0.34600,0.20500,2.56500,14.37600,142.64200,-29.58700
1536921883.90500,-0.21300,0.20900,1.87200,21.61100,144.49500,-33.93500
1536921883.93100,0.51700,-0.37500,1.74200,34.38700,148.30900,-39.36500
1536921883.95700,-0.48400,-0.41500,0.90900,46.23400,151.00200,-43.74300
1536921884.01300,-0.90300,-0.59100,-0.15600,49.23200,153.01800,-43.81700
1536921884.01300,1.59200,-1.61100,1.01200,43.76400,157.74100,-36.96500
1536921884.03700,0.45700,-1.31700,0.07300,40.94300,157.70700,-35.54400
1536921884.06300,0.33700,-0.92000,0.30300,33.89600,158.55500,-34.64300
1536921884.08800,0.43700,-1.00300,0.38300,23.75900,157.98600,-32.77200
1536921884.11400,0.60400,-0.74300,0.55100,15.80800,157.19900,-30.00600
1536921884.14100,0.31400,-0.25500,0.61300,4.59300,156.44600,-24.71800
1536921884.16700,0.28900,0.01600,0.59900,-2.06600,156.12500,-20.13800
1536921884.19400,0.54700,0.52300,0.46800,-10.77600,155.63600,-11.37900
1536921884.22000,0.38400,2.02800,0.14500,-16.55500,155.25300,-4.94500
1536921884.24600,-0.32700,1.88700,-1.39500,-25.33200,152.33700,5.60500
1536921884.27200,-2.03400,0.42300,-3.22700,-33.34700,148.39300,14.88500
1536921884.29800,-1.66800,-1.15800,-3.93200,-36.19100,149.31800,17.24700
1536921884.32500,-0.36200,0.70200,-0.32600,-35.49700,155.81700,13.97600
1536921884.38300,1.99400,0.98800,-2.26900,-30.46800,160.46400,11.73300
1536921884.38300,-2.99400,-0.43500,-1.29800,-23.91300,162.40300,4.49600
1536921884.38400,-0.54700,-1.92200,0.08400,-20.47900,160.84800,2.43300
1536921884.46200,-0.24300,0.86500,0.20700,-19.61600,159.16100,0.87200
1536921884.46200,0.09800,0.02000,-0.49700,-15.83600,158.32900,-0.30200
1536921884.48300,0.11000,-0.06900,0.03700,-13.39600,157.90500,-2.40400
1536921884.53900,0.09200,0.07100,0.05000,-13.52200,158.03700,-3.35700
1536921884.53900,0.13500,-0.15300,0.09900,-13.09600,158.67500,-4.62600
1536921884.59000,0.10200,0.12600,0.07100,-13.62500,158.84800,-6.07400
1536921884.59100,-0.14600,0.02700,0.26900,-13.69700,159.08200,-6.96600
1536921884.61500,-0.12100,-0.13700,0.14500,-13.52900,159.70000,-8.29700
1536921884.64000,-0.17100,-0.12000,0.26000,-13.08300,160.16900,-9.04500
1536921884.69500,0.02200,-0.08500,0.08600,-12.12000,160.78500,-10.12600
1536921884.69600,0.20400,0.01700,0.01500,-11.07900,161.20100,-11.26600
1536921884.71800,0.13000,0.11600,0.14400,-10.42100,161.57200,-12.27100
1536921884.74500,-0.09900,0.17400,0.41300,-9.36100,162.35900,-14.25800
1536921884.77100,0.02600,0.20000,0.52200,-8.23300,162.95300,-15.79300
1536921884.79800,0.11400,0.30900,0.55200,-6.04100,163.86400,-18.58600
1536921884.82400,0.19100,0.31700,0.68100,-2.63300,164.97700,-22.02500
1536921884.85000,0.43600,0.56500,0.73600,0.06100,166.41100,-24.90100
1536921884.87700,0.66400,0.36300,2.07300,6.30400,171.32200,-29.34400
1536921884.90200,0.91500,0.55200,1.73700,12.65000,175.33800,-33.00400
1536921884.92900,1.28100,-0.06400,1.55800,24.73300,-178.34700,-39.43300
1536921884.95400,0.46800,-0.58800,0.66400,34.71300,-175.61000,-42.58300
1536921884.98100,-1.20800,-0.48400,0.45300,45.10900,-171.49200,-44.93800
1536921885.00700,2.00200,-1.70100,-0.62500,42.56300,-161.39700,-36.39700
1536921885.03500,0.83300,-1.36000,-1.06900,40.69100,-159.06600,-33.08800
1536921885.06000,0.57800,-0.95800,-0.35900,34.31000,-157.89000,-33.71000
1536921885.08600,0.62000,-0.79600,-0.32700,27.65500,-157.98900,-34.64800
1536921885.11200,0.83800,-0.70200,-0.37800,15.20000,-158.86900,-32.21500
1536921885.16700,0.89300,-0.19500,-0.06700,3.71700,-157.54800,-26.26100
1536921885.16800,0.78100,0.06400,-0.20200,-1.89100,-156.05000,-21.09400
1536921885.19200,0.85300,0.31600,-0.50200,-8.40300,-153.75300,-11.67700
1536921885.21700,0.85300,0.82800,-0.41900,-12.92900,-151.89800,-4.72100
1536921885.24300,-1.05900,2.28100,-0.46700,-20.57000,-149.35300,4.11500
1536921885.27000,-2.64500,0.90500,-1.16600,-24.98600,-149.19200,9.01200
1536921885.29600,-3.08600,-0.65600,-0.56600,-29.89400,-152.33000,14.38300
1536921885.32300,-2.92100,-0.48000,-0.28100,-29.89200,-154.74600,15.84600
1536921885.34900,-1.49500,1.43600,-0.24200,-28.09800,-152.25800,12.13200
1536921885.37500,-0.74100,2.16000,-2.07300,-24.16600,-148.50500,9.07200
1536921885.40100,-1.32900,-0.16100,0.20700,-21.59500,-148.80100,6.43400
1536921885.42700,0.17000,-0.52000,-0.56000,-18.54300,-149.31100,5.77600
1536921885.45300,0.16700,0.50000,0.05200,-16.63300,-150.08500,4.60500
1536921885.48100,0.04900,-0.12800,-0.20900,-14.52600,-150.26700,4.13100
1536921885.50600,-0.05200,-0.05900,0.04500,-13.36800,-149.96500,2.79300
1536921885.53200,0.04300,-0.03400,0.00800,-12.83600,-149.55300,2.00300
1536921885.55800,0.03000,0.12300,0.18900,-12.54800,-148.61200,0.46200
1536921885.58400,0.07000,0.12000,-0.04100,-12.23200,-147.75800,-0.70100
1536921885.64000,0.05100,0.03100,-0.00600,-11.87200,-146.60600,-2.57100
1536921885.64100,0.06400,0.01200,0.11000,-11.64600,-145.59000,-4.44200
1536921885.66400,0.01600,0.00500,0.08300,-11.43400,-145.02900,-5.56100
1536921885.68900,0.05200,-0.05100,0.15200,-11.02300,-144.53200,-6.92200
1536921885.71600,0.11900,0.03100,0.11900,-10.89400,-144.44300,-7.86000
1536921885.80200,0.02600,0.00500,0.03200,-10.49500,-144.34000,-9.25500
1536921885.80200,0.13900,0.06600,0.28500,-9.98700,-143.90300,-10.75900
1536921885.80200,0.29600,0.14600,0.33700,-9.32000,-143.20200,-11.91700
1536921885.82200,0.54200,0.35900,0.19300,-7.39300,-141.09000,-14.07800
1536921885.84700,0.66000,0.28500,-0.03200,-5.58500,-140.41600,-15.97700
1536921885.87400,0.80500,0.34900,0.02800,-1.91300,-138.33600,-19.43200
1536921885.90000,1.86300,0.48200,-0.04200,1.20800,-136.90200,-22.24300
1536921885.92600,2.52900,0.36600,0.60800,6.94300,-134.96600,-28.72500
1536921885.95300,1.46400,0.55300,0.27400,17.25200,-135.44500,-37.83900
1536921885.97900,2.34200,0.31200,0.30500,27.45900,-135.12400,-43.50200
1536921886.03400,-0.00200,-1.45400,0.51200,41.60100,-139.68900,-49.00000
1536921886.03500,0.50300,-1.92200,0.10500,44.07000,-139.09600,-47.93500
1536921886.05700,1.61600,-2.18300,-0.70600,38.10800,-132.08800,-39.34500
1536921886.08300,0.17900,-1.22100,-0.29600,32.97600,-128.99800,-33.66500
1536921886.11200,0.20400,-1.27500,-0.31400,28.97500,-126.94800,-29.45500
1536921886.13700,0.81000,-0.65500,-0.32000,19.60100,-124.88900,-22.72100
1536921886.16200,0.69500,-0.74800,-0.51000,13.76900,-124.60800,-17.32900
1536921886.18800,0.67900,-0.02800,-0.13600,4.40400,-124.54600,-9.72400
1536921886.21400,0.54800,0.25300,-0.16000,-1.84000,-124.98500,-4.52500
1536921886.27000,-0.00400,1.29000,-0.09000,-11.65300,-127.45700,4.45100
1536921886.27000,-1.84300,1.83400,0.78300,-21.30000,-131.41200,14.37500
1536921886.29400,-3.33100,1.01500,1.33700,-27.32800,-134.12300,20.45200
1536921886.32100,-4.42000,-1.49100,0.94500,-32.40400,-135.19700,26.26200
1536921886.34600,-2.82300,1.46500,0.89500,-33.78200,-134.23100,26.98200
1536921886.37200,3.95700,1.91100,-0.40300,-31.02000,-127.64600,21.42100
1536921886.39800,-2.02500,-0.95900,1.81200,-24.57800,-122.34400,13.60200
1536921886.45400,-1.11200,1.07000,-0.18700,-22.85800,-124.49200,12.18300
1536921886.45500,-0.04800,0.38400,0.54900,-20.09400,-126.21900,10.56300
1536921886.47700,0.16700,-0.09900,0.13100,-19.09500,-126.69700,9.41300
1536921886.50400,-0.02600,0.05600,0.03300,-17.11700,-126.58400,8.11300
1536921886.52900,0.00500,0.14100,0.27800,-16.23400,-126.67500,7.21000
1536921886.55900,0.04900,0.08400,0.20500,-15.62200,-126.49400,5.69900
1536921886.56000,0.02900,0.00300,0.13200,-14.75500,-125.65400,4.20100
1536921886.61100,0.06300,-0.06400,0.16300,-14.10000,-124.92500,3.18900
1536921886.61200,0.09100,0.03400,0.22700,-13.08000,-123.80800,1.70600
1536921886.66100,0.02500,-0.05200,0.09300,-12.17700,-123.06800,0.81900
1536921886.69100,0.01600,0.02800,0.05200,-10.84200,-122.20100,-0.44500
1536921886.69100,0.01000,0.04500,-0.04600,-9.62300,-121.68300,-1.81700
1536921886.74200,0.05700,0.12100,-0.00900,-8.91200,-121.42400,-2.87200
1536921886.74300,0.21600,0.17300,0.05100,-7.79100,-121.09700,-4.72000
1536921886.76600,0.37700,0.22100,0.11500,-6.57100,-120.90400,-6.08200
1536921886.79200,0.40300,0.36600,0.03400,-4.65700,-120.72400,-8.91900
1536921886.81900,0.53200,0.38600,0.01600,-2.54900,-120.48400,-10.96800
1536921886.87400,0.64300,0.46800,-0.05700,1.11400,-119.45200,-14.70300
1536921886.87400,2.39100,0.52800,-0.04500,6.14600,-115.89700,-18.78500
1536921886.89800,1.66100,0.51700,-0.34900,10.75300,-113.03800,-22.59700
1536921886.92300,2.24900,0.39000,-0.28800,20.36800,-109.24600,-30.34000
1536921886.95000,0.98300,-0.58200,-0.09600,28.83400,-106.82600,-33.97900
1536921886.97600,-0.18200,-0.87900,1.10200,39.51800,-103.62600,-38.74200
1536921887.03100,0.80300,-2.05700,-1.78000,40.41200,-99.88400,-36.42100
1536921887.03200,-0.13900,-1.43600,-1.00700,35.77000,-95.51600,-29.96900
1536921887.05500,0.08100,-1.00500,-0.72100,28.44100,-93.52000,-28.56500
1536921887.08100,0.09400,-0.94400,-0.79000,21.49000,-93.76200,-27.54400
1536921887.13700,0.16500,-0.64000,-0.94000,9.58300,-95.25900,-23.19200
1536921887.13700,0.36100,-0.17300,-0.62400,2.08500,-95.64300,-19.25700
1536921887.18800,0.29400,0.24200,-0.52100,-7.47200,-95.53700,-11.49200
1536921887.18900,-0.15800,0.86500,-0.69000,-15.49000,-94.84900,-1.86300
1536921887.21300,-0.76300,1.44700,-0.17100,-21.05300,-94.65300,4.50200
1536921887.26900,-1.91900,1.39600,2.04500,-29.08900,-95.20800,13.06800
1536921887.26900,-2.57800,-0.46700,2.07900,-33.25800,-95.58900,17.58300
1536921887.32000,-2.49400,-1.11000,2.44100,-36.64900,-95.92800,20.71900
1536921887.32100,1.56100,0.05300,-2.08200,-32.13900,-92.10700,16.89500
1536921887.34300,-1.41600,3.37500,-2.02500,-29.80200,-89.16000,13.77500
1536921887.37000,0.24700,0.97500,-1.67700,-23.84500,-92.24300,10.82400
1536921887.39600,0.35800,0.68600,0.82600,-21.66800,-92.83100,8.81700
1536921887.42300,-0.29500,-0.22900,-0.01100,-18.81600,-92.74600,7.06700
1536921887.44800,-0.13300,0.15100,0.23300,-17.33200,-92.60200,6.24400
1536921887.50400,-0.09300,-0.09700,-0.02100,-15.67400,-92.17100,5.17500
1536921887.50400,0.02800,0.05500,0.14200,-15.12600,-91.56000,3.75700
1536921887.52900,-0.01800,-0.09000,0.02000,-14.61900,-91.00700,2.84200
1536921887.55400,0.05300,0.07900,0.01200,-14.49800,-90.56300,1.29700
1536921887.58000,0.11600,0.05700,0.10400,-14.41900,-90.16600,0.16900
1536921887.60600,0.08500,-0.03700,0.13900,-14.11900,-89.64700,-1.44700
1536921887.63200,0.13300,0.06400,-0.00600,-13.63500,-89.08100,-2.96900
1536921887.65800,-0.04500,-0.02800,-0.04800,-12.99600,-88.69300,-3.96600
1536921887.68600,0.04800,0.05200,0.06300,-12.11900,-88.21700,-5.67800
1536921887.71100,0.11200,0.10600,0.00500,-11.56500,-87.80900,-6.92600
1536921887.73700,0.09300,-0.02500,-0.10400,-10.25400,-86.86600,-8.95000
1536921887.79300,0.43400,0.48400,-0.15700,-9.28100,-86.22700,-10.66800
1536921887.79300,0.21000,0.18800,-0.26300,-6.93900,-85.21600,-13.79300
1536921887.81600,0.37400,0.42300,-0.42500,-3.67700,-83.52100,-17.39900
1536921887.84300,0.75900,0.60800,-0.94300,-0.86000,-81.28400,-20.18700
1536921887.86800,1.02800,0.57500,-1.32700,5.32700,-75.95200,-25.45100
1536921887.89500,1.44600,0.65300,-1.65300,11.22200,-72.35100,-30.46400
1536921887.92100,0.66700,0.00500,-1.91000,24.03200,-67.53700,-36.50400
1536921887.94700,0.96100,-0.59900,0.94800,35.49300,-64.05100,-40.20700
1536921887.97400,0.14200,-1.39600,-0.86800,36.65200,-59.02200,-37.19000
1536921888.00000,-1.07200,-1.46100,-0.65700,33.29900,-53.82400,-30.47600
1536921888.02600,-0.81800,-1.33300,-0.57400,30.14500,-52.27900,-30.02700
1536921888.05200,-0.04100,-0.80600,-0.29200,21.48600,-51.87000,-30.07600
1536921888.08000,-0.71200,-0.82600,-0.77400,14.15800,-52.21700,-28.06500
1536921888.10600,-0.51100,-0.37600,-0.93900,3.17700,-51.85200,-22.24400
1536921888.13200,-0.54500,0.07400,-0.66500,-6.28200,-50.64900,-15.56600
1536921888.18700,-0.70700,0.19000,-0.54400,-11.49000,-50.34400,-10.14000
1536921888.18800,-0.64200,1.03300,-0.21100,-18.93700,-49.92900,-0.42400
1536921888.21000,0.07700,1.81400,1.82600,-24.50900,-50.59400,6.59000
1536921888.23600,0.31700,1.22200,3.08600,-32.90000,-54.05400,17.06600
1536921888.26200,-0.22500,-0.94600,3.35000,-38.47700,-57.60600,24.36100
1536921888.28800,0.58200,0.23200,4.17300,-39.80000,-59.59900,25.43800
1536921888.31600,-0.33700,2.35900,-2.74600,-35.40600,-56.89700,21.39800
1536921888.34100,0.99500,-2.61600,2.94300,-33.11500,-56.05900,16.59300
1536921888.36700,-0.35800,0.14700,-0.54200,-29.23500,-56.13400,13.83700
1536921888.39400,0.77300,0.50000,0.31700,-26.93700,-57.68800,11.84400
1536921888.44900,-0.31800,-0.16400,-0.08100,-24.67100,-57.66300,11.23500
1536921888.44900,-0.15900,0.04600,-0.12000,-22.60700,-57.26900,9.56900
1536921888.47200,0.40600,0.04600,0.12900,-21.89200,-57.51100,8.62500
1536921888.49800,-0.16600,-0.08500,0.08400,-20.52800,-56.57700,6.99200
1536921888.52500,-0.06600,-0.01900,-0.00500,-19.09800,-55.61000,6.02900
1536921888.55100,-0.00300,0.00000,0.03500,-17.62000,-54.69800,4.51800
1536921888.57900,-0.00400,0.05500,0.10700,-16.03400,-53.81500,2.90000
1536921888.60400,-0.00800,0.01900,0.06400,-15.11700,-53.28400,1.68500
1536921888.63000,0.03200,0.07600,0.07700,-13.86500,-52.49800,-0.26500
1536921888.68600,0.02300,0.13100,0.01400,-12.96300,-51.96800,-1.56900
1536921888.68600,-0.00800,0.13900,-0.11600,-11.43200,-51.11300,-3.58400
1536921888.70900,-0.14100,0.04600,-0.14400,-9.33600,-50.31600,-5.78100
1536921888.73400,-0.03800,0.19400,-0.23700,-7.77600,-50.07800,-7.48800
1536921888.76200,0.12000,0.37500,-0.46600,-5.09700,-49.86700,-10.59600
1536921888.78800,0.23400,0.41900,-0.65400,-2.59700,-49.05200,-13.13200
1536921888.84300,0.76600,0.73900,-2.35900,2.36300,-45.94700,-17.90100
1536921888.84400,0.42200,0.68200,-1.82800,10.93900,-42.24000,-24.81800
1536921888.86900,-0.00700,0.34300,-2.21300,18.16400,-38.89100,-28.88900
1536921888.86900,0.62100,-0.30500,0.28000,29.98800,-35.63500,-34.12100
1536921888.92300,-0.31000,-1.62000,-0.83600,33.25400,-34.13000,-33.69700
1536921888.92400,-1.20500,-1.48200,-1.60100,28.42800,-31.76000,-29.05900
1536921888.94500,-0.66300,-1.33100,-0.28800,25.44000,-32.71500,-28.09700
1536921889.00000,-0.05200,-0.84000,-0.32500,17.54200,-33.11300,-27.02800
1536921889.00100,-0.55000,-0.70800,-0.82000,7.19600,-34.67600,-22.32300
1536921889.05300,-0.59300,-0.49100,-0.69600,0.86800,-35.83400,-17.40100
1536921889.05300,-0.38000,0.09700,-0.48100,-7.85200,-36.97500,-9.63700
1536921889.07700,-0.66800,0.63300,-0.34300,-13.28400,-37.90800,-3.78200
1536921889.10200,-0.40700,1.06600,0.42500,-21.46300,-40.69600,6.12100
1536921889.12800,0.70200,1.46900,2.03000,-29.67500,-45.74100,16.99300
1536921889.15500,1.36700,0.57400,3.48100,-34.29100,-49.18800,23.23100
1536921889.18200,0.26600,-2.19500,3.38600,-38.77900,-52.23300,29.12800
1536921889.20700,0.78700,-1.31900,3.72200,-39.82300,-53.42600,29.77800
1536921889.23300,-0.54700,-0.37600,-1.37300,-35.43800,-50.95900,24.95500
1536921889.26000,-0.23100,-0.27600,3.49200,-32.57500,-49.69400,19.83500
1536921889.28600,-0.74200,0.67400,-0.42300,-28.65200,-49.73900,16.11600
1536921889.31400,0.95000,0.28300,0.60900,-26.31500,-50.68000,13.36900
1536921889.33900,0.05200,0.06800,-0.27200,-24.69500,-50.26100,11.88500
1536921889.36500,-0.30500,0.00800,0.30300,-22.41400,-49.66400,9.69400
1536921889.39100,0.25300,0.09600,0.14900,-21.38100,-49.24500,8.41500
1536921889.41700,-0.07300,0.18700,0.15500,-19.91900,-48.08200,6.61000
1536921889.44500,-0.19600,0.07100,0.17800,-18.65300,-46.67300,4.74900
1536921889.47000,0.01800,-0.00300,0.07000,-18.02100,-45.91700,3.50900
1536921889.49600,0.13500,-0.03000,0.07600,-17.07100,-45.32100,1.90600
1536921889.52200,0.03400,-0.10100,0.11100,-16.22000,-44.96400,0.97500
1536921889.54800,0.10600,-0.00600,0.03600,-15.02600,-44.35300,-0.53800
1536921889.57600,0.02600,0.07700,0.14700,-14.17300,-44.10500,-1.53300
1536921889.60100,-0.11100,0.06400,-0.02600,-12.70300,-43.34700,-3.01800
1536921889.62700,-0.17600,0.02800,-0.08500,-10.83100,-42.41200,-4.76600
1536921889.65400,-0.04100,0.32100,-0.22000,-9.39200,-42.15600,-6.27500
1536921889.68000,-0.07200,0.28300,-0.37200,-6.61300,-41.78200,-9.04300
1536921889.70600,0.05800,0.49300,-0.52400,-4.29800,-41.23700,-11.25100
1536921889.73300,-0.41700,0.43200,-1.22200,0.02100,-38.84400,-15.02700
1536921889.75900,0.35500,0.92300,-1.71700,5.78200,-35.91800,-21.08600
1536921889.78500,0.03800,0.56000,-1.49300,11.70900,-35.11800,-26.18300
1536921889.83900,0.69900,-0.42800,-0.35000,30.31000,-31.32200,-35.86100
1536921889.86400,0.19500,-1.36100,-0.63600,33.78200,-26.97600,-34.43900
1536921889.89000,-0.90600,-1.09000,-0.67000,30.38600,-25.35600,-30.95000
1536921889.91600,-0.35900,-1.29700,-0.05800,25.74000,-25.81100,-27.10200
1536921889.94200,-0.09700,-0.83800,-0.55300,18.29100,-25.87100,-24.35400
1536921889.97000,-0.22600,-0.92600,-0.51900,12.32600,-26.63300,-21.72100
1536921889.99500,-0.20300,-0.41600,-0.61700,2.91900,-28.28500,-16.05200
1536921890.02100,-0.09100,-0.18600,-0.56000,-3.38000,-29.35800,-11.69900
1536921890.04700,-0.29100,0.49400,-0.55300,-12.73600,-31.38300,-3.79300
1536921890.07400,-0.16100,1.44500,0.39700,-22.04500,-34.82500,5.14000
1536921890.10100,0.29600,1.27200,1.63000,-28.14900,-39.00800,12.01300
1536921890.12700,1.15400,0.41700,3.20100,-36.85400,-45.50500,21.65600
1536921890.15300,0.98800,-1.31900,3.62600,-40.84400,-48.53000,26.42200
1536921890.17900,0.23000,0.47200,3.44000,-43.09000,-49.25500,27.80400
1536921890.20500,-2.29200,4.31400,-0.70200,-38.71900,-46.48100,24.24100
1536921890.23100,1.68200,-2.73700,3.75700,-32.79700,-44.57200,15.82400
1536921890.25700,0.24000,-1.81100,0.49800,-27.86400,-47.18600,14.06600
1536921890.28400,1.03600,0.57400,0.80800,-26.91200,-47.86200,11.69500
1536921890.31000,-0.55100,-0.10400,0.30800,-23.59500,-47.08800,10.14900
1536921890.33600,0.03400,0.28600,0.40900,-23.05300,-46.92200,8.73400
1536921890.36200,0.39800,0.25700,0.19300,-22.13800,-46.22600,7.10200
1536921890.41800,-0.05700,-0.12700,0.06600,-21.62400,-45.03000,5.17800
1536921890.41900,0.04600,0.24300,0.15300,-21.47000,-44.47700,3.87500
1536921890.44100,0.01500,-0.01900,0.11800,-20.84800,-43.59600,2.03700
1536921890.46900,0.15600,0.06600,0.03200,-20.62800,-43.04000,0.72100
1536921890.49400,0.10600,-0.02700,0.06400,-19.82500,-41.94800,-1.14400
1536921890.52000,0.00000,-0.00500,0.06600,-19.14400,-41.17400,-2.37700
1536921890.54700,-0.05100,0.08400,0.07500,-17.84200,-40.13100,-4.23200
1536921890.57200,-0.20600,0.02700,-0.02800,-16.17200,-38.99200,-6.36000
1536921890.59900,-0.20200,0.21100,-0.13200,-14.84200,-38.46900,-8.05400
1536921890.62500,-0.02700,0.46000,-0.30300,-12.89300,-38.02400,-11.26300
1536921890.65100,0.00100,0.58700,-0.53300,-10.83900,-37.18300,-13.77000
1536921890.67900,-0.33800,0.84100,-1.52300,-6.68600,-33.37400,-18.56600
1536921890.70400,-0.28700,0.89300,-1.65600,0.08200,-28.22900,-25.48100
1536921890.73000,0.12700,0.91900,-1.75000,6.65100,-25.05500,-31.45300
1536921890.75600,-0.26600,-0.30300,-0.84000,20.89200,-21.56900,-37.90500
1536921890.78300,1.00700,-0.74000,-0.12300,27.76700,-19.87400,-40.54400
1536921890.80900,-1.23800,-1.98700,-1.39300,28.06700,-14.70000,-37.03300
1536921890.83700,-1.10500,-1.54200,-0.02300,23.47800,-14.27000,-32.26300
1536921890.86200,-0.61600,-1.24200,-0.04700,18.70100,-14.07100,-31.33100
1536921890.88800,-0.40700,-0.85700,-0.36100,8.28600,-13.72100,-29.16000
1536921890.94400,-1.00400,-0.73900,-0.21600,1.13600,-13.93000,-25.52600
1536921890.94400,-0.92300,-0.16700,-0.36700,-8.97800,-13.83200,-19.39600
1536921890.96600,-0.78100,0.32900,-0.19100,-14.94000,-13.70200,-14.57700
1536921890.99200,-0.76800,0.60200,0.07200,-22.57000,-13.50300,-5.29200
1536921891.02000,-0.22900,1.48100,1.03600,-30.73200,-13.21000,4.61400
1536921891.04500,0.83200,1.37100,1.91800,-36.56000,-13.57500,11.03600
1536921891.07100,1.72200,-0.41000,2.99300,-44.07700,-14.21300,18.78900
1536921891.09700,2.21700,-1.42900,3.19200,-47.03800,-14.04400,20.95900
1536921891.12800,3.23000,-1.66100,2.46600,-45.25000,-12.31600,18.48400
1536921891.12800,-2.22400,3.24400,1.53500,-41.66500,-7.92100,12.25200
1536921891.17900,1.24400,-0.35500,1.64000,-36.61800,-8.79300,8.62800
1536921891.17900,0.49400,-0.24000,-0.06300,-33.30600,-10.43800,7.65500
1536921891.22900,-0.17700,-0.43300,0.22600,-32.38900,-10.69000,6.51100
1536921891.25800,-0.19300,0.10300,0.42200,-29.69100,-10.30400,5.47600
1536921891.25800,-0.01700,-0.17000,0.19700,-28.78500,-9.93300,4.52100
1536921891.31000,0.16900,0.05200,0.09300,-27.92100,-9.20300,3.09700
1536921891.31100,-0.00100,-0.02100,0.19000,-27.53300,-8.18800,1.48900
1536921891.33400,-0.02800,0.04000,0.15700,-27.37700,-7.67000,0.46900
1536921891.36000,0.08300,0.01800,0.07100,-27.18500,-7.03500,-1.14600
1536921891.38700,-0.02400,0.03600,0.15400,-26.93300,-6.54000,-2.23500
1536921891.41200,-0.02200,0.02200,0.18400,-26.54900,-5.77900,-3.91900
1536921891.46800,-0.05200,0.04400,0.10800,-26.22400,-4.91700,-5.69300
1536921891.46900,0.02500,0.04700,0.14800,-25.95800,-4.25600,-6.97800
1536921891.49100,0.07400,0.08100,-0.04200,-25.26300,-3.00700,-8.96400
1536921891.54600,-0.16100,0.08500,0.05800,-24.66900,-1.98800,-10.46300
1536921891.54700,-0.25200,0.39100,0.05900,-23.37700,-0.47200,-13.13700
1536921891.57100,-0.38700,0.25400,0.11800,-22.05700,0.55500,-15.26700
1536921891.59700,-0.48800,0.32800,0.14700,-19.64700,2.18900,-19.09800
1536921891.62200,-0.73900,0.77000,-0.29600,-16.85500,5.05600,-23.68200
1536921891.67800,-1.26600,0.80800,-1.39100,-13.87000,8.92800,-27.50600
1536921891.67800,-1.07100,1.17300,-1.06900,-7.51400,14.44600,-35.87100
1536921891.70100,-1.36000,0.09200,-0.48900,0.13900,17.10700,-40.67500
1536921891.72800,0.01100,-0.36500,-0.43000,15.89600,19.28500,-46.20000
1536921891.75300,1.00400,-0.61900,0.02100,26.99900,22.62500,-46.71900
1536921891.78000,-2.12400,-1.96700,0.39900,26.41900,29.53100,-43.04600
1536921891.80600,-0.51200,-1.47300,0.98100,23.14900,33.58700,-39.66100
1536921891.83200,-0.30100,-1.35000,0.70100,19.77800,34.57200,-38.67700
1536921891.86000,-0.88500,-0.73700,0.44000,9.17900,36.55000,-37.08300
1536921891.88500,-0.65700,-0.83300,0.61000,-1.52800,37.72600,-32.36100
1536921891.91300,-0.80200,-0.27700,0.38700,-7.75700,39.12000,-28.60000
1536921891.93900,-0.71000,-0.03000,0.63300,-15.12300,41.44200,-21.64300
1536921891.96400,-0.61200,0.30800,0.86700,-19.14100,43.14500,-16.16800
1536921891.99000,0.51200,1.24400,1.03900,-25.81400,45.37200,-7.61100
1536921892.01600,2.59400,1.70300,0.17300,-30.83600,45.20800,-1.90700
1536921892.04200,3.38300,-0.01000,0.46200,-37.22600,43.55200,5.18400
1536921892.06800,3.28200,0.65300,0.11900,-40.15400,41.76300,8.83200
1536921892.09500,1.65900,-0.73500,0.74600,-38.85300,41.70800,7.16600
1536921892.12300,0.28500,1.64500,1.17800,-35.51800,42.44400,4.36600
1536921892.14700,-0.65700,0.40400,0.36200,-32.94500,42.28600,1.31200
1536921892.17400,0.22400,-0.42100,-0.06500,-29.88700,41.30200,1.26500
1536921892.20100,0.01400,-0.20900,0.31000,-28.43700,40.42900,0.54800
1536921892.22600,0.12900,0.06200,0.25300,-26.78900,40.01100,0.34300
1536921892.25200,-0.02800,-0.01000,0.31800,-25.38300,39.67000,-0.63400
1536921892.27900,0.07000,0.08800,0.09100,-24.57200,39.79500,-1.53400
1536921892.30500,-0.01700,0.01300,0.28100,-23.44700,40.38200,-3.10400
1536921892.33100,-0.04500,0.08200,0.31700,-22.75200,40.71200,-4.19900
1536921892.35700,-0.02800,0.08300,0.06300,-21.83100,41.02700,-5.91100
1536921892.38400,0.04000,0.06700,0.08500,-20.75300,41.65900,-7.74100
1536921892.41000,-0.04500,0.03300,0.14000,-19.80800,42.15200,-8.92400
1536921892.43700,-0.06500,0.07800,0.27200,-18.24900,42.76100,-10.74400
1536921892.46400,-0.09900,0.05300,0.27700,-17.04500,42.95900,-11.94900
1536921892.48900,-0.15600,-0.03400,0.33200,-15.10800,43.07400,-13.89400
1536921892.51500,-0.35800,0.34500,0.06200,-13.13300,42.79800,-16.34200
1536921892.57000,-0.42900,0.39900,0.00000,-11.45100,42.63800,-18.43900
1536921892.57100,-0.63200,0.37600,-0.00500,-7.65300,43.32200,-21.84600
1536921892.59500,-1.44100,0.45400,-0.06700,-4.24400,44.81300,-24.56100
1536921892.62000,-1.71400,0.49300,0.06300,2.91100,47.34500,-29.81900
1536921892.64600,-1.58400,0.35900,-0.15800,9.67300,49.17200,-34.30000
1536921892.67300,-1.14600,-0.01100,-0.06300,22.39200,51.79500,-39.82300
1536921892.69900,0.10100,-0.73100,-0.53800,32.20600,52.95000,-43.18800
1536921892.72600,0.27800,-0.82700,-0.12400,33.38700,54.32600,-41.55700
1536921892.75100,-0.36500,-1.23500,0.54000,29.78300,55.28400,-38.55200
1536921892.77800,-0.20300,-1.08200,0.13400,26.49100,54.70200,-38.30600
1536921892.80300,-0.35300,-0.96800,0.09700,17.88100,54.39400,-37.51800
1536921892.83000,-0.51600,-0.91300,0.35500,7.38100,53.94500,-34.17700
1536921892.85600,-0.51700,-0.76300,0.37300,0.58200,53.82300,-30.93400
1536921892.91100,-0.60300,-0.20700,0.28900,-8.61200,54.29100,-24.86000
1536921892.91200,-0.48700,0.00800,0.53000,-13.81100,54.80600,-20.20300
1536921892.93600,-0.40200,0.44200,0.62700,-21.20100,56.21500,-12.49500
1536921892.96100,0.68800,1.37200,0.71400,-29.33000,56.86000,-4.68900
1536921892.98800,2.00000,1.46600,0.23500,-34.60000,56.22300,0.63300
1536921893.01300,2.83900,-0.23300,-0.18200,-41.19500,54.09400,7.67000
1536921893.06900,3.78800,-0.89800,-1.17600,-43.91800,52.63800,10.65800
1536921893.07000,2.37800,-1.08500,0.16900,-42.56300,55.57400,7.61500
1536921893.09300,-1.52000,3.06400,2.11100,-40.70300,57.17000,5.15700
1536921893.12000,1.22800,-0.09200,-0.46400,-36.30100,56.24600,-0.41600
1536921893.14500,0.22700,-0.78700,-0.83800,-34.26400,53.62300,-1.42500
1536921893.17100,0.02700,0.11000,-0.58500,-33.79100,52.38000,-2.35400
1536921893.19700,0.15700,-0.17400,0.48700,-31.51600,51.76800,-3.32600
1536921893.22500,0.09400,0.09300,-0.06600,-30.74100,51.43900,-3.92900
1536921893.27900,0.02300,0.23200,0.01800,-30.12100,51.37100,-5.23600
1536921893.28000,0.04300,0.12600,0.22900,-28.77300,52.13300,-6.61800
1536921893.30200,0.00300,-0.04800,0.13100,-27.79700,52.73300,-7.66400
1536921893.32900,0.00400,0.04800,0.09900,-26.59100,53.55600,-9.30200
1536921893.35500,0.02100,-0.01300,0.22400,-25.72300,53.99700,-10.29900
1536921893.41000,0.02900,0.00400,0.23800,-24.42300,54.46600,-11.78300
1536921893.41100,0.06000,-0.07800,0.27800,-23.65500,54.72400,-12.86400
1536921893.43700,0.04300,0.00800,0.26900,-22.56800,55.10000,-14.63000
1536921893.43700,-0.04000,0.11400,0.08100,-21.69700,55.47300,-16.63600
1536921893.49000,-0.10700,0.09400,0.00400,-20.94900,55.85700,-18.05500
1536921893.49100,-0.29800,0.11100,0.20800,-19.24700,56.57300,-20.29200
1536921893.57100,-0.29100,0.37400,0.26000,-18.20500,57.05900,-22.24000
1536921893.57200,-0.43300,0.36600,0.24400,-15.37700,57.86100,-25.60000
1536921893.57200,-1.37600,0.77100,0.72600,-11.33800,60.28600,-30.29700
1536921893.62200,-2.05800,0.60400,0.56000,-6.88900,63.29200,-33.98400
1536921893.62200,-1.85200,0.88700,0.56000,2.73700,67.48500,-41.53100
1536921893.64400,-1.33300,-0.04100,0.76600,11.83200,69.30700,-46.09900
1536921893.67000,-0.03200,0.07400,-2.40600,27.65900,70.25800,-51.45300
1536921893.69600,-1.59800,-2.53600,1.62700,32.41600,73.98300,-50.56800
1536921893.75200,0.26000,-1.66900,1.23400,33.43200,83.80600,-43.24800
1536921893.75200,0.33700,-1.42000,0.91500,31.23300,88.24100,-41.11000
1536921893.77500,-0.00600,-1.02800,0.48300,25.32700,89.93800,-41.58700
1536921893.83200,-0.18300,-0.97200,0.63500,12.39300,91.38000,-40.58300
1536921893.83200,-0.17900,-0.71500,0.79800,3.10400,92.51400,-37.82500
1536921893.85400,-0.21800,-0.10300,0.75700,-7.65000,95.89200,-32.29800
1536921893.90900,0.32400,-0.17200,1.23300,-15.00500,99.77600,-25.24300
1536921893.91000,0.48400,0.32900,1.13000,-19.23400,102.91000,-19.99600
1536921893.93400,1.36800,1.66000,0.37200,-26.51800,107.22700,-12.07000
1536921893.95900,2.03800,1.46800,-1.50100,-31.51000,108.79800,-6.85900
1536921893.98500,2.03300,-0.40900,-2.69200,-36.76300,108.51100,-0.83600
1536921894.01100,1.76900,2.08900,-2.08000,-37.90900,107.97800,0.35700
1536921894.06600,-1.71100,-0.83200,1.66700,-34.12700,110.08000,-3.13100
1536921894.06700,1.17000,-0.06900,-2.13600,-30.51800,111.57800,-7.80200
1536921894.12000,0.54700,0.33000,1.00900,-28.46900,108.01000,-7.02000
1536921894.12000,-0.03500,-0.27800,0.18000,-26.96400,106.92400,-8.45000
1536921894.14200,-0.08600,0.02600,0.17100,-26.39000,106.25900,-9.02900
1536921894.19800,0.42900,-0.04500,0.19500,-24.71200,105.62300,-9.44400
1536921894.19900,0.17600,-0.00100,0.24300,-24.20400,105.34300,-10.08700
1536921894.22200,-0.10600,0.03900,0.10400,-24.10400,105.27100,-10.56600
1536921894.24700,-0.08900,0.03900,0.22800,-23.56700,105.65100,-11.48400
1536921894.30400,-0.08300,0.03200,0.19500,-22.79400,106.13500,-12.24500
1536921894.30400,0.01000,-0.01800,0.21000,-21.15500,106.86500,-13.25300
1536921894.32600,0.06900,0.00900,0.26700,-20.08700,107.32100,-13.92200
1536921894.35500,0.12600,0.06800,0.28100,-18.41500,107.81700,-14.98600
1536921894.38000,0.09200,0.06100,0.28700,-16.90200,108.28900,-16.40100
1536921894.40500,0.03400,0.13400,0.28700,-16.03000,108.67700,-17.61000
1536921894.43100,0.02900,0.07700,0.34000,-14.27500,109.27300,-19.64100
1536921894.45700,-0.03300,0.11900,0.49600,-12.72100,109.41200,-21.03500
1536921894.48600,-0.12200,0.31900,0.57700,-10.74200,109.55400,-23.98200
1536921894.51100,-0.30200,0.29300,0.65700,-7.44200,110.31500,-27.53000
1536921894.53600,-0.19900,0.40800,1.09800,-4.97300,111.01500,-30.78800
1536921894.56200,-1.40000,0.34500,1.88700,1.41100,113.81400,-36.38200
1536921894.58900,-0.47600,-0.03700,1.44200,8.59400,116.13700,-40.39100
1536921894.61500,-0.64600,-0.11000,2.12900,22.76100,120.13000,-47.25900
1536921894.64200,-0.33100,-0.56500,-0.02600,34.60700,120.94400,-50.94300
1536921894.66700,-0.88200,-0.52300,-1.08100,46.37300,121.88700,-54.36100
1536921894.69400,0.99500,-2.35600,1.73700,44.12900,130.55300,-47.07700
1536921894.72000,1.04800,-1.51700,0.36000,42.32800,132.80900,-43.74200
1536921894.74600,0.50000,-1.22600,0.33100,36.93700,134.93800,-42.14500
1536921894.77200,0.31300,-0.99600,0.48400,30.65100,135.99600,-41.29400
1536921894.79900,0.36200,-0.81200,0.76600,18.89500,136.97000,-37.41600
1536921894.82500,0.39200,-0.52300,0.89600,7.95600,138.70400,-31.30200
1536921894.85200,0.32900,-0.01500,0.80300,1.88400,140.24000,-26.83000
1536921894.87700,0.87800,0.37400,0.68100,-5.84900,142.24100,-18.98600
1536921894.90300,0.89600,0.91200,0.14400,-10.90100,142.99800,-13.53600
1536921894.93000,-0.06200,1.86800,-1.52900,-18.43800,141.98400,-5.88500
1536921894.95600,-0.51000,0.76300,-2.79800,-22.30100,139.73200,-1.26500
1536921894.98300,-0.27000,0.88200,-2.98600,-25.55100,136.96100,2.62200
1536921895.00900,1.20100,0.78800,-0.85000,-23.55600,137.39000,0.39800
1536921895.03500,-0.48700,1.09800,0.10000,-21.53300,137.23200,-2.52700
1536921895.06100,0.29800,-0.73700,0.41100,-18.17800,136.70300,-3.13400
1536921895.08700,-0.34800,0.60700,0.43100,-16.91900,136.89200,-3.99000
1536921895.14200,-0.35800,0.09500,0.06200,-16.16900,136.32700,-5.48200
1536921895.14300,0.03000,0.09400,0.15600,-14.22800,135.88100,-5.97300
1536921895.16600,0.15500,-0.12400,0.17300,-13.80200,136.04000,-6.82700
1536921895.22200,-0.11900,0.14500,0.14400,-13.03600,136.46600,-7.87900
1536921895.22200,0.12700,0.01600,0.20300,-12.88500,136.98900,-8.83200
1536921895.24500,0.20900,0.06400,0.16300,-12.13700,137.80900,-10.13500
1536921895.27200,-0.00300,0.08500,0.30900,-11.48100,138.73000,-11.47500
1536921895.29700,0.03100,-0.08100,0.24900,-10.69400,139.32700,-12.24400
1536921895.32400,-0.08400,-0.02600,0.28700,-9.41900,139.88900,-13.43700
1536921895.35000,-0.03100,0.03900,0.23300,-8.52500,140.04400,-14.30400
1536921895.40600,0.15100,0.10300,0.26200,-6.96000,140.27900,-15.64200
1536921895.40600,0.14100,0.13200,0.44400,-5.28100,140.52700,-17.23400
1536921895.43000,0.11700,0.02300,0.45600,-3.75300,140.46100,-18.40700
1536921895.45500,0.07700,0.30800,0.72900,-1.14900,140.16900,-20.95100
1536921895.48100,0.32300,0.20000,0.88900,1.28100,139.76700,-22.96000
1536921895.50800,0.35900,0.03800,1.11600,5.92500,139.37500,-26.35500
1536921895.53400,0.02800,-0.04200,1.72600,9.68600,139.57800,-29.08600
1536921895.58900,-0.20100,0.10400,2.67400,17.09300,141.04000,-34.69300
1536921895.59000,-0.27900,0.05600,2.71700,29.45800,139.63800,-43.35200
1536921895.64500,-0.19000,-0.42000,1.76400,40.71200,138.30000,-49.04600
1536921895.64600,-0.87400,-0.64300,0.63600,52.69400,134.42000,-55.44300
1536921895.64700,-0.55100,-1.48800,0.36700,55.01900,134.13900,-55.49300
1536921895.69400,0.66800,-1.56200,0.79300,47.39000,136.26500,-49.20800
1536921895.69500,-0.36900,-1.34500,0.11100,40.48100,136.89500,-44.35100
1536921895.74600,-0.28300,-1.45800,0.45100,34.99100,138.96500,-39.86900
1536921895.74700,0.04200,-0.80000,1.05500,23.96600,143.00200,-32.05500
1536921895.79600,0.19000,-0.43300,1.07800,17.36300,144.92200,-26.34700
1536921895.85200,0.19100,0.01600,0.97700,6.76000,147.70400,-18.57200
1536921895.85200,0.58600,0.82400,0.94600,-0.50300,148.51500,-13.61900
1536921895.87800,0.50700,1.63100,-0.02200,-11.85700,146.10800,-5.93700
1536921895.87900,-0.02400,2.41800,-1.84700,-22.26200,141.15500,1.92600
1536921895.93000,0.00200,1.52400,-3.01200,-26.81300,136.63200,7.23400
