1537029426.52100,-0.45800,1.58400,0.55000,0.87400,-168.03600,21.01800
1537029426.57200,0.02200,1.24000,0.07900,-0.05000,-165.17600,18.69900
1537029426.60300,0.09500,0.98800,-0.16600,-0.58600,-159.81100,15.82300
1537029426.60400,0.13600,0.70900,-0.23500,-0.85300,-155.53200,14.60800
1537029426.60500,0.22500,0.39700,-0.16300,-0.55500,-153.40000,14.30600
1537029426.68100,0.26300,-0.00900,-0.14800,0.38600,-151.12300,13.85900
1537029426.68200,0.24200,-0.36600,-0.18900,1.14100,-149.75200,13.39900
1537029426.68300,0.23200,-0.52400,-0.22200,2.20000,-147.45200,12.47500
1537029426.70200,0.28800,-0.79500,-0.33600,2.97100,-144.17000,11.53100
1537029426.72800,0.27700,-0.93800,-0.40300,3.37700,-142.03600,11.05100
1537029426.75500,0.23700,-0.98600,-0.47100,3.97600,-139.31500,10.62300
1537029426.81000,0.21100,-0.88800,-0.47300,4.43200,-138.08100,10.57200
1537029426.81000,0.21300,-0.66100,-0.41300,5.20500,-137.02200,10.92200
1537029426.83400,0.26000,-0.39800,-0.34100,5.80000,-136.92100,11.49400
1537029426.91700,0.31400,0.18300,-0.30000,6.72700,-137.11800,12.74200
1537029426.91800,0.24100,1.14400,-0.05500,7.48700,-139.06800,13.85800
1537029426.91900,0.18700,1.53800,0.36700,7.71500,-140.85500,14.67300
1537029426.93800,0.17000,1.04600,0.39700,8.93900,-141.71600,16.04900
1537029426.99300,0.11300,0.84500,0.24600,9.50600,-141.03400,17.54200
1537029426.99400,0.02600,0.69300,0.27300,9.49900,-140.21300,20.23100
1537029427.01800,0.07500,0.27100,0.19700,9.43800,-140.27500,22.45000
1537029427.04400,-0.01000,0.05500,0.19200,9.46500,-141.21700,23.58100
1537029427.07000,-0.10900,-0.17100,0.21000,9.71600,-143.62700,24.78700
1537029427.09600,-0.15700,-0.48300,0.29400,9.98200,-145.61600,25.15100
1537029427.12200,-0.19500,-0.67100,0.30700,10.25000,-148.47600,24.94500
1537029427.14800,-0.26700,-0.97700,0.34100,10.21700,-150.72000,24.19700
1537029427.17600,-0.27800,-1.06100,0.37300,9.87800,-151.31700,23.61700
1537029427.20400,-0.26300,-1.09100,0.39000,8.82900,-150.67000,22.77400
1537029427.20400,-0.24600,-1.00600,0.32800,7.91200,-149.44600,22.14500
1537029427.25700,-0.31700,-0.64400,0.34700,6.72700,-147.42900,20.85300
1537029427.25700,-0.28500,-0.08900,0.52600,5.76000,-145.05600,19.11300
1537029427.33500,-0.16800,0.58800,0.66500,4.79200,-143.02500,17.67500
1537029427.33600,-0.20200,1.31500,0.73800,2.24300,-139.14900,15.20800
1537029427.36100,-0.06800,1.40100,0.36700,0.80500,-135.49500,13.32200
1537029427.36200,0.03100,1.10000,-0.18500,-0.60800,-129.69000,10.28900
1537029427.41400,0.00200,0.78300,-0.29800,-1.09900,-126.94200,8.66600
1537029427.41500,0.02600,0.40400,-0.28500,-1.18600,-124.71100,7.14500
1537029427.43700,0.04500,0.00100,-0.25200,-0.96300,-123.29400,6.63100
1537029427.52200,0.01800,-0.17200,-0.25200,-0.78100,-122.14000,6.48500
1537029427.52200,-0.00800,-0.53900,-0.35300,-0.55100,-119.46200,6.09600
1537029427.52300,-0.02000,-0.78900,-0.44600,-0.41300,-117.22700,5.66000
1537029427.60100,-0.05000,-0.98800,-0.48600,-0.21900,-114.10300,4.87800
1537029427.60100,-0.09600,-1.15900,-0.51600,-0.03500,-112.43000,4.44500
1537029427.60200,-0.12800,-1.06600,-0.50600,0.27200,-111.17400,4.00700
1537029427.65000,-0.11300,-0.82900,-0.45900,0.62900,-110.99700,3.86300
1537029427.65000,-0.04600,-0.52100,-0.45800,0.95600,-111.26300,3.98100
1537029427.70200,-0.01700,0.23300,-0.54500,1.53900,-112.17200,4.37400
1537029427.75500,0.02400,1.40200,-0.27800,1.90400,-113.61000,4.64600
1537029427.75600,0.17100,2.03700,0.03900,1.63100,-116.40000,5.69400
1537029427.78100,0.35500,1.26300,0.16700,3.21800,-116.46900,7.26000
1537029427.78200,0.29600,1.13400,0.22200,4.37300,-114.33600,9.19300
1537029427.80600,0.20200,0.76200,0.22100,4.94900,-110.55200,13.58300
1537029427.83000,0.04600,0.25900,0.05500,4.85600,-107.87000,16.85000
1537029427.88600,-0.08800,0.01600,0.19000,4.32900,-106.31700,21.50000
1537029427.88700,-0.09500,-0.32400,0.38300,5.01900,-108.43100,25.28200
1537029427.90900,-0.00600,-0.57200,0.42000,6.22700,-110.88600,27.19200
1537029427.93700,-0.04300,-0.86200,0.58800,8.23700,-114.63000,29.09000
1537029428.02000,-0.09700,-0.98200,0.61200,9.07900,-116.12500,29.79100
1537029428.02100,-0.09000,-1.05000,0.56000,8.89700,-115.70100,30.35200
1537029428.02200,-0.02600,-0.97500,0.42000,7.44200,-113.03300,30.52400
1537029428.04100,-0.01500,-0.90400,0.41200,6.31100,-110.91900,30.42300
1537029428.06700,-0.06000,-0.62800,0.47800,5.02900,-108.19400,29.81300
1537029428.09300,0.00300,-0.08400,0.62900,4.40300,-106.60800,29.04600
1537029428.12100,0.04000,0.35200,0.72600,3.18500,-104.29700,27.13600
1537029428.14500,0.10400,1.08600,0.93100,1.68700,-102.67100,25.34800
1537029428.17200,0.03300,1.21800,0.51500,-0.68400,-98.99800,22.03300
1537029428.22700,-0.17000,1.09300,0.02400,-2.37700,-94.42800,18.31500
1537029428.22800,-0.24700,0.90700,-0.10700,-3.02000,-91.82200,16.16100
1537029428.25100,-0.14000,0.42800,-0.20100,-3.20600,-88.92000,13.69300
1537029428.30700,-0.10500,0.24200,-0.28500,-3.13100,-87.13800,12.57400
1537029428.30700,-0.16100,-0.10600,-0.32700,-2.95500,-84.26800,11.16700
1537029428.32900,-0.23200,-0.45500,-0.39000,-2.67500,-80.95400,9.64500
1537029428.35600,-0.25000,-0.70800,-0.43900,-2.39200,-78.56400,8.66500
1537029428.38200,-0.27200,-0.89700,-0.44100,-1.87500,-75.23200,7.50500
1537029428.40800,-0.26800,-1.02300,-0.41300,-1.52200,-73.40900,7.01200
1537029428.43500,-0.27000,-0.98300,-0.37800,-1.05700,-71.25300,6.63800
1537029428.46000,-0.26600,-0.88000,-0.33700,-0.81500,-70.18600,6.59300
1537029428.48700,-0.24900,-0.74500,-0.33500,-0.53200,-68.98300,6.77500
1537029428.51400,-0.34100,-0.16300,-0.37000,-0.36500,-68.36800,7.20100
1537029428.54000,-0.43600,0.41000,-0.39400,-0.28000,-69.00900,7.44700
1537029428.59400,-0.04800,1.54700,-0.09800,-0.71900,-72.30400,8.15000
1537029428.59500,0.24700,1.64600,-0.09000,-0.64800,-74.01200,9.15600
1537029428.61800,0.24400,1.25900,0.08700,0.51400,-75.03000,11.15500
1537029428.64400,0.17100,1.00800,0.19700,0.92300,-74.40600,14.74200
1537029428.70000,0.09300,0.56500,0.13400,0.91300,-73.51600,17.36200
1537029428.70100,0.01800,0.16600,0.13400,0.50500,-72.90200,21.22300
1537029428.78100,0.01200,0.01800,0.20900,0.30700,-73.50500,23.62200
1537029428.78100,0.05300,-0.32600,0.28000,0.75200,-75.71200,26.61000
1537029428.83400,0.13700,-0.63800,0.29000,1.89100,-78.76800,28.62200
1537029428.83500,0.15100,-0.73300,0.31800,2.61200,-80.62700,29.43700
1537029428.83500,0.15600,-0.97300,0.37800,3.21700,-82.41400,29.98100
1537029428.88300,0.18000,-1.04000,0.30800,3.25200,-82.78500,30.02400
1537029428.88500,0.17600,-1.06300,0.34700,3.19900,-82.71400,29.71000
1537029428.90700,0.17200,-0.97500,0.39900,3.11700,-82.58100,29.41600
1537029428.93400,0.21000,-0.79900,0.50200,2.90300,-81.67200,28.84800
1537029428.95900,0.26500,-0.48500,0.59300,2.41100,-79.89600,27.79300
1537029428.98600,0.39000,0.18600,0.63600,1.68600,-77.78300,26.53100
1537029429.01200,0.46300,1.39000,0.52000,-0.68500,-74.36300,24.11100
1537029429.03800,0.29900,1.71800,0.50100,-2.22500,-71.54500,22.28400
1537029429.06500,-0.14900,1.47200,0.12700,-3.56400,-65.93900,19.32600
1537029429.12100,-0.48800,0.83200,-0.03100,-4.19500,-60.38600,17.63800
1537029429.12100,-0.41700,0.29500,-0.01900,-4.32200,-57.47900,16.96300
1537029429.14300,-0.38200,0.11700,-0.09200,-4.03600,-54.29400,16.30200
1537029429.19800,-0.32100,-0.26700,-0.23100,-3.56300,-52.69800,15.87100
1537029429.19900,-0.27400,-0.52100,-0.13500,-2.71400,-50.98100,14.85900
1537029429.22200,-0.34600,-0.74700,-0.15800,-2.20600,-48.76400,13.57000
1537029429.24800,-0.38800,-0.97700,-0.14600,-2.02500,-47.23900,12.77100
1537029429.27400,-0.44200,-1.09700,-0.14800,-1.86600,-45.29400,11.84600
1537029429.30100,-0.44900,-1.05000,-0.15500,-1.75100,-44.45500,11.44400
1537029429.32800,-0.43200,-0.90000,-0.15100,-1.49000,-43.88700,11.21600
1537029429.35300,-0.38200,-0.69500,-0.19200,-1.05300,-43.99100,11.61300
1537029429.37900,-0.40300,-0.48500,-0.26400,-0.73800,-44.10100,12.27500
1537029429.40600,-0.52900,0.41700,-0.33100,-0.31800,-44.92800,13.57000
1537029429.46100,-0.43900,1.24600,-0.12900,-0.18100,-46.68000,14.32500
1537029429.46200,0.00900,1.89900,0.03400,-0.34400,-50.39700,15.64500
1537029429.51100,0.10000,1.29300,-0.15000,0.44600,-51.28800,16.69100
1537029429.54100,0.18200,1.13700,0.03100,1.39900,-51.09300,19.32500
1537029429.54200,0.16500,0.59900,0.05900,1.45200,-50.29600,22.36900
1537029429.56300,0.14100,0.33800,0.02700,1.38600,-49.93200,24.24800
1537029429.59300,0.21800,-0.11000,0.19200,1.58600,-51.15200,26.74100
1537029429.59300,0.35400,-0.45300,0.22500,1.97300,-52.86400,28.06700
1537029429.61600,0.33900,-0.59100,0.25000,2.75100,-56.14100,29.35000
1537029429.64200,0.39800,-0.95300,0.38200,3.57300,-59.24400,29.84700
1537029429.66900,0.42900,-1.13400,0.34000,3.86600,-60.67100,29.93800
1537029429.69500,0.43800,-1.19800,0.34900,3.69900,-61.16600,29.66600
1537029429.72100,0.36300,-1.16200,0.34200,3.23700,-60.68200,29.22900
1537029429.77600,0.37000,-0.90600,0.36000,2.45600,-59.36700,28.17600
1537029429.77700,0.41800,-0.56600,0.37200,2.05000,-58.31000,27.08200
1537029429.80000,0.46400,0.02200,0.39200,1.30600,-56.02900,24.67000
1537029429.82500,0.77400,1.18800,0.50100,-0.53400,-53.10400,21.32900
1537029429.85200,0.50000,1.62600,0.28800,-2.36600,-50.52900,18.63500
1537029429.87800,0.09700,1.35900,0.05300,-4.10600,-45.21000,13.97500
1537029429.93400,-0.43100,0.93500,0.06100,-4.72400,-42.07800,11.08400
1537029429.93400,-0.47700,0.68400,0.06500,-5.13400,-39.56200,7.91300
1537029429.95700,-0.35900,0.32000,-0.09300,-5.00700,-39.69700,6.10800
1537029429.98300,-0.28300,0.02600,-0.15100,-4.70400,-40.30700,5.25800
1537029430.01000,-0.30000,-0.39000,-0.08900,-4.20600,-40.21800,3.81000
1537029430.03500,-0.39800,-0.68000,-0.08400,-3.96200,-39.27300,2.59900
1537029430.09100,-0.50800,-0.98900,-0.08700,-3.65500,-36.35300,0.70800
1537029430.09100,-0.58600,-1.22900,-0.08400,-3.38700,-33.71100,-0.80100
1537029430.11500,-0.57200,-1.18200,-0.04500,-3.28200,-32.77900,-1.50300
1537029430.14100,-0.54600,-1.02200,-0.04700,-3.18600,-32.71300,-2.17300
1537029430.16700,-0.53400,-0.94100,-0.06900,-3.10400,-33.05900,-2.33400
1537029430.19300,-0.53300,-0.59600,-0.21700,-2.90800,-34.17800,-2.17400
1537029430.21900,-0.93500,0.40800,-0.20100,-2.80500,-35.05900,-1.94700
1537029430.24800,-0.69600,1.25300,-0.18500,-2.85200,-39.02600,-1.60100
1537029430.30100,-0.32100,2.02600,-0.47200,-3.45000,-43.75400,-0.38000
1537029430.30200,0.00800,1.39300,-0.40000,-2.51700,-45.27700,0.70600
1537029430.35300,0.07600,1.26500,-0.21800,-0.68600,-45.00800,4.24500
1537029430.35400,-0.00700,0.75700,-0.14800,-0.05800,-43.52400,7.85800
1537029430.37900,0.11400,0.56500,0.00000,0.29100,-41.62800,13.99600
1537029430.40300,0.51800,0.06500,0.25800,0.59900,-42.59100,20.11500
1537029430.42900,0.66700,-0.27400,0.29800,1.30400,-44.34900,23.76200
1537029430.45500,0.62400,-0.80100,0.21500,3.04200,-47.76700,28.17000
1537029430.48400,0.71800,-1.11200,0.39300,4.26800,-50.06100,30.24100
1537029430.50800,0.66200,-1.32100,0.47700,4.93700,-51.74500,32.03300
1537029430.56400,0.46700,-1.30200,0.32600,4.11100,-51.21000,32.45900
1537029430.56400,0.49900,-1.18100,0.31900,3.67700,-51.07200,32.08600
1537029430.58800,0.56900,-0.92200,0.28200,3.07200,-50.87400,30.60300
1537029430.61600,0.53100,-0.53200,0.34500,2.42400,-50.43300,28.98800
1537029430.63900,0.52500,0.12800,0.40000,0.92100,-49.10300,25.63300
1537029430.69500,0.78300,1.24500,0.43800,-0.78200,-48.09300,22.90900
1537029430.69600,0.55300,1.74100,0.26400,-3.70800,-45.93100,18.27800
1537029430.75100,-0.17900,1.51300,0.02800,-5.12300,-42.60900,13.50000
1537029430.77200,-0.53400,0.67000,0.04000,-5.55600,-38.64200,8.79400
1537029430.79700,-0.44000,0.29400,-0.17300,-5.37000,-38.07000,7.96600
1537029430.82300,-0.38200,-0.09400,-0.16000,-4.71200,-37.39600,6.77400
1537029430.87800,-0.41400,-0.46700,-0.10100,-4.04000,-35.89200,5.34100
1537029430.87900,-0.49900,-0.79700,-0.06700,-3.66700,-34.20500,4.40900
1537029430.90300,-0.57900,-1.16300,-0.02600,-3.06600,-31.60200,3.37500
1537029430.92800,-0.56000,-1.19000,-0.02300,-2.56500,-30.26000,3.00200
1537029430.95400,-0.43600,-1.12900,-0.05900,-1.71800,-28.53000,2.85300
1537029430.98100,-0.47600,-1.06500,-0.04600,-0.89500,-26.79400,3.15400
1537029431.06600,-0.47800,-0.97400,-0.05700,-0.44800,-25.72100,3.57200
1537029431.06600,-0.50600,-0.53900,-0.16700,-0.03200,-24.84100,4.44100
1537029431.06600,-0.88900,0.65800,-0.12300,-0.08800,-24.97500,4.84000
1537029431.11700,-0.39100,1.93900,-0.08700,-1.07100,-28.63000,5.00100
1537029431.11700,-0.20900,2.48400,-0.51400,-2.16100,-31.74700,5.74900
1537029431.16700,0.09800,1.35100,-0.44400,-0.67100,-34.95500,7.28200
1537029431.16800,0.16500,1.06800,-0.02700,0.22800,-36.62200,11.46100
1537029431.19200,0.16600,0.79600,0.08100,0.45200,-37.19800,14.90600
1537029431.21700,0.31600,0.25000,0.11700,0.88900,-38.93600,19.95500
1537029431.24400,0.61500,-0.26700,0.20900,1.55100,-41.10100,22.95700
1537029431.26900,0.62300,-0.59400,0.22800,3.24600,-44.78200,26.67000
1537029431.32500,0.67500,-1.02700,0.30800,4.95800,-48.13600,29.24300
1537029431.32600,0.68900,-1.16900,0.39800,5.38300,-48.96400,30.21100
1537029431.40200,0.58100,-1.21400,0.31900,4.77800,-48.05700,30.93800
1537029431.42800,0.50900,-1.15500,0.27700,3.84400,-46.51600,30.93300
1537029431.48900,0.53300,-1.06000,0.26900,3.49500,-45.63500,30.41200
1537029431.48900,0.56000,-0.79600,0.28500,3.20000,-44.57400,28.89500
1537029431.49000,0.61000,-0.29600,0.30200,2.77700,-43.39600,27.38800
1537029431.49100,0.76800,0.52200,0.20000,1.24300,-40.57600,24.23000
1537029431.50500,0.84000,1.48100,0.20200,-1.69500,-37.07400,19.93800
1537029431.53200,0.46800,1.69300,0.08800,-3.42900,-33.93100,16.43900
1537029431.55900,-0.19800,1.34300,0.09400,-5.03600,-29.21400,10.94700
1537029431.61500,-0.49000,1.02000,0.13500,-5.65000,-27.08500,7.87500
1537029431.61500,-0.47500,0.49200,0.02800,-5.76500,-26.09800,4.51400
1537029431.66800,-0.39800,-0.01600,-0.09700,-5.63600,-26.16900,3.03000
1537029431.66800,-0.35100,-0.24700,-0.08100,-5.57000,-25.90600,1.33500
1537029431.71800,-0.35900,-0.43000,-0.01700,-5.68500,-24.03700,-0.43200
1537029431.71900,-0.49100,-0.78900,-0.02100,-5.69100,-21.68300,-1.74400
1537029431.74200,-0.55100,-1.12900,0.07000,-5.59700,-17.84700,-3.45000
1537029431.76800,-0.59900,-1.21900,0.13000,-5.54300,-15.98800,-4.21000
1537029431.79600,-0.55400,-1.08800,0.11700,-5.62500,-14.80100,-4.87000
1537029431.82100,-0.53300,-0.91700,0.09200,-5.77800,-14.87600,-5.11400
1537029431.84800,-0.52700,-0.81100,0.08300,-5.79500,-15.23100,-4.99400
1537029431.87300,-0.71700,-0.13100,0.10900,-5.78600,-15.62300,-4.33500
1537029431.95800,-0.98800,0.78600,0.27500,-5.89700,-16.79600,-3.60200
1537029431.95800,-0.50200,1.90300,0.00100,-6.82800,-19.96900,-1.58900
1537029432.03600,-0.09200,1.29200,0.02100,-5.03100,-22.00100,3.88300
1537029432.03700,0.03400,0.97800,0.16900,-4.28000,-20.48000,9.59800
1537029432.03800,0.02700,0.59600,0.08900,-3.84000,-19.36300,13.74400
1537029432.06000,0.33900,0.14000,0.15600,-2.56300,-20.64800,19.72000
1537029432.06100,0.68700,-0.42000,0.06700,-0.85100,-23.07200,23.28600
1537029432.11300,0.69600,-0.62600,0.02900,2.19400,-26.76600,27.63500
1537029432.11400,0.71500,-0.93300,0.08900,4.07200,-28.66800,30.62800
1537029432.16600,0.66000,-1.05500,0.10600,4.18000,-28.45800,31.90800
1537029432.16600,0.54200,-1.09600,0.03300,3.27700,-26.64200,32.97400
1537029432.18800,0.57000,-1.13200,0.01000,2.66200,-25.36800,33.21300
1537029432.27100,0.58800,-1.09300,-0.04100,2.02400,-23.60000,33.03400
1537029432.27200,0.65100,-0.83100,-0.06300,1.41900,-21.18500,32.16600
1537029432.32500,0.64100,-0.59000,-0.05300,0.75000,-19.31200,31.07600
1537029432.32600,0.70400,0.31900,-0.08200,-0.79100,-15.60900,28.45400
1537029432.32700,0.87700,1.00700,-0.12200,-2.54500,-13.16100,26.01200
1537029432.34500,0.65600,1.77600,-0.02800,-5.72400,-9.07600,20.97500
1537029432.40100,0.04200,1.37400,0.19900,-7.62300,-3.63700,14.60800
1537029432.40100,-0.27700,1.04800,0.40400,-8.42900,0.15200,10.72400
1537029432.56600,-0.38200,0.56100,0.36300,-8.90100,4.89300,6.54400
1537029432.56600,-0.46100,0.17500,0.11000,-8.90400,7.15100,4.87600
1537029432.56700,-0.40800,-0.06100,0.12800,-8.74800,9.75900,3.15300
1537029432.56700,-0.37500,-0.31700,0.23100,-8.59500,11.49600,1.96400
1537029432.61800,-0.36100,-0.61800,0.28800,-8.08800,15.03300,-0.08700
1537029432.61800,-0.39700,-0.99000,0.23800,-7.35100,19.03200,-1.67200
1537029432.61900,-0.40200,-1.13300,0.27700,-6.94300,21.53500,-2.36100
1537029432.61900,-0.39700,-1.18300,0.34500,-6.55100,24.49500,-2.98200
1537029432.63500,-0.35400,-1.04800,0.36200,-6.46200,25.72800,-3.16800
1537029432.66100,-0.37300,-0.97000,0.36400,-6.44500,26.77400,-3.11800
1537029432.68800,-0.40100,-0.68200,0.37500,-6.59300,27.06400,-2.65100
1537029432.74200,-0.62500,0.08700,0.76100,-6.84000,26.62800,-2.18900
1537029432.74300,-0.60800,0.91600,0.94100,-7.57700,23.22100,-0.82400
1537029432.79600,-0.43500,2.13200,0.38400,-8.37200,19.55700,0.98900
1537029432.79600,-0.12900,1.52300,0.07900,-7.07600,16.62600,4.50400
1537029432.81800,0.14900,1.34700,0.13800,-6.05200,16.89900,7.77200
1537029432.84400,0.20100,1.00800,0.09100,-5.58400,19.94500,13.37400
1537029432.87100,0.11400,0.46500,0.09600,-5.92700,23.19900,18.82100
1537029432.89800,0.21200,0.24100,0.09200,-6.14200,23.76200,22.47900
1537029432.92300,0.40600,-0.17700,-0.10500,-5.63200,22.25400,27.79600
1537029432.95000,0.56000,-0.60000,-0.29200,-4.74000,20.91000,30.84700
1537029432.97600,0.46200,-0.96700,-0.30800,-3.06300,19.08900,34.32900
1537029433.00200,0.48900,-1.22900,-0.39100,-1.96500,18.95600,36.50600
1537029433.02800,0.52900,-1.27900,-0.37200,-2.18700,19.77700,37.07300
1537029433.05500,0.41800,-1.21600,-0.26700,-3.29500,22.80800,36.88600
1537029433.08100,0.46600,-1.11300,-0.25800,-3.79900,24.30300,36.21300
1537029433.10700,0.46300,-0.95900,-0.30100,-3.81100,26.94400,34.51000
1537029433.16500,0.48200,-0.51500,-0.34300,-3.56400,30.01800,31.80200
1537029433.16500,0.49800,-0.10300,-0.33500,-3.75300,32.26300,29.33200
1537029433.21600,0.67000,1.21200,-0.53600,-5.68000,37.00300,25.03200
1537029433.21700,0.44200,1.88800,-0.76400,-7.25900,41.62500,21.48700
1537029433.23800,-0.10200,1.66700,-0.19300,-7.95500,51.27100,14.72800
1537029433.40500,-0.07100,1.11200,0.65500,-7.84500,58.05300,10.53400
1537029433.40600,0.07100,0.70200,0.72400,-7.12800,64.98800,5.77100
1537029433.40600,-0.26600,0.30800,0.56700,-6.08800,66.98100,2.58700
1537029433.51000,-0.30400,-0.30200,0.40900,-4.24500,66.13900,-1.51100
1537029433.51100,-0.25700,-0.64900,0.44200,-3.61800,66.67500,-3.19000
1537029433.51200,-0.22100,-0.85200,0.49200,-2.56200,68.97700,-5.61200
1537029433.51300,-0.10000,-1.11700,0.52600,-1.54500,71.35200,-7.46000
1537029433.53400,-0.06200,-1.12600,0.49100,-0.97400,72.42200,-8.32100
1537029433.53400,-0.04800,-1.08200,0.45500,-0.38300,73.37500,-9.03900
1537029433.55400,-0.05500,-0.85100,0.48800,-0.20900,73.65900,-8.78600
1537029433.58000,-0.03300,-0.31600,0.65300,-0.54200,72.80500,-8.28500
1537029433.63500,-0.00600,0.92000,1.25400,-0.98100,71.09000,-8.16700
1537029433.63600,-0.35500,2.16100,0.61400,-3.10200,65.78400,-7.44100
1537029433.65800,-0.46700,1.19900,0.28600,-3.70300,63.97000,-6.52900
1537029433.68400,-0.28600,1.15500,0.23000,-2.88400,61.78600,-3.89800
1537029433.76500,0.02300,1.08800,0.07000,-3.01400,60.93900,2.05100
1537029433.79500,0.11800,0.82600,-0.00300,-3.02400,60.82200,6.56500
1537029433.79600,0.20400,0.28700,-0.18400,-2.97200,60.16800,12.93400
1537029433.79700,0.31600,-0.24000,-0.46600,-2.51000,58.67300,16.59000
1537029433.81600,0.14900,-0.62900,-0.35900,-1.24900,55.76900,20.85200
1537029433.84200,0.26300,-0.88400,-0.50200,0.33600,52.30700,23.88400
1537029433.89700,0.34700,-1.06000,-0.65600,0.97900,50.79300,25.00000
1537029433.89800,0.26100,-1.11200,-0.54500,1.15800,50.41900,25.66300
1537029433.92200,0.17000,-1.06100,-0.52100,1.02200,50.65000,25.67300
1537029433.94800,0.16500,-1.01100,-0.52200,0.88700,50.58300,25.17300
1537029433.97300,0.14800,-0.83500,-0.49100,0.73000,50.49300,23.86600
1537029434.00000,0.16500,-0.69400,-0.52000,0.53900,50.75000,22.54100
1537029434.02500,0.12400,-0.12900,-0.46500,-0.20600,52.49800,20.01700
1537029434.05200,-0.09200,0.88400,-0.52900,-1.08100,55.09500,17.80800
1537029434.07800,-0.05700,2.16200,-0.49800,-3.86200,58.27500,13.76200
1537029434.10400,-0.06600,1.52700,0.28100,-4.82900,63.42200,8.80400
1537029434.13100,0.05800,0.88200,0.49300,-4.63200,67.67100,6.02300
1537029434.15800,0.16800,0.55600,0.62700,-4.85000,73.65900,4.48700
1537029434.18300,0.00800,0.26100,0.56200,-4.96600,76.44800,4.40500
1537029434.20900,-0.07100,-0.03000,0.54400,-4.74400,79.66600,4.89800
1537029434.23600,0.02700,-0.36200,0.44600,-4.45800,80.50300,5.27600
1537029434.26200,0.09600,-0.51900,0.44500,-3.97700,81.75200,5.77200
1537029434.31700,0.16300,-0.84400,0.49900,-3.65400,84.27200,6.71700
1537029434.31800,0.24200,-0.99900,0.52800,-3.55400,86.18200,7.67700
1537029434.34100,0.25200,-1.01600,0.54500,-3.43100,88.24900,9.70200
1537029434.36700,0.23700,-0.98400,0.49200,-3.25800,88.82500,11.42200
1537029434.44800,0.27500,-0.87400,0.55700,-2.78600,88.77700,14.62800
1537029434.53400,0.22000,-0.71400,0.59400,-2.06700,88.17000,18.53500
1537029434.53400,0.06400,-0.30600,0.69500,-1.58000,87.70300,21.42700
1537029434.53500,0.18800,0.89000,0.97100,-0.65400,86.51800,25.70400
1537029434.57900,-0.01700,2.19800,-0.22900,3.90000,77.62300,31.70700
1537029434.63900,-0.18700,1.43700,-0.15100,6.42600,76.96300,36.89600
1537029434.64000,-0.13200,1.16800,-0.36100,7.37900,76.76200,40.51100
1537029434.64000,-0.06700,0.51200,-0.54400,8.03500,76.67800,45.45500
1537029434.64100,-0.00400,-0.10300,-0.46300,7.84500,76.68800,48.59200
1537029434.66000,0.02900,-0.44400,-0.43300,6.85200,76.20000,53.08600
1537029434.66000,-0.00500,-0.72200,-0.36000,6.17600,75.69500,55.67700
1537029434.68200,0.00600,-0.87000,-0.32500,5.98500,74.59900,58.69500
1537029434.70800,0.02800,-1.09100,-0.35000,6.62700,73.59100,60.66700
1537029434.73400,0.01500,-1.13000,-0.31700,6.41100,73.44500,61.61700
1537029434.76100,0.01800,-1.07600,-0.31300,4.42000,74.02500,62.66500
1537029434.78700,0.02200,-1.00500,-0.30500,2.38200,74.77800,63.23000
1537029434.90100,0.05800,-0.90200,-0.29100,-0.87100,76.07800,63.96400
1537029434.90100,0.17300,-0.40000,-0.31400,-2.63900,77.08300,64.35300
1537029434.90200,0.26300,0.23900,-0.31800,-2.88900,78.53900,64.50700
1537029434.90300,0.26200,1.16600,-0.41300,0.95800,80.49900,63.54400
1537029434.94700,0.32800,1.78600,-0.46200,5.24200,81.43600,62.31300
1537029434.94800,0.42500,1.48800,-0.23800,9.83200,84.43300,60.79200
1537029434.97200,0.32200,0.90000,0.15800,10.88900,89.14700,61.02500
1537029434.99700,0.21300,0.63800,0.11300,12.37100,92.37800,61.52500
1537029435.05200,0.11100,0.08900,0.22400,15.78800,96.79100,62.32100
1537029435.05300,0.11800,-0.18800,0.32700,17.76500,100.10800,62.78300
1537029435.07600,0.15800,-0.41400,0.29600,19.96800,104.86900,63.50700
1537029435.10300,0.20700,-0.59400,0.34200,20.67900,108.30700,64.08200
1537029435.12800,0.25900,-0.76900,0.35800,21.46700,113.12800,65.31200
1537029435.15500,0.29000,-0.80400,0.37300,22.72700,117.53700,67.46200
1537029435.18100,0.31900,-0.79400,0.38900,23.69600,119.95900,69.64200
1537029435.20700,0.26900,-0.42000,0.31600,27.45600,122.71800,74.18100
1537029435.26300,0.32200,-0.53000,0.23300,36.36900,123.69200,77.96700
1537029435.26300,0.09200,-0.11400,0.25700,62.08900,124.69100,84.57100
1537029435.28600,0.09700,1.04000,0.52100,97.35000,125.47100,91.65600
1537029435.31200,-0.00900,1.37300,0.26000,109.33500,126.05900,95.76400
1537029435.36700,-0.21000,0.69200,-0.23600,117.72900,127.01800,101.11000
1537029435.36800,-0.30600,0.84900,-0.00100,123.63600,127.47700,104.62700
1537029435.39100,-0.20300,0.42200,-0.11600,128.06200,128.52300,109.68400
1537029435.41800,-0.03900,-0.01400,-0.08700,129.53500,129.25100,112.62900
1537029435.44300,-0.01600,-0.22800,-0.10000,131.48800,129.46700,116.22500
1537029435.47000,0.00500,-0.39700,-0.08300,132.14700,129.01000,118.92600
1537029435.49600,0.04100,-0.50800,-0.05800,131.64300,128.72900,120.37800
1537029435.52200,0.08500,-0.66900,-0.02100,130.14500,128.29300,121.94800
1537029435.54800,0.07400,-0.66300,-0.07100,129.08000,127.89200,122.61200
1537029435.60300,0.03300,-0.64100,-0.16200,127.30600,127.38900,123.10500
1537029435.60400,0.03900,-0.60300,-0.20600,125.54800,127.12600,123.17200
1537029435.62800,0.04200,-0.46900,-0.26600,124.65000,127.38100,123.32700
1537029435.68400,0.07500,-0.33800,-0.23800,123.97100,128.48100,124.20300
1537029435.68400,0.07700,0.02200,-0.19900,123.91200,129.75000,125.28100
1537029435.70600,0.15000,0.24100,-0.17400,123.64900,133.59200,128.25900
1537029435.73200,0.04500,0.47100,-0.15600,123.46100,138.63500,131.84600
1537029435.76000,-0.00400,0.49600,-0.23000,123.13400,142.08300,133.70400
1537029435.78400,-0.04700,0.56400,-0.18100,122.48600,146.90000,135.65400
1537029435.81100,0.00400,0.45700,-0.22800,121.81400,150.12100,136.57900
1537029435.83700,0.04000,0.37400,-0.15900,120.78700,153.64800,136.68600
1537029435.86300,0.14000,0.17500,-0.04000,120.06600,155.29000,136.10900
1537029435.89100,0.15100,0.10900,0.02400,118.89300,157.49100,135.12800
1537029435.91600,0.13600,-0.09400,0.13800,117.78000,159.66500,134.24100
1537029435.94200,0.15800,-0.27900,0.15200,117.15300,160.91000,133.60300
1537029435.96800,0.13000,-0.40800,0.12200,116.56700,162.42100,132.68200
1537029435.99500,0.13000,-0.48100,0.08700,116.46000,163.41300,132.36100
1537029436.02200,0.12100,-0.63600,0.12400,116.74700,165.36600,132.77900
1537029436.04700,0.13900,-0.60800,0.14700,117.33200,168.15800,134.77700
1537029436.07300,0.14000,-0.54900,0.14200,117.68500,170.81700,136.88100
1537029436.09900,0.19000,-0.40500,0.14100,118.29300,175.46900,140.94100
1537029436.12600,0.02800,0.14700,0.24500,118.86500,178.72300,144.06200
1537029436.15200,-0.03600,0.36300,0.21100,119.86200,-177.32800,147.97000
1537029436.17900,-0.08700,0.44800,0.29600,120.72700,-175.91900,149.01200
1537029436.20500,-0.10700,0.50300,0.50000,121.44800,-177.50200,147.64600
1537029436.23100,0.02100,0.48900,0.45700,122.22100,178.36900,144.37000
1537029436.25700,0.01900,0.48200,0.33100,122.29900,174.53500,141.79000
1537029436.28300,0.03100,0.40300,0.12800,121.93800,169.02600,137.70300
1537029436.33900,0.06100,0.12600,-0.06300,121.06300,163.88300,134.15900
1537029436.34000,0.04000,-0.04600,-0.10400,120.27600,160.94300,132.12200
1537029436.36200,-0.04700,-0.30400,-0.08900,118.91800,156.87400,129.03600
1537029436.39000,-0.18900,-0.50100,-0.13700,117.98500,154.10000,126.73700
1537029436.41500,-0.22300,-0.57800,-0.19300,116.75300,149.84800,123.08700
1537029436.44100,-0.21000,-0.72000,-0.29400,115.66200,146.68000,119.82300
1537029436.46700,-0.17900,-0.75700,-0.31000,114.91500,145.26300,117.83400
1537029436.49300,-0.14600,-0.76700,-0.29600,113.66500,144.14500,115.00300
1537029436.52000,-0.09800,-0.67500,-0.34800,112.55100,144.16500,113.19400
1537029436.54600,-0.12000,-0.50100,-0.36600,109.83000,145.33900,110.23900
1537029436.57300,-0.29700,-0.07800,-0.27100,105.18700,146.89400,105.84000
1537029436.59800,-0.37000,0.27800,-0.21900,100.81000,147.01000,101.29400
1537029436.62400,-0.44300,0.75200,-0.05400,92.35600,145.63200,92.33100
1537029436.65100,-0.33800,0.91400,0.09000,85.54400,144.44300,85.89000
1537029436.67700,-0.17700,0.92600,0.24300,73.98100,143.19200,76.71400
1537029436.73200,0.03800,0.70000,0.25000,66.26400,142.83400,71.21100
1537029436.73300,0.22200,0.45600,0.22600,55.84200,142.86000,63.84100
1537029436.75700,0.29400,0.15000,0.19600,47.40100,143.64500,57.60100
1537029436.78200,0.29600,-0.12500,0.19900,42.75500,144.57900,53.98900
1537029436.80800,0.37700,-0.37300,0.15000,37.05600,146.54100,49.34400
1537029436.83800,0.43000,-0.51800,0.07700,33.92000,148.18400,46.75700
1537029436.83800,0.48500,-0.62600,0.04200,30.08600,150.80100,43.74300
1537029436.86000,0.53500,-0.74000,0.02200,27.43200,153.67300,41.89700
1537029436.88700,0.58000,-0.68600,0.06000,26.23000,154.76200,41.29200
1537029436.91300,0.61800,-0.47900,0.12000,25.45700,156.39800,41.28400
1537029436.96700,0.60000,-0.41600,0.16100,25.67600,156.23500,41.76100
1537029436.99500,0.73400,0.23900,0.43700,26.50100,155.64200,42.68300
1537029436.99600,0.49700,1.24900,0.50900,27.50400,153.65400,42.90800
1537029437.04700,0.10200,1.41200,0.57900,29.75900,150.36400,42.89000
1537029437.04800,-0.08400,1.35400,0.65700,31.26900,147.23400,43.73000
1537029437.07100,-0.09900,0.95500,0.53600,32.02000,145.63400,44.87400
1537029437.12600,-0.26600,0.48300,0.16800,32.85500,142.09400,46.64300
1537029437.12700,-0.27600,0.15500,0.05400,33.08100,139.99200,47.73000
1537029437.14900,-0.31000,-0.20900,-0.04200,33.00100,136.25400,49.01600
1537029437.17600,-0.31600,-0.41700,-0.07000,32.38500,133.01600,49.67700
1537029437.23100,-0.32800,-0.51100,-0.16800,32.00100,130.55800,49.79000
1537029437.23200,-0.33700,-0.66700,-0.26900,31.45900,127.61200,49.46900
1537029437.28300,-0.36400,-0.76500,-0.28200,31.01700,125.75200,49.02700
1537029437.28400,-0.36600,-0.75600,-0.29300,30.02100,124.59200,48.17900
1537029437.33600,-0.34700,-0.66400,-0.30500,28.58900,124.44000,47.20600
1537029437.33700,-0.34500,-0.49900,-0.32100,27.62500,124.94000,46.52700
1537029437.36000,-0.38400,-0.21200,-0.26500,26.53600,125.78300,45.27900
1537029437.38600,-0.40100,0.02900,-0.21600,25.97900,126.69900,44.20900
1537029437.44000,-0.42600,0.55600,-0.08200,24.96200,128.47500,42.27800
1537029437.46700,-0.38800,0.80800,0.00900,23.88500,130.08100,40.78300
1537029437.52100,-0.19500,0.97100,0.20900,21.43200,133.44100,38.39200
1537029437.52100,0.16000,0.76200,0.29200,18.34100,137.79200,36.19300
1537029437.54600,0.30600,0.48700,0.23800,16.39000,140.70100,34.87000
1537029437.54700,0.43600,0.17500,0.19600,14.26700,144.42500,33.10100
1537029437.57000,0.46400,-0.14900,0.13800,13.51300,146.41400,32.05400
1537029437.59500,0.47300,-0.34200,0.05800,13.17900,148.34400,30.69600
1537029437.62200,0.48100,-0.52000,0.00200,13.42800,150.24800,29.76100
1537029437.64800,0.50500,-0.67600,-0.03500,13.75600,151.50100,29.48500
1537029437.67600,0.59200,-0.83700,-0.03200,14.40800,153.38500,29.68700
1537029437.70100,0.61700,-0.84000,-0.02200,14.97900,154.30100,30.20500
1537029437.72700,0.64500,-0.66100,0.06000,16.08000,155.24400,31.47800
1537029437.78300,0.65700,-0.30000,0.22200,17.65300,155.22200,33.23500
1537029437.78300,0.64800,0.02000,0.35200,18.88600,154.64400,34.58600
1537029437.80700,0.47100,0.96700,0.46300,21.17900,152.48000,36.27400
1537029437.83200,-0.04900,1.27000,0.46300,23.02600,150.35100,37.29200
1537029437.85800,-0.18300,1.12700,0.55900,25.24600,147.77400,39.18900
1537029437.88500,-0.22700,0.78200,0.44900,26.36200,146.80700,40.82600
1537029437.91100,-0.33600,0.53300,0.28600,27.37400,145.05600,43.40400
1537029437.93700,-0.35200,0.18900,0.08100,27.79700,143.03600,45.67000
1537029437.96500,-0.37800,0.00400,-0.05800,28.03100,141.22300,46.89500
1537029437.99000,-0.40300,-0.39700,-0.18700,28.78500,138.17700,48.20100
1537029438.01600,-0.40800,-0.64200,-0.18700,29.51700,135.91800,48.63100
1537029438.04200,-0.49100,-0.80300,-0.28600,30.91000,132.70400,48.54400
1537029438.06800,-0.48500,-1.02400,-0.28900,31.22400,130.84500,47.86500
1537029438.09500,-0.36000,-0.96100,-0.28400,30.33800,130.90700,47.40200
1537029438.12200,-0.29300,-0.71400,-0.23000,27.94100,132.33000,46.81500
1537029438.14800,-0.29600,-0.50400,-0.18600,26.23000,133.72000,46.46900
1537029438.17400,-0.33700,0.00400,-0.12800,24.07500,136.06700,45.93300
1537029438.20000,-0.36700,0.36800,-0.15300,23.17500,137.65800,45.51500
1537029438.25500,-0.45600,0.80400,0.00700,22.60000,140.00100,44.68200
1537029438.25600,-0.18500,0.88200,0.14100,21.83100,143.09900,43.30600
1537029438.36600,0.02600,0.82000,0.17000,20.64700,145.72100,42.11300
1537029438.36600,0.25700,0.61600,0.08700,17.99700,150.33400,40.42300
1537029438.36700,0.36800,0.24200,0.05500,16.27300,153.42500,39.43200
1537029438.36800,0.42100,-0.13600,0.01600,14.54700,157.71800,38.28800
1537029438.44200,0.41500,-0.39200,-0.05400,13.88800,160.22100,37.63400
1537029438.44200,0.42600,-0.59400,-0.13100,13.36200,163.67400,36.82400
1537029438.44300,0.49800,-0.80000,-0.13200,13.07600,167.04300,36.29800
1537029438.51600,0.51000,-0.83300,-0.13400,12.93800,169.15100,36.18100
1537029438.54700,0.53500,-0.78600,-0.12200,12.65700,171.95400,36.43500
1537029438.54700,0.61200,-0.44800,-0.04100,12.50500,173.32300,36.88200
1537029438.54800,0.64300,-0.12800,0.01900,12.50400,174.19400,37.76900
1537029438.56800,0.60900,0.95200,0.06800,13.47900,172.77600,38.58800
1537029438.59400,0.07600,1.32300,0.19600,14.98900,170.63500,39.11600
1537029438.62000,-0.13600,1.33000,0.27200,17.23800,167.87300,40.35500
1537029438.67600,-0.07900,0.83600,0.29800,18.51500,167.10700,41.76100
1537029438.67600,-0.26600,0.55900,0.25400,20.02100,165.88400,44.16200
1537029438.70100,-0.33100,0.15400,0.13800,20.88700,164.66200,46.25900
1537029438.72500,-0.34700,0.00000,0.06800,21.10900,163.72300,47.38000
1537029438.75100,-0.35200,-0.30500,-0.02100,21.37700,162.07500,48.54400
1537029438.80600,-0.37300,-0.58100,-0.07800,21.66100,160.50300,48.94700
1537029438.80700,-0.36200,-0.67500,-0.08800,22.28300,158.63300,48.95700
1537029438.83000,-0.43200,-0.84000,-0.03800,22.91900,157.26400,48.42800
1537029438.85600,-0.47300,-0.87900,-0.01100,22.90200,157.23400,47.88100
1537029438.91100,-0.50100,-0.83100,-0.00300,21.72700,158.28400,46.92000
1537029438.91200,-0.43100,-0.63900,-0.02000,20.41800,159.98500,46.27000
1537029438.93500,-0.39400,-0.29200,-0.03500,18.77400,162.75900,45.23500
1537029438.96100,-0.41100,0.15100,0.03300,18.02400,165.55600,44.09600
1537029438.98700,-0.47500,0.75100,0.12700,17.85600,167.55600,43.28800
1537029439.01400,-0.50600,1.13800,0.17500,17.54200,170.83500,41.85800
1537029439.07100,-0.32100,1.14900,0.19800,16.88500,173.82700,40.85400
1537029439.07200,0.06500,0.84700,0.05900,15.31100,179.50400,39.73100
1537029439.07300,0.21700,0.41300,-0.05800,14.26700,-176.66700,39.16700
1537029439.09200,0.27100,0.21000,-0.10500,13.23500,-171.53200,38.37400
1537029439.11800,0.30900,-0.15100,-0.17800,12.99000,-167.25000,37.63900
1537029439.22400,0.32600,-0.38200,-0.23200,13.12200,-164.77700,37.22100
1537029439.25100,0.34000,-0.59300,-0.27500,13.50300,-161.24100,36.83100
1537029439.28300,0.38100,-0.75200,-0.31900,13.75200,-159.06300,36.80100
1537029439.28300,0.41600,-0.87200,-0.38800,14.20300,-156.11000,37.15500
1537029439.28400,0.38300,-0.76700,-0.37900,14.61000,-154.62200,37.71900
1537029439.33400,0.37400,-0.65000,-0.35700,15.56300,-153.05200,39.08100
1537029439.33500,0.42800,-0.36600,-0.25400,16.86700,-152.09800,41.07100
1537029439.33600,0.44100,0.21500,-0.10800,17.89100,-151.71800,42.61900
1537029439.35400,0.43500,0.64000,-0.06100,19.80600,-151.92700,44.86900
1537029439.41000,0.20700,1.03700,0.12300,21.63700,-152.80300,46.16600
1537029439.41000,0.12400,1.20300,0.27300,24.22100,-154.83700,47.96900
1537029439.52100,0.05000,1.16600,0.37200,26.10000,-156.45800,49.95200
1537029439.52100,-0.07800,0.91800,0.38400,27.22000,-157.88200,51.22700
1537029439.52200,-0.21900,0.41100,0.28800,28.30800,-160.07200,52.91200
1537029439.52300,-0.21000,0.06100,0.23000,28.58400,-161.43100,53.94100
1537029439.53800,-0.25500,-0.22100,0.20100,28.65400,-163.84900,55.13400
1537029439.56500,-0.33700,-0.52400,0.15900,28.28500,-166.64100,55.76500
1537029439.59100,-0.32600,-0.59400,0.12600,27.92500,-168.43000,55.84400
1537029439.61700,-0.36200,-0.74700,0.14100,27.60700,-170.93200,55.55000
1537029439.64400,-0.38600,-0.85500,0.15800,27.44500,-172.13100,55.12500
1537029439.66900,-0.40000,-0.86500,0.20000,26.81200,-173.03500,54.38300
1537029439.69600,-0.39200,-0.71200,0.12200,25.60400,-172.49200,53.78500
1537029439.78100,-0.41000,-0.54700,0.06600,24.75700,-171.46900,53.54400
1537029439.78100,-0.43300,-0.15800,0.13300,23.94000,-169.25700,53.23800
1537029439.78200,-0.46500,0.28800,0.22400,23.68900,-167.35500,52.99900
1537029439.80100,-0.38600,0.78200,0.31300,23.15000,-163.81000,52.49400
1537029439.82700,-0.28200,1.03800,0.30100,22.52600,-161.10200,51.89100
1537029439.85300,-0.12700,1.03500,0.21000,20.62700,-156.26000,50.68900
1537029439.87900,0.14400,0.80500,-0.00600,17.81200,-150.41600,49.75700
1537029439.90600,0.15700,0.39700,-0.14800,16.36100,-146.84300,49.29700
1537029439.93200,0.22500,0.04100,-0.27200,15.21000,-142.33700,48.76300
1537029439.95900,0.23600,-0.25000,-0.34600,15.15000,-139.59500,48.48200
1537029439.98400,0.22900,-0.57800,-0.45200,15.91700,-136.72300,48.09300
1537029440.01100,0.18100,-0.76600,-0.51800,17.15500,-134.47200,47.85500
1537029440.03700,0.14900,-0.86900,-0.50400,17.93900,-133.12400,47.87400
1537029440.09300,0.18700,-0.78900,-0.49100,18.83100,-131.23900,48.25400
1537029440.09400,0.17900,-0.61600,-0.40900,19.36800,-130.23200,48.71900
1537029440.11700,0.21700,-0.38600,-0.43000,20.15800,-129.15700,49.79700
1537029440.14300,0.33100,0.14100,-0.32800,21.02000,-128.82900,50.90300
1537029440.16800,0.40300,0.63000,-0.23100,23.44100,-129.29300,52.96100
1537029440.19500,0.25300,1.24800,0.22100,27.93100,-131.20100,54.72500
1537029440.22100,0.06600,1.24200,0.57700,31.25800,-133.12300,55.63900
1537029440.24700,0.12700,0.91900,0.45500,34.73400,-134.74100,57.58200
1537029440.27500,0.01100,0.58300,0.52800,36.47600,-135.18500,59.19200
1537029440.30000,-0.11400,0.20400,0.52700,38.41500,-136.61300,61.07300
1537029440.32600,-0.16600,-0.19900,0.33700,38.12100,-137.84900,62.35200
1537029440.35200,-0.19900,-0.33000,0.27700,37.31900,-138.83900,62.84900
1537029440.43900,-0.24100,-0.54100,0.24100,36.12100,-140.65700,62.99500
1537029440.43900,-0.26300,-0.67300,0.20100,35.65400,-141.97000,62.68100
1537029440.43900,-0.28700,-0.80900,0.20400,35.13900,-143.60300,61.69100
1537029440.45800,-0.30000,-0.90500,0.27500,34.58900,-144.11000,60.87200
1537029440.48300,-0.28400,-0.89600,0.30100,32.96700,-143.65400,59.66900
1537029440.51100,-0.29500,-0.79100,0.28800,30.74900,-141.94500,58.62800
1537029440.53600,-0.27800,-0.34000,0.24600,29.19800,-140.25200,58.11600
1537029440.67100,-0.24400,0.18500,0.34200,27.50300,-137.08800,57.55900
1537029440.67100,-0.31700,0.83200,0.72700,27.01600,-134.67000,57.26200
1537029440.70200,-0.22800,1.02500,0.75900,25.83900,-130.53700,56.42400
1537029440.70300,-0.05800,0.96300,0.30900,21.60300,-124.66000,55.26500
1537029440.70400,-0.01500,0.94000,0.10800,16.89800,-120.00200,54.50100
1537029440.74700,-0.02400,0.22800,-0.26100,7.67000,-109.93000,52.64300
1537029440.77600,-0.05000,-0.07900,-0.36400,5.91100,-105.68200,51.69400
1537029440.77600,-0.11100,-0.40300,-0.41700,6.02800,-102.52800,51.01300
1537029440.79800,-0.12000,-0.58800,-0.43500,6.32500,-100.70000,50.69400
1537029440.82500,-0.10400,-0.74500,-0.52400,6.55800,-98.10200,50.59800
1537029440.85200,-0.09700,-0.78900,-0.50600,6.78300,-96.66900,50.87800
1537029440.87700,-0.08600,-0.70800,-0.49000,7.62700,-95.18700,51.81500
1537029440.90400,-0.00600,-0.49300,-0.41300,8.99500,-94.39700,53.30100
1537029440.95900,0.05600,-0.23200,-0.41000,10.09200,-94.23600,54.43200
1537029440.95900,0.16000,0.74300,-0.36400,12.87400,-94.97700,56.13500
1537029441.01100,0.22700,1.36000,0.26600,16.13600,-96.33200,57.22800
1537029441.01200,0.23600,1.36400,0.51700,21.27500,-98.77700,58.86800
1537029441.03500,0.25300,0.98600,0.41400,24.92800,-99.93700,61.05400
1537029441.09100,0.20900,0.52500,0.40600,26.73000,-100.52800,62.58200
1537029441.09200,0.14300,0.14900,0.36900,27.97200,-101.40300,64.53200
1537029441.11300,0.05800,-0.12300,0.27900,27.89300,-102.09500,65.52500
1537029441.16800,-0.05000,-0.37100,0.24700,27.59800,-103.64600,66.47700
1537029441.16900,-0.08000,-0.45700,0.24700,27.67900,-104.96100,66.75500
1537029441.19200,-0.11600,-0.62400,0.28700,28.19900,-107.07500,66.59700
1537029441.21900,-0.12400,-0.72300,0.34100,28.72800,-108.86500,65.78500
1537029441.27400,-0.11500,-0.76800,0.39200,28.69700,-109.63400,64.99300
1537029441.27400,-0.14600,-0.79100,0.40000,27.71900,-109.80400,63.66300
1537029441.30000,-0.14900,-0.63200,0.42700,26.69800,-109.26000,62.81600
1537029441.30100,-0.15200,-0.32100,0.46000,25.18000,-107.59300,61.79700
1537029441.35200,-0.12100,0.04200,0.57200,24.41400,-105.08500,61.19900
1537029441.35300,-0.04300,0.47600,0.68300,24.17100,-102.97500,60.97800
1537029441.40500,0.02200,0.91700,0.66200,23.44100,-99.11800,60.49000
1537029441.40600,0.06100,0.99500,0.58400,21.94000,-96.13200,59.82400
1537029441.45700,0.11200,0.96100,0.19000,17.55700,-90.63600,58.61600
1537029441.45800,0.00300,0.55800,-0.07500,13.35700,-85.15400,57.34500
1537029441.51100,-0.04100,0.32200,-0.17400,11.38700,-81.83600,56.52800
1537029441.51100,-0.11500,-0.09000,-0.30200,9.51300,-77.36400,55.47500
1537029441.53300,-0.15500,-0.38300,-0.30400,8.80600,-74.74900,54.85200
1537029441.56000,-0.18200,-0.51900,-0.29600,7.96900,-71.10900,53.96300
1537029441.58600,-0.21700,-0.72300,-0.30500,7.48800,-68.81700,53.41200
1537029441.61200,-0.27800,-0.84800,-0.31000,6.91000,-65.65400,52.72500
1537029441.66700,-0.31600,-0.81400,-0.31600,6.26900,-62.96400,52.38700
1537029441.66800,-0.31800,-0.71900,-0.32300,5.73300,-61.49900,52.45700
1537029441.74900,-0.34700,-0.33800,-0.37100,5.26900,-60.05800,53.11300
1537029441.75000,-0.26600,-0.00300,-0.37200,5.69800,-59.76500,53.99900
1537029441.75100,-0.24500,0.45700,-0.42800,7.12400,-60.12000,55.95200
1537029441.76900,-0.08400,1.23700,-0.22100,10.31800,-61.75000,58.06000
1537029441.82600,0.17800,1.26200,0.23700,13.34700,-63.64300,59.33200
1537029441.82700,0.20400,1.16100,0.29800,16.78000,-66.13800,61.41900
1537029441.84800,0.18000,0.81400,0.22800,18.95500,-67.53900,63.01000
1537029441.87500,0.29900,0.26100,0.31800,22.58000,-69.90800,64.97600
1537029441.90100,0.21800,-0.07000,0.27900,24.00400,-71.28900,65.96800
1537029441.95600,0.12000,-0.30700,0.29600,24.55200,-73.27700,66.98700
1537029441.95700,0.03400,-0.53000,0.30300,24.36900,-75.36000,67.46200
1537029441.98000,0.04100,-0.67500,0.31400,24.61300,-76.70600,67.51800
1537029442.00600,0.07000,-0.73700,0.32300,25.90400,-78.35200,67.15100
1537029442.03400,0.14000,-0.85000,0.31700,26.67800,-78.96500,66.60800
1537029442.05800,0.13200,-0.83300,0.32000,26.55200,-78.98500,65.47700
1537029442.11400,0.08700,-0.64700,0.38300,24.83200,-77.92600,64.28500
1537029442.11500,0.07700,-0.39100,0.44800,23.47400,-76.22100,63.65200
1537029442.13800,0.17300,0.02900,0.52200,22.28800,-73.84200,63.01600
1537029442.16300,0.23600,0.30000,0.54500,21.95400,-71.37300,62.76200
1537029442.19000,0.30800,0.71100,0.54100,21.31100,-67.82600,62.20600
1537029442.21600,0.20200,0.92700,0.36200,19.05600,-63.49600,60.98300
1537029442.24200,0.08100,0.91700,0.24800,16.17700,-60.21800,59.91500
1537029442.26800,-0.12100,0.67500,0.07000,11.47700,-55.17100,58.29600
1537029442.32400,-0.23500,0.29200,-0.04000,9.29500,-52.23700,57.30700
1537029442.32400,-0.31000,0.09500,-0.07100,7.54300,-48.02100,55.99100
1537029442.34800,-0.37300,-0.20500,-0.07900,7.29200,-45.93000,55.18300
1537029442.37300,-0.42900,-0.43200,-0.09400,8.02800,-43.24800,54.25500
1537029442.39900,-0.62700,-0.68900,-0.13000,9.45000,-41.02000,53.78000
1537029442.45500,-0.76100,-0.84800,-0.10500,10.88500,-40.00800,53.86300
1537029442.45500,-0.75400,-0.76200,-0.09100,13.51100,-39.24700,54.74300
1537029442.47800,-0.58900,-0.59600,-0.17100,15.64900,-39.05200,55.82900
1537029442.50500,-0.50000,-0.40500,-0.23100,19.84900,-39.25900,57.84700
1537029442.53100,-0.23100,0.29800,-0.33400,25.46300,-40.07800,59.93200
1537029442.55700,-0.03500,0.94300,-0.40700,29.99900,-40.82400,61.04500
1537029442.58400,0.51400,1.04100,-0.25600,36.92600,-42.36300,62.26600
1537029442.61000,0.69000,1.09400,-0.04100,39.50100,-42.63700,63.48100
1537029442.63600,0.48600,0.85600,-0.17000,41.54900,-42.00300,66.37100
1537029442.66200,0.50100,0.45500,-0.01500,42.78600,-42.17500,68.08400
1537029442.68800,0.36600,0.04300,0.03300,43.21900,-42.80800,70.11500
1537029442.71400,0.22500,-0.22600,0.14300,42.77600,-44.56800,71.38900
1537029442.74100,0.21100,-0.38100,0.18000,42.82600,-46.32000,71.82100
1537029442.76700,0.21000,-0.49400,0.20900,43.29400,-49.33600,71.94900
1537029442.79300,0.17200,-0.58300,0.26300,43.67500,-51.37000,71.71400
1537029442.82000,0.16700,-0.64000,0.32600,44.48000,-54.07100,71.12400
1537029442.84600,0.19500,-0.73700,0.35500,44.98200,-55.81400,70.79900
1537029442.87200,0.17000,-0.67300,0.37100,44.99600,-56.32100,70.90000
1537029442.89900,0.15600,-0.49200,0.40700,45.10700,-56.24600,71.54700
1537029442.92500,0.16800,-0.27700,0.45100,45.53100,-55.74700,72.10800
1537029442.95200,0.34400,0.09800,0.53800,46.83400,-54.54700,72.79600
1537029442.97700,0.44800,0.31800,0.53200,47.35900,-52.75600,72.45900
1537029443.00300,0.39000,0.48500,0.44900,45.52200,-51.40000,71.42300
1537029443.05900,0.21400,0.71100,0.35100,38.20100,-48.57500,69.26800
1537029443.05900,0.03600,0.66500,0.25100,31.26700,-46.39600,67.91000
1537029443.08200,-0.09400,0.57200,0.17700,21.32600,-42.85300,66.22000
1537029443.11000,-0.23000,0.17400,0.03300,15.34400,-39.50000,64.82600
1537029443.13700,-0.29200,-0.00900,-0.00700,13.50300,-37.47200,63.97300
1537029443.16100,-0.36600,-0.31500,-0.06500,12.36600,-34.74200,62.79600
1537029443.21600,-0.44500,-0.52900,-0.09500,11.91500,-33.07100,62.11600
1537029443.21700,-0.52600,-0.59800,-0.12900,11.13700,-30.73500,61.43400
1537029443.23900,-0.57200,-0.64000,-0.13100,10.33700,-28.88700,61.39400
1537029443.29500,-0.61700,-0.55900,-0.10900,10.20900,-28.10800,61.76700
1537029443.29600,-0.51800,-0.20800,-0.14100,11.37100,-27.78800,63.00100
1537029443.32000,-0.47300,0.11100,-0.16700,13.13300,-28.04400,64.26600
1537029443.34500,-0.28400,0.70800,-0.15000,18.59800,-29.27000,66.51500
1537029443.37100,-0.09300,1.01600,-0.10200,24.12500,-30.20200,68.08500
1537029443.39700,0.09700,1.15000,-0.11300,32.58400,-31.28400,70.66900
1537029443.42800,0.21900,1.00000,-0.09200,40.60600,-31.59600,73.99100
1537029443.45000,0.24300,0.79500,-0.08400,46.39500,-31.57900,76.44700
1537029443.47600,0.28000,0.43800,0.05200,56.21300,-31.45200,80.32700
1537029443.50400,0.28600,0.07100,0.11000,63.00600,-31.41100,82.95400
1537029443.52900,0.20000,-0.14300,0.18500,76.06200,-31.42800,86.97000
1537029443.55700,0.18600,-0.42700,0.20500,94.48100,-31.42600,90.86800
1537029443.58200,0.31100,-0.53500,0.15500,124.46200,-30.87400,96.96000
1537029443.60700,0.30300,-0.56500,0.16800,133.99000,-30.45900,99.44700
1537029443.66300,0.47600,-0.34700,0.09900,145.40600,-29.55700,103.54500
1537029443.66300,0.40400,-0.43800,0.13600,147.55000,-28.49500,106.64200
1537029443.71500,0.32500,-0.26900,0.11600,146.90400,-26.33200,111.88600
1537029443.71600,0.37000,-0.04200,0.10200,145.87800,-23.85100,117.64100
1537029443.76800,0.09900,0.05300,0.18000,144.98800,-21.97000,121.35700
1537029443.76800,-0.05700,0.13800,0.28400,143.10500,-18.89000,126.19600
1537029443.79200,-0.02400,0.37600,0.25100,141.82900,-16.80800,128.84900
1537029443.84700,-0.11000,0.43700,0.27700,139.26400,-13.09000,132.29400
1537029443.84800,-0.23300,0.18100,0.24000,136.70600,-8.98800,135.17700
1537029443.87000,-0.23000,-0.00100,0.10200,135.78100,-7.11500,136.59800
1537029443.89600,-0.30400,-0.45700,0.01600,135.05000,-6.14700,137.56800
1537029443.92200,-0.33800,-0.63100,0.21800,134.61200,-6.07800,137.52500
1537029443.94800,-0.25000,-0.68200,0.26500,133.34500,-4.94600,137.62200
1537029443.97600,-0.16000,-0.68900,0.08600,132.50100,-3.29900,138.17600
1537029444.00100,-0.05600,-0.60700,0.00800,132.51700,-2.72200,138.46100
1537029444.02700,-0.17100,-0.58200,-0.01300,133.41100,-2.61300,139.07700
1537029444.05300,-0.14100,-0.45400,-0.02800,134.18600,-2.55000,139.85800
1537029444.10900,-0.15900,0.20100,-0.26300,135.48100,-2.93600,141.36600
1537029444.10900,0.30700,0.76400,0.18000,135.85400,-3.27500,142.25500
1537029444.13300,0.14500,0.57900,0.10500,134.98200,-2.10200,143.43800
1537029444.15800,0.23400,0.62300,-0.06100,134.36300,-2.28400,143.43800
1537029444.18400,0.22900,0.60000,-0.00300,134.06100,-3.43600,142.73800
1537029444.21100,0.09500,0.41200,0.08300,133.47300,-5.90700,141.19500
1537029444.23700,-0.00900,0.09100,0.13700,132.74700,-7.23500,140.40900
1537029444.26300,-0.00300,-0.09100,0.13900,131.31500,-8.38800,139.90500
1537029444.28900,-0.01600,-0.17400,0.14100,129.63200,-9.31100,139.94000
1537029444.31600,-0.10200,-0.18100,0.19300,128.64200,-9.59500,140.00500
1537029444.34400,-0.01200,-0.30000,0.17000,127.81600,-10.62400,139.80600
1537029444.36900,0.06900,-0.40500,0.12000,127.88400,-10.83400,139.80000
1537029444.42500,0.15600,-0.55100,0.12900,128.54200,-11.15800,140.00300
1537029444.42500,0.14100,-0.54600,0.10600,129.43600,-11.81400,139.90400
1537029444.44700,0.12700,-0.50700,0.12800,131.06300,-12.88900,139.83000
1537029444.47300,0.11400,-0.29900,0.16700,132.36700,-12.49800,140.50200
1537029444.50000,0.19100,0.11900,0.32700,132.92300,-11.33000,141.20400
1537029444.55600,0.31000,0.37300,0.42500,133.54200,-9.72500,141.32100
1537029444.55600,0.39700,0.71900,0.34900,133.87800,-9.47400,140.30800
1537029444.57800,0.30300,0.66700,0.24600,134.02700,-9.31000,138.06800
1537029444.63400,0.09700,0.45000,0.34200,133.41700,-8.83500,135.69900
1537029444.63400,0.03600,0.30400,0.36500,132.68100,-8.36700,133.98400
1537029444.65900,-0.01400,-0.04000,0.28100,131.31200,-8.39300,131.17900
1537029444.68400,-0.05400,-0.34200,0.16500,130.21400,-8.51100,129.00700
1537029444.71000,-0.07800,-0.48100,0.12600,128.64700,-9.58200,125.11000
1537029444.73600,-0.07900,-0.70500,0.02200,127.48200,-11.35300,120.51400
1537029444.76200,-0.11500,-0.84900,0.00500,126.88500,-12.59900,117.37400
1537029444.78800,-0.13900,-0.93500,-0.03200,126.01300,-14.01500,112.69400
1537029444.81500,-0.14500,-0.93700,-0.03900,125.36900,-14.68600,109.68700
1537029444.84100,-0.17200,-0.89500,-0.06100,124.25400,-15.33100,105.41600
1537029444.86700,-0.16700,-0.80500,-0.01100,123.16900,-15.55700,102.72100
1537029444.89500,-0.11800,-0.63400,-0.00100,119.45200,-15.81300,98.63600
1537029444.91900,-0.06000,0.70100,0.04300,111.54400,-16.27800,94.64500
1537029444.94700,0.35000,1.42900,0.53900,98.19400,-16.52100,91.68900
1537029444.97200,0.38800,1.21300,0.38200,75.75100,-17.01000,86.55700
1537029444.99800,0.29400,1.40500,-0.05700,62.18300,-17.11100,83.51800
1537029445.05400,0.11200,1.09400,0.00900,39.84500,-17.31000,79.76700
1537029445.05400,0.02800,0.48400,0.27400,18.95400,-17.86400,76.40600
1537029445.07700,-0.05200,0.12000,0.41300,8.62200,-18.19900,74.14900
1537029445.10300,-0.07300,-0.22500,0.39800,1.25800,-18.88600,70.76300
1537029445.13100,-0.08700,-0.31500,0.34900,0.60400,-19.59500,68.53800
1537029445.15600,-0.05800,-0.47800,0.25200,3.71800,-21.19100,65.29000
1537029445.18200,0.03900,-0.55000,0.19100,7.21600,-22.59200,63.10000
1537029445.20800,0.11900,-0.54200,0.17800,12.54000,-24.88800,59.57400
1537029445.23500,0.23800,-0.57400,0.15100,16.20300,-26.86900,55.73300
1537029445.26100,0.33400,-0.59300,0.07600,17.25500,-27.57800,53.13300
1537029445.31600,0.37600,-0.55800,0.03700,16.74600,-27.17100,49.50100
1537029445.31800,0.43800,-0.39800,-0.04100,15.36500,-25.82000,47.37300
1537029445.34300,0.52700,-0.22700,-0.08000,12.80800,-22.74000,44.44400
1537029445.36600,0.66700,0.02800,-0.06300,10.11900,-18.95700,41.18600
1537029445.39300,0.86800,0.47400,-0.08700,8.10100,-16.14900,38.30500
1537029445.44700,0.89700,0.97900,-0.13800,4.64700,-11.42800,32.67000
1537029445.44800,0.61000,1.03900,-0.11000,2.23300,-7.41100,28.02900
1537029445.47100,0.29400,0.98200,-0.02800,-0.83600,0.19400,20.50600
1537029445.49700,0.03600,0.75500,0.19200,-3.02700,8.03600,13.23500
1537029445.52300,-0.42100,0.65800,0.49700,-3.72000,12.61900,8.95500
1537029445.55000,-0.26800,0.13800,0.29000,-3.48200,14.89800,3.91100
1537029445.60500,-0.31700,-0.05800,0.16000,-3.24000,14.96500,1.42100
1537029445.60600,-0.31600,-0.29300,0.22800,-2.99500,14.37100,-1.42700
1537029445.62800,-0.24300,-0.44100,0.26300,-2.89400,14.11400,-2.83600
1537029445.65500,-0.22400,-0.59100,0.23800,-2.66300,14.97800,-4.36400
1537029445.68100,-0.27400,-0.75200,0.21700,-2.08900,17.79100,-5.36300
1537029445.73600,-0.30500,-0.81300,0.20800,-1.55000,20.30000,-5.78600
1537029445.73700,-0.32100,-0.79700,0.25400,-0.66400,24.27300,-6.09600
1537029445.75900,-0.34900,-0.62400,0.31400,-0.10900,26.69300,-6.12400
1537029445.81800,-0.34000,-0.43500,0.35700,0.61600,30.14700,-6.02500
1537029445.81900,-0.46200,0.33600,0.49400,1.13000,31.77100,-5.96200
1537029445.81900,-0.45900,0.96600,0.45600,1.26400,32.56600,-5.99600
1537029445.83800,-0.45200,1.01700,0.28500,1.38600,32.82100,-5.85800
1537029445.86500,-0.39800,0.68400,0.23500,1.92700,34.20500,-5.54500
1537029445.92000,-0.25500,0.59900,0.27200,2.27400,36.36500,-3.82800
1537029445.92100,-0.29500,0.30000,0.32500,2.16200,38.52000,-0.63700
1537029445.97200,-0.23500,0.23600,0.30500,1.74800,38.97100,1.89100
1537029445.97300,-0.03500,0.16800,0.25300,0.85500,38.00900,6.10400
1537029446.08300,0.24300,-0.05700,0.08800,0.38300,36.24700,9.13000
1537029446.08400,0.30600,-0.25400,0.02500,0.33100,32.47200,13.42700
1537029446.08500,0.31400,-0.55100,-0.07700,1.22000,28.16500,17.00500
1537029446.08600,0.24900,-0.54300,-0.09600,1.98200,25.83200,18.93500
1537029446.10100,0.47300,-0.71000,-0.24900,2.97500,23.77800,20.95200
1537029446.12800,0.48300,-0.77100,-0.25400,3.29300,23.78700,21.65100
1537029446.15400,0.43900,-0.54200,-0.23400,3.20300,25.22500,22.12600
1537029446.18000,0.42100,-0.33500,-0.26000,3.01100,27.22900,22.16100
1537029446.20600,0.42000,0.01000,-0.31200,2.85300,29.72600,21.86100
1537029446.23200,0.46000,0.73400,-0.58300,2.42900,32.98300,21.03500
1537029446.28500,0.26300,0.75000,-0.25100,0.59400,40.15400,18.01800
1537029446.34000,0.27600,0.58900,-0.07700,-0.25100,43.30500,16.12100
1537029446.34100,0.21900,0.46100,0.14200,-1.61300,47.70700,12.96700
1537029446.39200,0.09400,0.21600,0.28900,-2.09700,49.68800,10.71000
1537029446.39300,0.00300,-0.01700,0.29000,-2.23000,51.04200,7.31500
1537029446.41700,-0.05200,-0.24600,0.32400,-2.03500,51.43900,4.04200
1537029446.44200,0.01800,-0.53100,0.42500,-1.89800,51.68800,1.92400
1537029446.46800,0.09800,-0.76600,0.49600,-1.68300,52.62000,-1.10400
1537029446.49500,0.08700,-0.90600,0.56000,-1.48200,53.77900,-2.94100
1537029446.52100,0.08200,-0.91700,0.55400,-0.94300,55.86500,-5.43800
1537029446.54800,-0.02000,-0.70800,0.57000,-0.09300,57.83100,-7.66600
1537029446.57300,-0.06900,-0.61300,0.59600,0.65900,58.99300,-8.97500
1537029446.60000,-0.23700,-0.10800,0.79300,1.91800,60.34500,-10.59400
1537029446.65500,-0.41100,0.98000,0.81100,2.57500,60.33700,-11.31300
1537029446.65600,-0.49000,1.19000,0.49700,3.26700,60.64600,-11.19400
1537029446.68000,-0.41500,0.70600,0.52200,5.10000,64.91700,-9.33700
1537029446.70500,-0.25500,0.83900,0.44100,5.59900,67.30100,-6.61700
1537029446.73100,-0.13500,0.64800,0.32600,5.38600,70.16800,-1.27200
1537029446.75700,-0.09700,0.41000,0.25400,4.73200,70.89300,2.57800
1537029446.78500,-0.00300,0.23600,0.08400,3.40700,69.63300,8.47100
1537029446.83900,0.11900,-0.12800,-0.09100,2.84100,65.23800,13.93200
1537029446.83900,0.07900,-0.25200,-0.12500,3.32300,60.86900,17.21400
1537029446.86200,0.16900,-0.34200,-0.31800,5.04500,53.79600,21.37000
1537029446.88800,0.26400,-0.56300,-0.48200,6.41700,49.95300,23.49000
1537029447.00200,0.29800,-0.62400,-0.49200,7.78000,46.66000,25.91000
1537029447.00300,0.31700,-0.65400,-0.53800,7.92100,46.18900,27.11500
1537029447.00300,0.28600,-0.68000,-0.50200,7.18200,47.35100,28.35000
1537029447.05200,0.22700,-0.59200,-0.43200,5.98500,49.35000,28.97600
1537029447.05300,0.23200,-0.53400,-0.42200,5.41200,50.44100,28.99100
1537029447.05300,0.24100,-0.28800,-0.47300,4.98700,51.66800,28.29600
1537029447.16000,0.22700,-0.05300,-0.53000,4.67300,52.56900,27.32400
1537029447.16000,0.17900,0.39900,-0.65200,3.80800,54.54000,25.02900
1537029447.16100,0.05600,0.86700,-0.55100,2.40700,57.59800,21.59900
1537029447.16200,0.01700,0.92200,-0.39500,1.42700,60.17800,18.72200
1537029447.17700,0.02900,0.77300,-0.16900,0.07500,64.67600,13.77200
1537029447.20300,0.16000,0.51500,0.16600,-0.71700,67.82400,10.40700
1537029447.23100,0.21400,0.22700,0.27200,-1.27100,71.33400,5.70000
1537029447.25600,0.09500,0.03600,0.31300,-1.32700,72.87200,1.57300
1537029447.28200,-0.01200,-0.11800,0.39600,-1.24200,74.09200,-0.89100
1537029447.30900,0.00800,-0.36800,0.43100,-1.09100,74.17400,-4.29200
1537029447.33700,0.07100,-0.46500,0.43600,-1.01300,74.88400,-6.43000
1537029447.36200,0.12900,-0.65600,0.45700,-0.72100,75.80400,-9.44500
1537029447.38700,0.08500,-0.77300,0.48600,-0.31300,76.85100,-11.26000
1537029447.41300,0.06600,-0.77300,0.48300,0.58800,78.62600,-13.56100
1537029447.44000,0.01200,-0.61100,0.55300,1.66700,80.41600,-15.31800
1537029447.46600,-0.00200,-0.50800,0.58900,2.44100,81.63500,-16.08300
1537029447.49300,-0.02300,-0.20800,0.72600,3.57900,83.49800,-16.39600
1537029447.51800,-0.06500,0.49400,0.89200,4.12500,84.41900,-15.96400
1537029447.54500,-0.20900,0.94800,0.66200,4.20100,84.59700,-14.32500
1537029447.57100,-0.29400,0.71900,0.52300,4.60600,85.53100,-11.43300
1537029447.59700,-0.28600,0.75100,0.39600,4.74300,86.12400,-8.85800
1537029447.62300,-0.15900,0.67300,0.11400,4.40300,86.51900,-4.38000
1537029447.67900,-0.08200,0.32600,0.08600,4.07600,86.53100,-1.38500
1537029447.68000,-0.05800,0.16300,-0.02300,3.47400,85.61100,2.77300
1537029447.70200,-0.01600,-0.18800,-0.12900,3.08900,84.40800,5.07500
1537029447.73000,0.04600,-0.31000,-0.26400,2.45600,82.17400,7.89300
1537029447.75500,0.07200,-0.40700,-0.37200,1.92300,79.88000,9.91500
1537029447.78100,0.03900,-0.52500,-0.43300,1.73400,78.69700,10.91900
1537029447.86600,-0.01400,-0.69000,-0.47500,1.59200,77.99200,11.99200
1537029447.86700,-0.01100,-0.76000,-0.47100,1.47200,78.39000,12.41300
1537029447.86700,0.00700,-0.73700,-0.43400,1.19800,79.97500,12.60200
1537029447.88600,-0.01300,-0.39700,-0.40800,0.97500,82.19100,12.28000
1537029447.91200,-0.06800,-0.13500,-0.40900,0.88800,83.88500,11.81100
1537029447.94000,-0.18200,0.67600,-0.42900,0.50800,87.90800,10.84700
1537029448.02700,-0.14800,1.01200,-0.25500,0.01800,90.64600,10.12700
1537029448.02700,-0.03100,0.91000,-0.15400,-0.43700,95.54300,8.59900
1537029448.02700,0.06700,0.81100,-0.02200,-0.97300,101.10000,6.54500
1537029448.02800,0.23100,0.57300,0.15000,-1.34100,104.81800,4.95800
1537029448.04400,0.34800,0.18600,0.23300,-1.69200,109.18700,2.31800
1537029448.06900,0.36600,-0.00400,0.25300,-1.78600,110.93700,0.58800
1537029448.09600,0.31800,-0.31100,0.24800,-1.73800,112.19600,-1.77100
1537029448.12200,0.35500,-0.59200,0.24200,-1.65600,112.59100,-3.17900
1537029448.17800,0.36200,-0.72000,0.21800,-1.46400,113.13200,-5.05200
1537029448.17800,0.38900,-0.88300,0.19300,-1.21400,114.13500,-6.61600
1537029448.23100,0.40000,-0.94900,0.19400,-0.97200,115.11700,-7.48600
1537029448.23100,0.41600,-0.89300,0.22700,-0.49000,116.75100,-8.54300
1537029448.25300,0.41300,-0.66300,0.28300,-0.12200,117.68900,-9.11200
1537029448.28000,0.47700,-0.33700,0.38600,0.49300,118.71600,-9.74900
1537029448.30700,0.74900,0.69700,0.74700,1.00700,118.10300,-10.27100
1537029448.33200,0.51500,1.15700,0.70100,0.95800,116.31300,-10.33100
1537029448.35900,0.12500,1.04000,0.72100,1.88000,115.17300,-9.98600
1537029448.38500,0.02100,0.87300,0.46400,3.02900,115.38300,-9.10400
1537029448.41100,-0.00700,0.83300,0.24900,4.21700,116.57900,-5.62500
1537029448.43800,0.05000,0.42000,0.18500,5.02300,119.08500,-0.13600
1537029448.46400,0.08100,0.30500,0.14500,5.01500,120.42600,4.18300
1537029448.49000,0.01000,0.10800,-0.10700,4.67400,120.78500,10.91100
1537029448.51600,-0.03800,-0.12800,-0.22200,4.77400,119.91000,15.02600
1537029448.54200,-0.12100,-0.34400,-0.21200,6.00700,117.02400,20.26100
1537029448.59800,-0.18500,-0.35300,-0.19000,7.41700,114.64100,23.01700
1537029448.59800,-0.38300,-0.57900,-0.42100,9.67600,111.97400,26.18500
1537029448.62100,-0.39500,-0.74900,-0.57300,10.94400,111.70700,28.22300
1537029448.64700,-0.37200,-0.76400,-0.55500,11.04000,112.78100,29.17900
1537029448.67400,-0.34100,-0.60900,-0.49600,10.33500,115.59200,30.17800
1537029448.69900,-0.42000,-0.53500,-0.51200,9.77700,117.62700,30.45900
1537029448.72600,-0.47100,-0.40600,-0.46100,9.11100,120.58700,30.15800
1537029448.75200,-0.58400,-0.04600,-0.39400,8.42500,123.59800,28.70500
1537029448.77800,-0.65300,0.36200,-0.34100,7.66900,125.87500,27.05500
1537029448.80600,-0.66500,0.77100,-0.21900,6.12200,129.81400,23.53500
1537029448.83200,-0.53400,0.91300,-0.10700,5.20200,132.70600,20.44400
