1521745923.69100,0.19500,0.40200,1.53000,70.18900,-119.08400,-68.93700
1521745923.69100,0.29600,0.57100,1.21900,72.24200,-114.15400,-69.56400
1521745923.69300,0.93900,1.14600,1.06700,74.35200,-110.91300,-72.96000
1521745923.69300,1.29600,1.57200,0.97500,76.23100,-109.75700,-76.89700
1521745923.79700,1.07500,1.02100,0.18500,80.11900,-106.52400,-81.73200
1521745923.79800,0.53700,0.20800,-0.20000,83.28200,-103.52600,-84.38400
1521745923.79800,0.20200,-0.21700,-0.42500,87.45300,-98.31400,-87.79700
1521745923.79800,-0.05700,-0.42200,-0.56200,91.04400,-92.74900,-90.90100
1521745923.81500,-0.14800,-0.49600,-0.51800,92.88400,-89.11800,-92.49000
1521745923.81600,-0.13200,-0.61500,-0.41800,94.85000,-84.18800,-94.08600
1521745923.83900,0.10700,-0.45200,-0.54600,96.22900,-81.10100,-94.93600
1521745923.86500,0.08000,-0.27500,-0.71200,99.01300,-76.89900,-96.25000
1521745923.89200,-0.20800,-0.07200,-0.65700,103.58500,-73.96500,-98.48700
1521745924.00800,-0.14700,-0.11000,-0.36500,105.33100,-73.61400,-100.05200
1521745924.00800,0.13700,0.19000,-0.14900,104.74100,-75.42400,-102.12000
1521745924.00900,0.41200,0.49400,0.13400,103.81800,-77.06600,-103.60600
1521745924.00900,0.59300,0.53400,0.15000,101.71000,-80.12400,-105.25600
1521745924.02300,0.35900,0.31600,-0.01900,100.51800,-82.41500,-106.23900
1521745924.04900,0.27300,0.15400,0.01800,99.28500,-85.06700,-107.29800
1521745924.21000,-0.13000,-0.24300,0.00000,98.13900,-85.61000,-106.65600
1521745924.21000,-0.13800,-0.39700,0.01600,97.36300,-85.54700,-105.55700
1521745924.24300,0.07500,-0.36500,-0.02600,96.02700,-85.22900,-102.80300
1521745924.24300,0.30800,-0.36100,-0.01300,95.46200,-85.23900,-101.12700
1521745924.24300,0.24300,-0.46700,0.12300,95.71600,-86.08400,-101.43300
1521745924.24400,0.12700,-0.63200,0.21100,96.65200,-88.56400,-103.58900
1521745924.26500,0.08800,-0.70200,0.26900,97.47800,-90.59700,-105.69000
1521745924.26600,0.19200,-0.64600,0.34100,98.87900,-93.20500,-109.07700
1521745924.26600,0.29500,-0.55200,0.51100,100.70900,-95.31900,-113.24000
1521745924.37000,0.51100,-0.34400,0.48400,102.02400,-96.21000,-116.20500
1521745924.37000,0.73100,-0.09100,0.36400,103.82500,-96.66800,-119.40700
1521745924.37100,0.77100,0.08600,0.37800,105.19400,-95.93000,-120.26200
1521745924.41900,0.89400,0.25500,0.38000,107.61000,-91.74200,-119.07000
1521745924.44700,0.68800,0.67100,-0.13500,111.53100,-83.43100,-113.17000
1521745924.44700,0.38200,0.49600,-0.15100,113.43700,-80.16200,-109.80700
1521745924.46900,0.10300,0.12700,-0.11900,115.05600,-77.69500,-108.05800
1521745924.54800,-0.00500,-0.11700,-0.12300,116.80900,-73.80100,-105.33400
1521745924.58100,-0.15900,-0.33300,-0.21400,116.80400,-69.39700,-102.19200
1521745924.58100,-0.35000,-0.44600,-0.30800,115.39200,-66.06400,-99.86700
1521745924.58100,-0.54700,-0.41300,-0.31200,111.66200,-61.57800,-96.68600
1521745924.60000,-0.43100,-0.41800,-0.37200,109.03600,-60.01000,-95.28000
1521745924.62700,-0.33200,-0.32600,-0.52100,103.34000,-59.62600,-93.51000
1521745924.65500,-0.06200,0.13000,-0.55100,100.01000,-60.37200,-92.57700
1521745924.76400,0.10200,0.27100,-0.45900,93.05600,-63.10300,-90.72500
1521745924.76400,0.40600,0.69900,-0.25300,81.37900,-66.94700,-88.23500
1521745924.78900,0.63400,0.97000,-0.14000,74.97000,-69.88400,-87.03900
1521745924.79000,0.68200,0.78900,0.02400,67.81000,-74.51600,-85.14700
1521745924.79100,0.53300,0.76700,0.24600,61.93700,-77.42300,-83.85500
1521745924.84300,0.27400,0.48400,0.19900,56.94700,-81.15300,-82.67300
1521745924.84300,0.15500,-0.21400,0.24700,62.08500,-84.86400,-82.54800
1521745924.86400,0.10900,-0.50600,0.20600,67.00100,-87.28100,-82.93500
1521745924.97600,0.09200,-0.77800,0.27500,71.41500,-91.49100,-83.57000
1521745924.97700,0.09500,-0.83100,0.30300,72.38800,-94.46400,-83.82200
1521745924.97800,0.08500,-0.84400,0.34600,72.13500,-98.98600,-83.96700
1521745924.97800,0.09800,-0.80600,0.45800,70.85100,-103.30500,-83.96500
1521745924.99600,0.10100,-0.80000,0.54200,69.27400,-105.78400,-83.83300
1521745925.02100,0.15600,-0.80100,0.68600,64.83600,-108.45800,-83.33800
1521745925.04600,0.31100,-0.36700,1.08000,59.13400,-109.07500,-82.80000
1521745925.16100,0.67800,0.53700,1.35700,44.31200,-107.69600,-81.13500
1521745925.16100,0.90500,1.15900,1.06500,35.09500,-103.19900,-79.47000
1521745925.16200,0.85000,1.04500,0.57600,26.98900,-99.64500,-79.11800
1521745925.16300,1.32600,1.69400,0.39900,-14.24100,-95.46000,-79.67900
1521745925.17700,0.99100,1.29100,0.22300,-37.93400,-92.13500,-80.24000
1521745925.23400,0.68200,0.63300,-0.18100,-45.63600,-85.32500,-82.22500
1521745925.23400,0.25900,-0.26900,-0.36100,-35.67400,-78.25200,-84.51600
1521745925.39800,0.16400,-0.53000,-0.29600,-15.53600,-74.18400,-86.18200
1521745925.39900,0.01400,-0.66000,-0.37800,56.91700,-68.73500,-88.91800
1521745925.40000,-0.03100,-0.71400,-0.46300,98.61900,-65.46900,-90.39100
1521745925.40100,-0.12300,-0.78800,-0.67000,119.60400,-60.76200,-92.15400
1521745925.42100,-0.26100,-0.73200,-0.81100,121.12100,-58.52600,-92.97500
1521745925.42100,-0.38200,-0.45900,-0.89600,115.44400,-56.88000,-93.57900
1521745925.42200,-0.46700,0.06900,-0.85300,108.95800,-57.35300,-94.05400
1521745925.44200,-0.17000,0.59000,-0.68100,103.24500,-59.06200,-93.92900
1521745925.63200,0.16100,1.01800,-0.50800,94.91600,-62.88800,-92.52400
1521745925.63200,0.16200,0.56900,-0.01800,89.94100,-66.39000,-89.94900
1521745925.63300,0.00100,0.43100,0.25100,87.08600,-68.19000,-86.90200
1521745925.75800,0.14300,0.52900,0.29600,83.43400,-70.27400,-82.29100
1521745925.75900,0.31200,0.35100,0.15900,81.98200,-72.28300,-80.28200
1521745925.84400,0.38000,-0.14700,0.19900,80.96000,-76.24800,-77.78100
1521745925.84500,0.57300,-0.56400,0.43300,80.73000,-78.58600,-76.55900
1521745925.84500,0.58200,-0.78600,0.53800,80.05300,-80.45700,-74.31500
1521745925.84600,0.37100,-1.01900,0.69400,78.55500,-79.97200,-70.57200
1521745925.94800,0.32500,-0.99100,0.74600,76.97400,-78.61200,-67.70400
1521745925.94900,0.54400,-0.73400,0.86800,74.07600,-75.71000,-64.01600
1521745925.95000,0.55400,-0.63300,0.89000,72.26400,-72.63300,-61.94100
1521745925.95000,0.54700,-0.60300,0.79400,70.24200,-66.67400,-59.82900
1521745926.16000,0.85800,-0.36900,0.64800,68.92900,-61.62900,-60.48400
1521745926.16000,1.30000,-0.10000,0.54600,68.40600,-59.20400,-62.21000
1521745926.16100,1.73300,0.48600,0.29100,68.19200,-56.28900,-66.35800
1521745926.16200,1.93900,1.36100,-0.06300,68.65400,-54.62900,-69.98500
1521745926.20200,1.39500,1.57200,-0.46800,71.55500,-51.62100,-75.14200
1521745926.31800,0.63900,0.94000,-0.60300,77.30900,-48.44500,-79.91300
1521745926.31800,0.16500,0.22800,-0.47800,81.46600,-46.68200,-83.27100
1521745926.31800,-0.05100,-0.29600,-0.39700,87.48000,-43.98900,-88.14800
1521745926.31800,-0.10600,-0.33500,-0.44600,91.41200,-41.53800,-90.95600
1521745926.34300,-0.22900,-0.47000,-0.54800,97.02200,-36.71600,-94.17600
1521745926.34300,-0.39600,-0.58200,-0.52300,102.39500,-31.09600,-96.41000
1521745926.34400,-0.51300,-0.56600,-0.51600,105.87700,-27.20100,-97.37800
1521745926.34400,-0.61800,-0.47000,-0.39100,111.38300,-22.52900,-98.52600
1521745926.37000,-0.60100,-0.51800,-0.23800,114.72400,-20.66500,-99.25200
1521745926.37100,-0.58300,-0.34300,-0.12100,117.65200,-19.59900,-100.10100
1521745926.37100,-0.43200,-0.09800,-0.20400,116.24100,-20.54400,-100.34800
1521745926.37100,-0.22500,0.08200,-0.14400,111.87300,-21.97300,-99.61100
1521745926.41200,0.10400,0.44100,0.02400,101.98800,-23.71000,-96.45000
1521745926.52400,0.13800,0.71400,0.14300,94.38900,-24.13200,-92.70100
1521745926.52500,0.08600,0.96100,0.02100,84.37800,-24.77200,-86.19100
1521745926.52500,0.41600,0.52800,-0.12700,76.97300,-27.20500,-81.25400
1521745926.55200,0.41900,0.24200,-0.06700,73.09200,-29.16800,-78.83400
1521745926.55400,0.45100,-0.16600,0.08100,68.33600,-32.64300,-76.12400
1521745926.55400,0.51400,-0.51800,0.12800,66.12400,-35.33600,-75.02200
1521745926.55500,0.56200,-0.69100,0.17800,63.39700,-39.91000,-74.05600
1521745926.73700,0.59500,-0.92700,0.26100,60.85600,-42.83500,-73.53900
1521745926.73800,0.67400,-0.81600,0.30400,54.15100,-46.64700,-72.70100
1521745926.73900,0.83200,-0.66700,0.32300,44.36800,-49.14100,-71.76000
1521745926.74000,0.88900,-0.70400,0.36900,37.64400,-49.75900,-71.14800
1521745926.76300,1.01600,-0.54600,0.30600,27.94200,-48.58600,-70.37200
1521745926.76300,1.36300,0.04100,0.14200,21.68100,-46.58200,-70.18100
1521745926.76400,1.54800,0.51500,-0.01300,11.67300,-42.54900,-70.67600
1521745926.76400,1.41900,1.17200,-0.49200,2.87200,-36.81500,-72.04000
1521745926.94600,1.21600,1.35100,-0.71500,-0.62600,-32.33200,-73.54500
1521745926.94600,0.62700,1.25000,-0.79200,-3.39300,-25.65500,-76.35800
1521745926.94700,0.28600,0.85300,-0.53800,-5.92900,-21.46700,-78.43800
1521745926.94800,0.00500,0.19100,-0.28800,-11.88800,-15.40000,-81.76400
1521745926.97300,-0.16100,-0.14000,-0.19800,-27.72500,-9.02700,-84.98500
1521745926.97300,-0.30300,-0.29700,-0.12200,-50.63500,-4.62300,-86.99700
1521745926.97400,-0.48300,-0.39800,0.01400,-85.99900,2.05200,-89.63900
1521745926.97500,-0.64200,-0.56200,0.03700,-100.64200,6.28100,-91.01700
1521745927.00100,-0.69400,-0.61800,0.13400,-119.28000,11.50500,-92.46200
1521745927.00100,-0.80200,-0.53700,0.27000,-149.91600,14.40000,-93.32400
1521745927.00100,-0.79200,-0.49900,0.28400,167.57900,14.75500,-93.66800
1521745927.00100,-0.66400,-0.30900,0.19600,122.98400,13.16900,-93.99500
1521745927.10500,-0.40600,-0.02400,0.11100,109.98000,11.24600,-93.59200
1521745927.10600,-0.01100,0.72800,-0.05000,93.80500,8.33800,-91.01700
1521745927.10700,0.38800,0.94900,-0.15300,83.41800,6.10500,-87.46100
1521745927.10700,0.45900,0.75800,0.02400,79.27300,5.44400,-84.66500
1521745927.18300,0.39200,0.56800,0.19500,75.46600,5.36400,-80.30500
1521745927.18300,0.23300,0.40800,0.22300,73.67500,5.34800,-77.66400
1521745927.18400,0.14100,0.02900,0.21400,72.33800,3.63100,-74.87900
1521745927.18400,0.23200,-0.37600,0.04200,72.51000,-0.11100,-74.05600
1521745927.36600,0.30300,-0.54600,-0.04100,72.85700,-3.50600,-74.26200
1521745927.36600,0.43700,-0.83400,-0.18700,73.26400,-9.23500,-74.86700
1521745927.36700,0.67700,-1.08600,-0.22500,73.32600,-12.79000,-75.38500
1521745927.39300,1.12100,-0.90500,-0.17600,70.83200,-18.48800,-76.85800
1521745927.39300,1.07700,-0.62700,-0.18000,69.38700,-17.52300,-76.80000
1521745927.39400,0.96800,-0.14200,-0.10500,68.84100,-13.04000,-76.06100
1521745927.39500,1.03200,0.28400,-0.22400,69.50500,-8.80300,-75.82500
1521745927.57700,0.85300,0.89100,-0.71200,71.77000,-3.58300,-76.97200
1521745927.57700,0.59400,0.69000,-0.62000,74.27100,-0.67900,-78.90400
1521745927.57900,0.44500,1.08600,-0.94000,77.71500,2.94400,-82.89800
1521745927.57900,0.05000,1.12300,-0.69400,81.93500,7.23900,-86.36700
1521745927.68100,-0.04000,0.40800,-0.27800,85.67600,10.33800,-88.20300
1521745927.68100,-0.11000,0.07500,-0.08700,92.54900,15.21600,-90.98100
1521745927.68200,-0.20400,-0.40200,0.12100,97.80900,18.73600,-92.84600
1521745927.73400,-0.28400,-0.70500,0.23300,114.09200,30.03500,-96.94500
1521745927.73400,-0.27200,-0.71700,0.24700,119.75700,33.76500,-97.60800
1521745927.73500,-0.51300,-0.27400,0.37400,131.05700,38.66700,-98.09000
1521745927.73600,-0.58300,-0.08000,0.49400,139.18100,40.82100,-98.14900
1521745927.75600,-0.55000,-0.26300,0.51800,141.84800,41.38400,-98.20800
1521745927.75700,-0.44100,-0.36200,0.42400,132.96900,39.80100,-97.86900
1521745927.75700,-0.33300,-0.13600,0.38000,122.95400,38.35900,-96.64100
1521745927.77600,0.04100,0.80300,0.13000,103.71400,36.34600,-93.33700
1521745927.85700,0.45000,1.05900,0.05400,91.08000,35.30400,-90.32900
1521745927.91600,0.55100,0.94200,-0.00400,78.75500,35.04900,-84.76600
1521745927.91700,0.33900,0.48100,0.17900,73.65200,36.19400,-79.45000
1521745927.91800,0.29400,0.05600,0.30300,71.53900,37.17200,-76.10000
1521745927.91900,0.19300,-0.13300,0.04700,68.46300,37.08800,-72.57900
1521745928.07000,0.28600,-0.37100,-0.19400,66.61100,35.73400,-71.51300
1521745928.07000,0.30700,-0.60000,-0.36000,64.14500,32.30200,-70.78800
1521745928.09600,0.46500,-0.88500,-0.51300,61.60100,28.05000,-70.78600
1521745928.09700,0.57600,-0.93900,-0.54100,59.36300,25.53600,-71.04600
1521745928.28500,0.69500,-0.89300,-0.58300,54.74500,23.24500,-71.66000
1521745928.28500,0.72700,-0.71500,-0.57700,51.22100,23.12600,-71.80700
1521745928.28600,0.71000,-0.51800,-0.59300,48.46000,25.14100,-71.62000
1521745928.28700,0.75700,-0.25100,-0.62400,48.86500,27.62800,-71.84900
1521745928.30900,0.66200,0.57500,-0.99500,50.07900,31.67300,-73.36900
1521745928.31000,0.20800,1.21700,-1.20200,52.19700,35.19100,-76.04000
1521745928.31000,-0.29900,1.18300,-1.09700,55.89500,37.66800,-78.55900
1521745928.33900,-0.30100,1.23900,-0.77800,62.56600,41.42100,-82.82800
1521745928.34000,-0.21000,0.72500,-0.28300,69.04400,43.84600,-85.71500
1521745928.34000,-0.22100,0.36400,-0.02300,90.84400,47.50500,-90.11400
1521745928.34000,-0.18100,-0.23900,0.13300,134.14500,51.75100,-94.15200
1521745928.47000,-0.20600,-0.37300,0.22600,167.90000,55.29200,-96.67900
1521745928.47000,-0.23000,-0.43600,0.41500,-163.90900,61.77900,-100.03200
1521745928.47000,-0.23200,-0.59400,0.61800,-158.60800,66.40300,-101.77700
1521745928.47100,-0.22400,-0.63500,0.70600,-160.10100,72.33500,-103.18500
1521745928.49100,-0.19300,-0.59800,0.77200,-171.89200,75.54100,-102.90300
1521745928.49300,-0.09900,-0.53900,0.75800,173.10100,76.19500,-102.33000
1521745928.49300,-0.09700,-0.29900,0.65200,143.44600,75.38600,-101.25600
1521745928.51100,0.02200,-0.17400,0.38200,125.11200,74.05600,-99.74500
1521745928.53800,0.12500,0.13100,0.36700,105.72400,72.99900,-95.51700
1521745928.67300,0.03800,1.04400,0.26100,90.69700,72.22000,-90.23800
1521745928.67400,0.10300,1.26600,0.02100,78.85300,70.99200,-86.19300
1521745928.70500,0.21600,1.17900,-0.19900,67.43800,69.67000,-81.36900
1521745928.70500,0.39900,0.34400,-0.29100,64.08400,68.96900,-78.77800
1521745928.70600,0.39900,0.04600,-0.19500,61.05600,67.94700,-76.10500
1521745928.70700,0.33400,-0.34100,-0.21400,59.05500,66.45000,-75.22800
1521745928.75400,0.26700,-0.46200,-0.25200,57.30200,64.76300,-74.86400
1521745928.75500,0.18500,-0.60100,-0.28700,54.53900,62.11500,-74.87200
1521745928.75500,0.16700,-0.65000,-0.29100,52.54100,60.22800,-75.08900
1521745928.86300,0.14400,-0.79900,-0.32700,49.11800,57.90100,-75.30400
1521745928.86300,0.21200,-0.91600,-0.38300,46.39300,56.68100,-75.51000
1521745928.86300,0.21100,-0.87700,-0.45000,39.98800,55.54200,-75.76600
1521745928.86400,0.34600,-0.56300,-0.78300,29.61500,55.55000,-75.76800
1521745929.03800,0.53300,0.83500,-1.30800,20.22000,56.47500,-75.88700
1521745929.06600,0.33900,1.37500,-1.21300,9.73500,59.51100,-77.76600
1521745929.06600,-0.24100,1.60200,-0.68900,14.49200,64.25400,-82.06700
1521745929.09000,-0.19400,1.55500,-0.66700,17.94800,67.35300,-85.73100
1521745929.12600,-0.28200,1.31200,-0.15800,167.64400,72.48800,-91.52800
1521745929.12600,-0.29100,0.79300,0.25800,173.46300,76.05700,-95.46300
1521745929.12600,-0.22400,0.02100,0.46700,168.11700,81.47200,-101.03300
1521745929.12700,-0.13300,-0.45200,0.57500,164.64200,87.23600,-106.16000
1521745929.14800,-0.08800,-0.57200,0.62300,163.20600,91.24500,-109.04800
1521745929.14800,-0.02700,-0.83300,0.78200,160.53200,97.17500,-112.17400
1521745929.14900,0.08200,-1.03100,0.84200,158.29400,100.67200,-113.42500
1521745929.22600,0.16800,-1.05900,0.78500,154.71700,104.24900,-114.32800
1521745929.22700,0.25700,-1.00800,0.87600,152.18800,105.41800,-114.26500
1521745929.22700,0.31100,-0.76800,0.89900,147.98500,105.34000,-113.53700
1521745929.24600,0.19000,-0.43300,0.75300,141.81800,102.88700,-111.92000
1521745929.27300,0.21300,0.06700,0.57400,135.43600,100.80500,-109.39500
1521745929.30000,0.32500,1.03000,0.51200,122.56900,97.64000,-103.85600
1521745929.32500,0.40700,1.22500,0.47800,113.30000,95.33200,-100.05900
1521745929.43900,0.44200,0.84600,0.01300,100.70000,92.61900,-95.10600
1521745929.43900,0.33700,0.54300,-0.02400,91.27400,90.92300,-90.58900
1521745929.44000,0.31100,0.34300,-0.02000,86.72700,89.73500,-88.57100
1521745929.44100,0.24300,-0.20300,-0.19700,81.48600,86.90700,-86.59000
1521745929.45600,0.17300,-0.36700,-0.27800,78.64900,84.34900,-85.81300
1521745929.48300,0.07400,-0.47000,-0.30400,74.49300,79.76000,-85.11600
1521745929.50900,-0.02200,-0.61300,-0.36700,70.37300,74.74500,-84.61000
1521745929.62200,-0.02000,-0.73300,-0.45500,68.04700,71.66800,-84.39600
1521745929.62300,0.04400,-0.79000,-0.58100,64.97000,67.32700,-84.31900
1521745929.62400,0.08300,-0.70800,-0.68500,63.19200,65.75200,-84.45100
1521745929.62500,0.13300,-0.62400,-0.74400,62.31300,64.40800,-84.99000
1521745929.67100,0.18400,-0.13600,-0.79000,64.96400,65.27700,-86.04500
1521745929.67100,0.16400,0.46400,-0.82000,68.42200,66.75800,-86.79800
1521745929.69300,-0.01700,1.76400,-0.58400,82.35600,69.80300,-88.67500
1521745929.71900,-0.11900,1.46600,-0.26700,93.25300,71.88500,-90.75300
1521745929.83300,-0.17100,1.13200,0.10100,101.05600,75.24900,-93.32900
1521745929.83300,0.01500,0.88000,0.33600,110.15200,79.48600,-96.18700
1521745929.83400,0.08100,0.38200,0.29000,116.23900,82.48800,-98.01300
1521745929.83700,0.09800,-0.03500,0.27100,126.53100,88.21800,-100.76700
1521745929.85000,0.15200,-0.44300,0.39300,133.76200,92.62900,-102.24300
1521745929.87600,0.26100,-0.61500,0.47100,145.25700,99.82400,-104.04200
1521745929.90300,0.28700,-0.72600,0.55300,155.11200,106.23100,-105.51000
1521745930.12200,0.29200,-0.77400,0.61400,158.62400,109.31000,-106.28600
1521745930.12300,0.23900,-0.81000,0.78300,157.34600,111.15300,-106.71700
1521745930.12400,0.30000,-0.93400,0.76500,152.51100,110.42500,-106.25300
1521745930.12400,0.38700,-0.82300,0.76100,144.10500,107.30800,-104.79500
1521745930.19400,0.27200,-0.16600,0.70800,137.72900,104.06300,-103.54300
1521745930.27700,0.23200,0.51600,0.60500,120.62100,97.80600,-100.14800
1521745930.27800,0.10100,0.96900,0.27400,101.72600,91.53700,-95.39600
1521745930.27900,0.42300,0.79600,0.16800,93.21600,88.55000,-91.91700
1521745930.30100,0.65000,0.58600,0.18300,84.72900,86.63500,-86.18600
1521745930.30100,0.25100,0.62800,0.09700,80.43300,85.90600,-83.15400
1521745930.41200,0.07000,0.27600,-0.02300,75.40900,84.22000,-80.05100
1521745930.41200,0.08700,-0.14200,-0.18200,72.12700,81.80300,-78.41900
1521745930.41200,0.08500,-0.33300,-0.29000,70.39000,79.46000,-77.96500
1521745930.41300,0.01300,-0.61300,-0.50300,67.93300,75.11900,-77.84800
1521745930.43700,-0.00200,-0.71600,-0.65300,66.41800,72.25300,-78.05900
1521745930.43700,0.05600,-0.71300,-0.69800,64.80600,68.91100,-78.54800
1521745930.43800,0.15000,-0.78600,-0.67200,64.96900,67.21100,-79.14000
1521745930.43900,0.18800,-0.79500,-0.63000,65.87700,66.93700,-79.59300
1521745930.45900,0.19800,-0.44100,-0.63700,67.83100,67.72800,-80.63500
1521745930.46000,0.06100,0.40000,-0.60600,70.46800,69.23600,-81.85900
1521745930.46100,0.01200,0.90600,-0.43200,76.27800,72.00800,-83.99200
1521745930.48000,-0.14000,0.93700,-0.09800,84.08300,74.24300,-87.21900
1521745930.58600,-0.30400,1.28000,0.15800,88.68400,75.62000,-89.40800
1521745930.62000,-0.15500,1.20500,0.34000,94.94100,78.40300,-91.96400
1521745930.62100,0.11200,0.65300,0.19000,101.39200,81.01400,-94.28000
1521745930.62200,0.14100,0.38600,0.25100,106.50600,83.24600,-95.97500
1521745930.62200,0.15300,-0.06400,0.26300,114.68500,87.39200,-98.37400
1521745930.63700,0.15000,-0.26100,0.26500,120.71600,90.81500,-99.85400
1521745930.66600,0.21100,-0.34700,0.21100,131.01500,96.64200,-101.91600
1521745930.69100,0.22900,-0.40600,0.35700,138.94700,100.85700,-103.26200
1521745930.77200,0.22900,-0.44400,0.45000,149.98200,106.94000,-104.96700
1521745930.80300,0.37600,-0.55800,0.72400,155.77600,111.34900,-106.52600
1521745930.80400,0.39400,-0.70000,0.80200,154.61500,112.29600,-107.40600
1521745930.80400,0.31200,-1.00900,0.73100,148.83900,110.11500,-108.66800
1521745930.85000,0.35200,-0.77700,0.64900,146.32600,107.41700,-109.44400
1521745930.85100,0.21600,-0.45600,0.66400,143.89400,102.29800,-109.92100
1521745930.87500,0.23600,0.24400,0.49100,136.27700,95.93400,-107.29400
1521745931.01000,0.32600,1.26900,0.45700,128.69000,91.97700,-104.32500
1521745931.01000,0.30200,1.54100,0.33400,114.53200,86.86200,-99.68300
1521745931.04100,0.34100,0.70600,-0.09000,104.72900,84.01500,-97.01800
1521745931.04200,0.30800,0.34700,0.12800,94.50600,81.23400,-92.72800
1521745931.04300,0.12600,0.10000,0.04300,89.52500,79.61900,-89.70300
1521745931.04300,0.01600,-0.15600,-0.13400,86.96500,78.42500,-88.16900
1521745931.05800,-0.02500,-0.46700,-0.39000,83.33900,76.08300,-86.36600
1521745931.08500,-0.01300,-0.58100,-0.48800,80.42700,74.42000,-85.25600
1521745931.16300,-0.00700,-0.69800,-0.68900,74.52100,71.95600,-83.71700
1521745931.18900,0.05800,-0.75000,-0.82100,65.74200,70.03200,-82.58800
1521745931.22100,0.10200,-0.75200,-0.81200,58.06000,69.65900,-82.15700
1521745931.22200,0.17300,-0.83800,-0.71100,45.09400,70.53000,-81.73300
1521745931.22300,0.16600,-0.56800,-0.66700,35.78100,72.07400,-81.69400
1521745931.24500,0.03900,0.21400,-0.75700,14.10500,75.68300,-82.15500
1521745931.24500,-0.16200,1.39400,-0.80000,-9.62000,80.36300,-83.32100
1521745931.35400,-0.44600,1.66600,-0.40300,-9.94100,83.99200,-84.93500
1521745931.35400,-0.50600,1.56400,0.17100,40.23500,89.81600,-87.82900
1521745931.35500,-0.33300,1.31900,0.53200,99.17500,93.06200,-90.58100
1521745931.37800,-0.18300,0.79100,0.55400,128.04600,97.14300,-94.34300
1521745931.37800,-0.08700,-0.13200,0.42800,137.92500,100.16000,-98.29900
1521745931.39900,-0.03800,-0.38100,0.39600,144.52900,102.53700,-100.64200
1521745931.42500,-0.02700,-0.52800,0.40200,158.36300,107.11100,-103.66600
1521745931.45200,0.01800,-0.59500,0.42000,167.17300,110.75200,-105.34300
1521745931.53600,0.07400,-0.67200,0.46600,175.43100,116.50100,-107.13800
1521745931.53600,0.20500,-0.73000,0.64600,176.59000,121.69300,-108.00600
1521745931.58800,0.30800,-0.74600,0.69900,174.03800,124.06600,-108.01500
1521745931.58900,0.41300,-0.60700,0.60500,165.57400,125.49100,-107.36400
1521745931.59000,0.55200,-0.25200,0.61800,156.60500,125.26600,-106.78800
1521745931.60900,0.47100,0.00800,0.55900,139.58500,122.91400,-106.06500
1521745931.63500,0.60900,0.03100,0.10300,122.38000,119.42200,-104.14800
1521745931.66100,0.58200,0.48000,0.11600,114.37800,117.63400,-101.87000
1521745931.74500,0.35500,1.16700,0.10400,107.20400,115.73700,-98.41400
1521745931.74500,0.16200,1.20400,-0.05400,102.97900,114.49100,-96.27700
1521745931.76700,-0.09600,0.78700,-0.29800,96.98600,112.76400,-93.60700
1521745931.79500,-0.00600,0.09600,-0.16200,93.50400,111.17500,-92.09500
1521745932.01300,0.15100,-0.28000,-0.04400,92.36400,110.09200,-91.56800
1521745932.01400,0.01500,-0.51000,-0.12700,91.90300,107.99300,-91.41600
1521745932.01500,-0.39300,-0.64900,-0.29900,92.08100,106.31700,-91.59300
1521745932.01600,-0.57800,-0.75400,-0.47200,92.38300,104.36800,-91.81600
1521745932.14400,-0.53300,-0.72400,-0.56000,92.30500,104.15400,-91.71600
1521745932.14400,-0.50100,-0.64500,-0.51900,91.68000,105.99800,-91.18400
1521745932.14500,-0.38700,-0.40800,-0.32900,90.87300,109.64100,-90.60900
1521745932.14500,-0.23000,-0.14400,-0.27400,90.84900,112.73100,-90.61600
1521745932.16400,-0.31900,0.14000,-0.22200,92.07800,117.80600,-91.60200
1521745932.16400,-0.71600,0.82900,0.06900,93.21700,121.12800,-92.49500
1521745932.24200,-0.83700,1.10600,0.43700,96.43600,125.82400,-94.76900
1521745932.24300,-0.56800,1.42500,1.16000,101.17400,131.20100,-97.49500
1521745932.35300,-0.13600,1.06100,1.16400,103.75200,134.67100,-99.13400
1521745932.35400,0.18100,0.25900,0.69000,106.13000,138.99400,-101.49400
1521745932.35500,0.27300,-0.05900,0.46900,107.44100,141.78600,-102.99400
1521745932.35600,0.26700,-0.41700,0.27700,109.13200,146.39200,-104.66500
1521745932.38000,0.29200,-0.51600,0.27900,110.58900,151.81800,-105.33800
1521745932.38100,0.29200,-0.56700,0.26800,111.30600,155.72600,-105.35500
1521745932.38100,0.39300,-0.60800,0.18300,112.33900,161.54600,-105.02300
1521745932.38200,0.49900,-0.52600,0.26800,113.27000,165.11100,-104.78300
1521745932.40500,0.63300,-0.37500,0.23800,114.88300,169.39000,-104.47700
1521745932.40600,0.77600,-0.16800,0.17600,116.44400,171.37200,-105.13500
1521745932.40600,0.70300,-0.19100,0.15200,116.53900,171.21300,-106.25300
1521745932.40700,0.55000,-0.03800,0.04100,114.55500,169.30500,-107.91900
1521745932.55500,0.48000,0.42100,0.01500,112.43400,167.70800,-108.49200
1521745932.58900,0.37200,0.52700,-0.04300,109.53000,164.81400,-109.45200
1521745932.59000,0.44800,0.59600,0.01800,107.20800,162.54700,-109.29600
1521745932.59100,0.40200,0.61600,0.16800,106.06900,161.83000,-108.42100
1521745932.59200,0.22900,0.27500,0.10200,105.46300,161.17900,-107.75800
1521745932.61200,-0.00500,-0.01600,-0.10900,105.71200,160.69100,-108.01400
1521745932.61300,-0.14300,-0.04400,-0.12800,106.87000,159.75400,-108.92000
1521745932.61400,-0.32700,-0.02500,-0.03300,108.73200,159.06600,-110.46900
1521745932.63500,-0.33900,-0.06900,0.02800,109.85900,158.56700,-112.05900
1521745932.71500,-0.36700,-0.10900,0.05400,110.91200,157.40100,-115.50000
1521745932.71600,-0.46900,-0.02200,0.15000,111.48200,156.16300,-118.76500
1521745932.76800,-0.52200,0.10300,0.33600,112.62600,152.85000,-126.29400
1521745932.76900,-0.42200,0.15700,0.48800,113.26300,145.90000,-138.79600
1521745932.79100,-0.36500,0.23800,0.49800,113.38800,137.63200,-151.17800
1521745932.81900,-0.18500,0.44800,1.07900,112.94000,121.61100,-173.42000
1521745932.82000,0.17200,0.34600,1.40400,112.28200,110.09000,171.06400
1521745932.93000,0.36500,0.00500,1.03700,111.13000,94.99800,148.97100
1521745932.93100,0.28400,-0.09400,0.63200,109.94500,88.46800,134.96400
1521745932.93100,0.38900,-0.16900,0.51800,109.02500,88.10000,129.71200
1521745932.93300,0.50100,-0.27000,0.14700,107.45800,88.59300,123.81200
1521745932.94800,0.58200,-0.32900,-0.07400,106.27500,88.72000,120.24400
1521745933.00300,0.58000,-0.39000,-0.12100,103.91800,89.11300,114.92600
1521745933.00400,0.48400,-0.48800,-0.08700,101.22300,89.41900,109.68500
1521745933.10600,0.48200,-0.54000,-0.14400,99.41700,88.98400,106.17700
1521745933.16700,0.51700,-0.48600,-0.20000,96.78300,87.17300,101.01100
1521745933.16800,0.50800,-0.40500,-0.22800,95.27400,85.64100,98.14300
1521745933.16800,0.42300,-0.23500,-0.31500,93.18300,83.15200,94.56500
1521745933.16900,0.19700,-0.12000,-0.25400,91.97000,82.63100,92.67700
1521745933.21500,0.17700,-0.01600,-0.16700,90.66100,80.58200,90.84100
1521745933.21500,0.25800,0.02200,-0.04000,89.52200,78.93800,89.41700
1521745933.37400,0.17800,0.08100,0.05000,88.88700,77.22300,88.68800
1521745933.37400,0.13300,0.12100,0.03700,88.58600,75.11600,88.35000
1521745933.39800,0.40800,0.08000,-0.04900,88.82600,73.98100,88.58900
1521745933.39900,0.41000,0.21400,-0.04400,88.39200,72.23100,87.98400
1521745933.43100,0.23000,0.30200,-0.08800,87.23900,70.11600,86.51500
1521745933.43100,0.25100,0.06400,-0.02000,86.58300,68.79100,85.58000
1521745933.43200,0.27700,-0.12400,0.01100,86.09400,67.40300,84.62500
1521745933.43300,0.16400,-0.23500,0.07800,86.03400,67.15500,84.37100
1521745933.44800,0.09800,-0.28200,0.12100,86.36300,67.83700,84.65300
1521745933.47600,0.09500,-0.43200,0.20300,87.09500,69.37200,85.52000
1521745933.50600,0.16600,-0.52200,0.26500,87.57300,70.58600,86.13800
1521745933.50700,0.15900,-0.51300,0.31300,87.87100,73.13000,86.56800
1521745933.50700,0.17700,-0.39500,0.39800,87.49600,73.92500,86.03100
1521745933.55300,0.05100,-0.13500,0.46100,86.09600,75.35500,84.10100
1521745933.57800,0.11100,0.02700,0.40600,84.73500,76.81900,82.28100
1521745933.60900,0.22200,0.11100,0.39000,83.99100,77.69000,81.17400
1521745933.60900,0.19000,0.19700,0.25800,83.18800,80.05200,79.88800
1521745933.69000,0.17000,0.40000,0.19400,83.26800,82.00100,79.82000
1521745933.69000,0.16000,0.50200,0.06900,83.72500,85.42700,79.86300
1521745933.69000,0.29000,0.29900,0.13300,83.93200,87.41100,79.28500
1521745933.71100,0.34100,0.10600,0.20000,83.68600,88.58700,78.27000
1521745933.73700,0.36200,-0.15600,0.21600,82.98000,89.58500,76.28100
1521745933.76200,0.31400,-0.21300,0.10800,82.24000,90.01100,74.61900
1521745933.78900,0.27700,-0.23300,-0.05600,81.06500,90.31700,72.34200
1521745933.90300,0.31000,-0.21200,-0.14100,80.45900,90.96500,71.46700
1521745933.90300,0.38400,-0.18900,-0.23600,80.29800,91.27900,71.43400
1521745933.90400,0.44100,-0.16000,-0.27100,79.78500,91.77800,71.26600
1521745933.90400,0.19800,-0.01100,-0.17100,79.30600,92.35000,71.59500
1521745933.94800,0.12800,0.03000,0.03700,78.66500,93.41000,72.17700
1521745933.97400,0.20700,0.05300,-0.02500,77.55000,92.70100,71.52500
1521745933.97500,0.23800,0.08900,-0.07000,76.98700,92.37600,71.63600
1521745934.08400,0.10300,0.18800,0.00300,76.57400,92.16900,71.92200
1521745934.08500,0.16500,0.29500,-0.03400,76.56100,92.21200,72.08900
1521745934.08600,0.21700,0.28700,-0.01900,76.63100,91.82400,72.15400
1521745934.27000,0.32200,0.10500,0.04400,76.89800,91.56000,72.05800
1521745934.27000,0.29500,-0.01500,0.10400,77.31700,91.63900,72.22900
1521745934.27100,0.07500,-0.31000,0.10400,78.59600,92.95600,73.24300
1521745934.27200,0.14600,-0.45300,0.12600,79.76000,94.21100,74.30700
1521745934.29800,0.15300,-0.56400,0.20100,80.97700,96.77100,75.78100
1521745934.29800,0.15300,-0.52900,0.34300,81.52000,98.62700,76.65200
1521745934.29900,0.23100,-0.51500,0.34400,82.11800,101.36100,77.36300
1521745934.30000,0.46100,-0.50000,0.40100,82.26400,104.20200,77.35600
1521745934.34400,0.36900,-0.32300,0.40800,82.02800,106.07900,77.13900
1521745934.34500,0.34700,-0.00600,0.35100,81.63100,109.02300,76.70500
1521745934.34600,0.44200,0.08800,0.41900,81.46500,110.91800,76.30200
1521745934.36500,0.53900,0.10000,0.32500,81.86400,114.23100,76.18900
1521745934.47900,0.52000,0.33800,0.35500,82.58500,117.63000,76.09900
1521745934.48000,0.43800,0.57600,0.37000,82.69000,119.47100,75.28700
1521745934.48000,0.37500,0.50500,0.24600,82.13700,120.05700,72.31200
1521745934.48100,0.38800,0.33900,0.16800,81.62000,119.60100,69.54000
1521745934.52600,0.04800,-0.12300,-0.11500,81.47000,120.41300,63.64800
1521745934.55000,0.14400,-0.20600,-0.08300,82.28100,123.55300,65.40000
1521745934.57500,0.15100,-0.22300,-0.25400,83.57300,128.26700,68.93900
1521745934.66000,0.21700,-0.21200,-0.26600,84.35300,130.65900,71.04300
1521745934.66000,0.09300,-0.22100,-0.23100,84.97700,133.30400,73.08100
1521745934.66100,0.00500,-0.15800,-0.04300,85.41700,135.83800,75.38200
1521745934.68400,0.13700,-0.09500,0.05100,85.59000,137.00100,76.20100
1521745934.70700,0.13600,-0.05000,-0.00600,85.23100,135.76600,75.02200
1521745934.73300,0.13900,0.03800,0.03100,84.87600,134.48600,74.13800
1521745934.75900,0.19200,0.17400,0.05100,84.36300,131.89800,72.24600
1521745934.83900,0.23000,0.34600,0.04400,83.53800,127.16700,67.96800
1521745934.87000,0.18200,0.40100,0.02300,82.68700,123.09400,64.16700
1521745934.87000,0.05700,0.34000,0.04800,81.45900,117.96600,59.60200
1521745934.87100,0.06900,0.16600,-0.03100,80.95100,115.01400,57.22100
1521745934.89000,0.07700,-0.00400,-0.05200,80.88800,111.81300,54.81400
1521745934.91600,0.06800,-0.13900,0.05500,81.45800,112.12700,55.54300
1521745934.94200,0.19900,-0.35900,0.18000,83.04300,115.82500,59.73100
1521745935.05600,0.43700,-0.47900,0.17300,85.07900,121.64400,65.74300
1521745935.05700,0.58600,-0.52000,0.14600,86.46800,127.16500,71.06100
1521745935.05800,0.67200,-0.48600,0.14700,88.30000,137.90700,80.59300
1521745935.05900,0.46600,-0.37100,0.19800,89.25100,144.84800,86.07600
1521745935.07600,0.38200,-0.26600,0.23400,90.48500,153.84000,92.22200
1521745935.10000,0.48100,-0.00900,0.43300,91.65600,161.46000,96.62700
1521745935.12600,0.63900,0.13900,0.50500,92.23200,165.95200,98.47300
1521745935.15400,0.66700,0.30700,0.40300,92.85100,172.45600,101.46800
1521745935.23600,0.62500,0.51600,0.20100,93.12300,179.83100,105.24500
1521745935.23600,0.44500,0.53600,0.06800,92.78900,-176.75600,106.22200
1521745935.26000,0.21600,0.43100,0.02000,91.64900,-177.09300,101.96600
1521745935.26100,0.02400,0.21000,-0.03800,90.87800,-179.59300,96.77800
1521745935.28400,-0.04800,0.03900,-0.11000,90.28600,179.80800,92.24000
1521745935.36600,-0.07200,-0.20200,-0.15300,90.44200,-177.02200,93.33500
1521745935.36600,-0.07900,-0.28400,-0.21400,91.43900,-168.33600,99.98500
1521745935.63500,-0.15300,-0.37600,-0.36900,92.91300,-159.36700,108.33200
1521745935.63600,-0.16900,-0.31600,-0.39900,93.87400,-155.72100,112.17800
1521745935.63600,-0.16900,-0.29700,-0.33700,95.04400,-155.76500,113.06500
1521745935.66100,0.06900,0.01100,0.10900,96.52000,-160.11700,110.16900
1521745935.66100,0.25600,0.00800,0.05300,97.29000,-161.16200,110.31000
1521745935.66200,0.24100,0.09400,0.03400,97.82200,-161.42200,111.31300
1521745935.66300,0.29900,0.33100,0.01400,98.20200,-161.29800,113.46900
1521745935.68800,0.19100,0.47000,0.04200,97.85700,-162.45600,113.44500
1521745935.68800,0.03300,0.45900,0.10200,96.52600,-167.98600,109.81400
1521745935.68900,-0.05400,0.15300,0.08100,94.67300,-175.34900,104.30700
1521745935.69000,-0.04600,-0.08800,0.06700,93.50100,-179.74100,101.12800
1521745935.70900,0.03600,-0.46500,-0.00100,92.05300,174.49900,96.96600
1521745935.71000,0.15300,-0.53700,0.06300,91.34100,171.00000,94.55200
1521745935.71100,0.26000,-0.51400,0.10900,90.50800,167.24700,91.67100
1521745935.75800,0.61500,-0.56700,0.05600,90.38600,166.99700,91.24100
1521745935.83900,0.78000,-0.52900,0.14900,90.62200,168.40000,91.88900
1521745935.86600,0.61400,-0.33300,0.35100,90.88100,170.82700,92.28300
1521745935.86600,0.54100,-0.07800,0.49100,91.24700,172.87300,92.87300
1521745935.88800,0.58500,0.08900,0.56800,91.94300,176.60400,94.05900
1521745935.91900,0.63800,0.18900,0.29100,92.35200,-179.55100,95.07700
1521745935.92000,0.60000,0.34800,0.19700,92.43700,-177.26100,95.59900
1521745935.92100,0.55800,0.60100,-0.03800,91.79600,-175.59900,94.60800
1521745936.05500,0.29000,0.47000,-0.09700,90.60600,-176.58600,91.69100
1521745936.05600,0.17500,0.35200,-0.05100,88.29800,179.49400,84.81600
1521745936.05600,-0.09300,0.02800,-0.12400,86.40600,175.53500,78.09700
1521745936.05700,-0.21600,-0.21200,-0.20400,85.63400,173.61700,74.67800
1521745936.28300,-0.30700,-0.37400,-0.30700,85.29000,173.02000,72.78900
1521745936.31900,-0.37600,-0.48900,-0.43500,85.67900,174.75400,74.35100
1521745936.31900,-0.34700,-0.50200,-0.42800,86.87100,178.82500,79.36000
1521745936.31900,-0.27900,-0.35500,-0.13600,88.24600,-177.33800,84.73100
1521745936.32000,-0.20300,-0.15000,0.07200,89.22400,-175.19800,87.90200
1521745936.44800,0.24700,0.02800,0.08200,90.71100,-172.66500,91.75800
1521745936.44900,0.27100,0.08300,-0.04900,91.46100,-172.04200,93.63300
1521745936.45000,0.38200,0.35700,-0.01900,92.21500,-171.59000,95.82300
1521745936.47600,0.08000,0.60100,0.12000,91.46300,-175.16800,94.20700
1521745936.47600,-0.07700,0.38700,0.06900,90.32100,-179.96200,90.96900
1521745936.47600,-0.08900,-0.02100,-0.06200,89.62000,176.71700,88.79800
1521745936.47700,-0.05200,-0.25300,-0.03100,88.98100,172.55300,86.50200
1521745936.50200,-0.00500,-0.44600,0.04400,88.89400,171.06900,86.04100
1521745936.50200,0.10700,-0.56100,0.08200,89.23900,170.77900,87.11900
1521745936.50200,0.39900,-0.62100,0.16200,89.92100,172.60400,89.68100
1521745936.50300,0.58300,-0.62300,0.21400,90.51200,175.01200,92.13600
1521745936.52200,0.86400,-0.56200,0.26700,91.29900,179.76700,95.52400
1521745936.52200,0.71100,-0.33500,0.37200,91.55100,-177.87900,96.12600
1521745936.60400,0.67500,-0.11900,0.46200,92.04000,-174.62500,96.70800
1521745936.60400,0.68900,0.21300,0.52000,92.77300,-170.84500,98.19100
1521745936.60400,0.76400,0.24600,0.14500,93.00000,-167.75800,99.52100
1521745936.62400,0.65300,0.49600,-0.05000,92.94800,-162.35100,101.79000
1521745936.64900,0.58200,0.65300,0.02800,92.53500,-161.07300,101.10000
1521745936.67500,0.49300,0.54100,-0.03000,90.88900,-164.21800,94.55200
1521745936.70200,0.25800,0.28200,-0.12200,88.73800,-172.79800,82.12800
1521745936.72800,0.15600,0.13100,-0.13800,87.59700,-178.64000,73.51800
1521745936.81200,0.00400,-0.19700,-0.16000,86.78800,178.17400,66.52200
1521745936.81300,-0.17500,-0.39700,-0.36600,86.91000,-179.65500,66.68800
1521745936.81400,-0.30100,-0.44900,-0.49400,88.09900,-169.09800,75.53000
1521745936.83300,-0.43600,-0.49700,-0.49900,90.08400,-153.50300,90.53200
1521745937.05400,-0.38100,-0.47900,-0.33100,91.42300,-146.84500,97.07700
1521745937.05400,-0.29200,-0.30700,0.20200,93.48100,-142.08600,101.91200
1521745937.05400,0.05700,0.09000,0.49200,94.88700,-139.59200,104.36500
1521745937.05400,0.23500,0.19300,0.01000,96.19700,-137.08100,107.93700
1521745937.09900,0.36500,0.32700,-0.16800,96.79600,-134.32300,111.87400
1521745937.10000,0.40900,0.45300,-0.15200,96.70100,-133.29500,113.69400
1521745937.23600,0.28500,0.65500,0.01600,95.42400,-135.59400,112.24000
1521745937.23600,0.11600,0.48800,0.27500,94.27000,-140.24700,108.16700
1521745937.23700,0.11900,0.31100,0.34600,92.77900,-147.58900,101.87300
1521745937.23800,0.06200,-0.17500,0.22000,91.83400,-151.70000,99.11300
1521745937.41900,0.06400,-0.36800,0.10400,91.65800,-152.11400,99.63000
1521745937.42000,0.17300,-0.64200,0.02200,92.31400,-147.56100,105.23600
1521745937.42100,0.36300,-0.78700,0.16400,93.16000,-142.12300,110.92200
1521745937.42200,0.74400,-0.90300,0.10200,94.42000,-131.95900,120.20200
1521745937.46700,0.96900,-0.81300,-0.10100,95.10000,-124.89300,125.91800
1521745937.49800,0.92100,-0.65500,-0.15500,95.62100,-117.37800,130.83900
1521745937.49900,0.85200,-0.37500,-0.16600,95.58200,-117.68600,127.71000
1521745937.50000,0.91300,0.03900,-0.07400,95.55900,-117.88100,125.15200
1521745937.50100,0.86200,0.20200,-0.20100,95.54800,-107.20800,131.88000
1521745937.60500,0.57700,0.62300,-0.22900,95.22100,-91.59700,144.77500
1521745937.60500,0.48100,0.74800,-0.14800,94.14800,-69.35900,163.19900
1521745937.60500,0.31500,0.74900,-0.03500,92.53700,-53.59400,175.20400
1521745937.60500,0.18400,0.54900,0.04800,91.55500,-36.30600,-170.02300
1521745937.62100,0.05200,0.15300,0.03300,90.86800,3.75800,-133.59000
1521745937.80800,-0.06600,-0.14100,-0.03100,90.98300,10.52800,-128.82000
1521745937.80900,-0.17900,-0.36200,-0.15800,91.99300,-4.31200,-145.65500
1521745937.84200,-0.41000,-0.48400,-0.28200,93.73100,-25.00800,-166.69900
1521745937.84200,-0.40900,-0.46600,-0.24300,94.89400,-41.40500,177.30800
1521745937.84200,-0.13600,-0.36900,0.05200,96.32900,-68.12300,151.54400
1521745937.84300,0.20900,-0.07700,0.26300,97.53100,-83.70000,136.17200
1521745937.86700,0.27300,0.02300,0.15300,97.99400,-87.18200,132.76800
1521745937.86700,0.16300,0.14900,0.11000,98.21900,-85.17900,135.20500
1521745937.86700,0.18500,0.30300,0.02200,98.08900,-79.46100,140.81900
1521745937.86800,0.24900,0.40000,0.02800,97.30300,-69.18700,150.54100
1521745937.99800,0.29300,0.42200,0.19200,96.52400,-65.34100,153.87300
1521745937.99900,0.29600,0.28700,0.25100,95.46700,-64.02400,154.84100
1521745938.00000,0.18600,0.02700,0.14100,94.81100,-55.41000,163.55300
1521745938.00000,0.14000,-0.09200,0.09300,94.72600,-45.78600,173.56800
1521745938.02400,0.15700,-0.31600,0.01100,95.26700,-37.96200,-178.32400
1521745938.02400,0.19800,-0.39400,-0.02200,95.96900,-38.24900,-178.34400
1521745938.02500,0.30700,-0.49000,-0.12400,97.36500,-40.09900,179.71100
1521745938.02600,0.39900,-0.52100,-0.19500,99.00500,-39.22900,-179.93400
1521745938.20900,0.38700,-0.50900,-0.19600,100.02900,-37.58900,-179.02000
1521745938.21000,0.40100,-0.37800,-0.20600,101.28500,-37.87400,179.15500
1521745938.21100,0.59700,-0.20400,-0.22800,102.06400,-39.53200,175.85800
1521745938.21200,0.65300,-0.03000,-0.29700,103.03100,-38.16500,174.29800
1521745938.23500,0.62000,0.13500,-0.40600,103.66000,-30.62100,178.23500
1521745938.23500,0.54100,0.28800,-0.43500,103.88300,-24.72100,-178.49700
1521745938.23600,0.52800,0.52500,-0.20000,103.95900,-16.69900,-174.28600
1521745938.23600,0.40400,0.61500,-0.06000,103.83000,-11.02400,-171.08200
1521745938.35800,0.31100,0.57100,0.01000,103.24800,-2.36200,-166.63400
1521745938.44000,0.13200,0.32500,0.14700,102.58900,2.60500,-165.83700
1521745938.44100,0.02700,0.16300,0.18400,102.43000,3.83500,-167.23100
1521745938.47000,-0.13900,-0.18400,0.22900,102.89600,3.33000,-171.00700
1521745938.47000,-0.22800,-0.36500,0.19600,103.69900,1.77600,-174.10300
1521745938.47100,-0.32400,-0.47500,0.18200,105.42500,-1.31300,-178.16500
1521745938.47200,-0.33100,-0.44200,0.28100,106.64600,-3.82300,179.50400
1521745938.57500,-0.18500,-0.34100,0.34300,108.17700,-9.74500,174.74400
1521745938.57600,0.23600,-0.19100,0.37700,109.35400,-18.16400,167.57200
1521745938.57700,0.33000,-0.01100,0.21700,109.82100,-22.62900,163.55700
1521745938.57700,0.31100,0.09700,0.10500,109.60600,-25.82300,161.75600
1521745938.60200,0.26500,0.24500,-0.02400,108.62000,-25.27000,163.16100
1521745938.60200,0.28200,0.38000,0.01200,107.70700,-25.54500,163.66100
1521745938.60300,0.34400,0.54400,0.14300,106.15200,-28.64600,161.47000
1521745938.62600,0.31900,0.28200,0.27700,103.61400,-34.16700,157.43500
1521745938.62700,0.12600,0.03600,0.26900,103.03500,-33.23100,159.36800
1521745938.62800,0.10900,-0.29500,0.20200,102.76400,-30.13500,163.92700
1521745938.62900,0.09700,-0.48700,0.10500,103.08400,-27.62700,168.02300
1521745938.80500,0.11600,-0.63000,-0.01300,103.52700,-25.91600,170.64600
1521745938.80600,0.21100,-0.68600,-0.16300,104.45500,-22.97700,174.67000
1521745938.99600,0.32100,-0.60100,-0.45700,105.17400,-20.92300,176.93600
1521745938.99600,0.37100,-0.50400,-0.51800,106.14900,-19.36600,177.95600
1521745938.99600,0.36800,-0.32500,-0.35900,107.04400,-20.29200,175.86800
1521745938.99700,0.37700,-0.21400,-0.34600,107.76600,-22.22700,173.28200
1521745939.02100,0.50100,0.07600,-0.41900,108.80500,-23.60600,169.96900
1521745939.02200,0.46900,0.30800,-0.32800,109.31200,-21.41200,170.14600
1521745939.02200,0.53700,0.59900,-0.25500,109.79100,-16.91100,171.33800
1521745939.02300,0.54300,0.79200,-0.17700,109.66600,-13.15300,171.59000
1521745939.04100,0.40800,0.74200,-0.03300,109.22400,-9.17500,172.99200
1521745939.12400,0.22800,0.32200,0.11900,108.68000,-2.77900,175.53400
1521745939.12500,0.10800,0.12200,0.17700,108.66300,0.67400,176.58100
1521745939.12600,-0.11800,-0.16900,0.24000,109.34300,3.29400,176.01800
1521745939.17900,-0.26700,-0.38000,0.20000,110.97300,2.47700,173.20000
1521745939.18000,-0.32700,-0.46000,0.19100,112.40100,1.61400,171.84100
1521745939.18100,-0.29000,-0.43300,0.31800,114.29300,1.05400,171.65200
1521745939.18200,-0.15200,-0.33100,0.35400,115.02500,-0.06400,170.98400
1521745939.20500,0.12400,-0.28700,0.31400,115.26800,-4.22200,167.42600
1521745939.20600,0.34500,-0.04500,0.07100,114.53900,-5.91400,165.21700
1521745939.20700,0.25400,0.10600,0.10100,113.37600,-3.61700,167.33800
1521745939.20700,0.09600,0.24300,0.18300,111.17300,3.36900,174.10800
1521745939.22100,0.22500,0.39200,0.23200,109.63000,5.50000,176.29200
1521745939.38900,0.51200,0.57200,0.29300,107.51100,0.54000,171.74100
1521745939.38900,0.54700,0.56400,0.32000,106.39600,-4.26800,167.93800
1521745939.39000,0.31800,0.30500,0.35500,105.28800,-5.03500,168.45700
1521745939.39100,0.13900,0.01000,0.27900,105.13800,-4.48300,170.92300
1521745939.41300,0.24800,-0.29300,0.10600,105.65900,-6.67500,170.08700
1521745939.41300,0.29000,-0.45200,0.03600,107.17000,-10.09900,168.54300
1521745939.41300,0.29400,-0.77900,-0.20800,109.30300,-9.78000,170.18300
1521745939.51400,0.22100,-0.91600,-0.45000,110.99700,-7.77900,172.60800
1521745939.51500,0.08600,-0.84100,-0.74000,113.90900,-3.68900,176.21300
1521745939.54300,-0.01500,-0.59800,-0.88600,115.88000,-1.56200,177.11200
1521745939.54400,0.09600,-0.28500,-0.66300,118.52800,-1.68300,174.61600
1521745939.54400,0.35100,0.24100,-0.78200,119.92100,-3.19000,171.62000
1521745939.56400,0.33400,0.49800,-0.82100,121.26300,-2.14000,168.44600
1521745939.59000,0.07900,0.79000,-0.44400,121.54100,3.81500,168.83400
1521745939.61600,0.10800,0.97800,-0.29700,121.14000,7.13300,168.71900
1521745939.72900,0.19600,0.96700,-0.07100,119.42400,10.81700,167.44900
1521745939.73000,0.17000,0.59100,0.17200,117.68900,13.77000,166.78700
1521745939.73000,0.10100,0.07800,0.27800,115.21500,16.56200,164.16800
1521745939.73100,-0.02600,-0.17500,0.23200,113.57000,16.32400,159.42300
1521745939.80500,-0.16200,-0.37700,0.30200,113.01400,16.25900,156.99100
1521745939.80500,-0.16100,-0.59100,0.47900,112.80800,16.88100,155.56600
1521745939.80600,-0.05200,-0.58500,0.51100,112.96300,17.14400,154.95700
1521745939.90700,0.09400,-0.51700,0.49500,113.01500,14.67400,151.94100
1521745939.94000,0.60500,-0.31600,0.19700,112.92100,9.99900,146.88800
1521745939.94000,0.62300,-0.14600,0.03200,112.76600,8.10100,144.59900
1521745939.94100,0.27100,-0.03300,0.13200,111.34000,8.98500,144.18300
1521745939.94200,0.30600,0.09200,0.05400,110.23000,9.50100,144.55100
1521745939.95800,0.27200,0.18000,-0.20700,108.91500,11.48200,146.68600
1521745940.01300,0.17800,0.40000,0.14700,107.04400,15.08600,150.42100
1521745940.01400,0.39900,0.54600,0.28400,105.64200,12.96200,148.85500
1521745940.17600,0.55900,0.39600,0.01900,104.30800,4.49800,140.94700
1521745940.17700,0.40800,0.07900,0.13400,104.13800,3.49600,140.38200
1521745940.17800,0.25500,-0.15600,0.16200,105.01000,8.55200,146.21000
1521745940.17800,0.11600,-0.35600,-0.04000,107.24300,13.13500,151.58800
1521745940.20200,0.05200,-0.45800,-0.15200,109.31600,15.79300,154.48700
1521745940.20300,-0.07000,-0.61900,-0.28400,112.78200,20.37200,158.96000
1521745940.20300,-0.23900,-0.53600,-0.34500,115.08200,22.91300,161.17400
1521745940.20400,-0.28000,-0.40700,-0.39000,118.16800,24.62300,161.61300
1521745940.30000,-0.31500,-0.30600,-0.52000,120.52500,23.76100,158.55000
1521745940.33400,-0.10400,-0.15400,-0.50300,121.75800,22.81300,155.80900
1521745940.33400,-0.07400,0.08700,-0.35400,123.29800,22.65700,153.39500
1521745940.33400,-0.07700,0.30400,-0.23500,123.96300,24.34300,153.29000
1521745940.33500,-0.01400,0.58300,-0.04100,124.30800,28.97000,154.09000
1521745940.37700,0.24800,0.92200,-0.02800,124.04800,32.66200,153.87800
1521745940.40500,0.22400,0.87500,0.03900,123.25400,35.01900,153.35300
1521745940.40600,0.27400,0.47300,0.20400,121.45200,38.45700,152.18900
1521745940.51600,0.30000,0.01900,0.34300,120.41500,39.85300,150.78700
1521745940.51700,0.26700,-0.17400,0.38900,119.76300,41.01300,148.22800
1521745940.51800,0.19800,-0.46600,0.40600,120.05200,41.64700,146.83200
1521745940.51900,0.14700,-0.58100,0.42100,121.42100,42.31700,145.85900
1521745940.53400,0.15000,-0.59300,0.43300,123.23800,43.44800,146.63200
1521745940.56000,0.13200,-0.55200,0.55400,123.99700,43.00100,147.09600
1521745940.67200,0.33500,-0.53100,0.23800,124.53300,41.20200,146.31800
1521745940.67300,0.45400,-0.31700,-0.03300,124.44200,38.28300,144.43700
1521745940.67300,0.36300,-0.00200,-0.13800,123.26600,35.63000,142.43700
1521745940.69500,0.43000,0.07700,0.09200,120.75000,35.11100,143.48500
1521745940.69500,0.43000,0.24700,0.18400,119.12100,35.42300,144.45600
1521745940.71800,0.33800,0.47500,0.31300,117.08700,33.76100,143.91600
1521745940.74400,0.63400,0.38700,0.18600,116.22000,31.09100,142.31700
1521745940.77000,0.65400,0.24600,0.15300,115.64400,26.62300,140.34500
1521745940.91100,0.47700,-0.11000,0.12000,115.77000,25.65500,141.58700
1521745940.91200,0.34500,-0.31400,0.11200,116.31400,26.65900,144.50600
1521745940.91300,0.08300,-0.46500,0.00400,117.70300,30.01200,149.75800
1521745940.91400,-0.06600,-0.47800,-0.06700,118.76900,32.69300,153.52900
1521745940.93100,-0.23200,-0.46900,-0.08800,120.58800,37.53700,158.99400
1521745940.93100,-0.32500,-0.40900,-0.22500,122.40000,41.04100,162.11500
1521745940.95600,-0.34100,-0.33700,-0.29100,123.36200,41.86700,162.01400
1521745940.98000,-0.28300,-0.22300,-0.37500,124.67600,42.06000,159.88200
1521745941.06500,-0.13800,-0.10800,-0.33600,125.60900,42.54100,158.88300
1521745941.06500,-0.11300,0.11200,-0.36100,126.80800,44.49900,158.32900
1521745941.06600,-0.17900,0.51900,-0.27300,127.11700,48.68400,158.67900
1521745941.08500,-0.12400,0.78200,-0.02800,126.92400,51.61700,159.00400
1521745941.11300,0.09200,0.90900,0.05100,126.13400,53.58900,158.06000
1521745941.13900,0.44700,0.82000,0.27300,124.93800,54.05200,156.68500
1521745941.16400,0.66100,0.60200,0.26500,122.88400,53.54400,152.99700
1521745941.25200,0.63000,0.23200,0.15200,121.62000,52.14400,148.40200
1521745941.25200,0.50900,-0.00400,0.20000,121.25300,52.54800,146.85100
1521745941.25200,0.30200,-0.44800,0.44500,121.62000,54.72400,147.03300
1521745941.26900,0.24500,-0.58600,0.52500,122.49800,56.18100,147.91900
1521745941.29500,0.26100,-0.71500,0.45400,124.26500,57.35600,149.22000
1521745941.32100,0.31700,-0.72000,0.45000,125.24300,56.63800,149.13600
1521745941.34700,0.28300,-0.67600,0.36100,126.48700,52.74500,147.10400
1521745941.37400,0.38000,-0.34500,0.11200,126.54100,47.93100,144.36400
1521745941.46100,0.35400,-0.11900,0.28100,125.06600,46.35100,142.96100
1521745941.46100,0.24300,-0.04800,0.31000,122.73600,43.05600,141.52800
1521745941.46200,0.33600,0.36200,-0.09400,120.94700,41.16100,140.26300
1521745941.47900,0.54600,0.58900,0.20400,118.04900,39.71900,140.24500
1521745941.50600,0.55900,0.52800,0.28600,115.76600,37.59300,139.74600
1521745941.53200,0.52500,0.44200,0.05400,114.58100,35.77200,139.20500
1521745941.55800,0.39700,-0.02000,0.08600,113.68300,37.25900,142.54100
1521745941.64400,0.21900,-0.32000,-0.07400,113.80600,39.44400,146.18800
1521745941.64500,0.14700,-0.43000,-0.15500,115.06800,43.66300,152.33400
1521745941.64500,-0.00900,-0.53900,-0.24300,117.05300,48.88700,159.29100
1521745941.66300,-0.16300,-0.51200,-0.25000,118.43400,52.15100,163.05500
1521745941.69200,-0.33900,-0.37400,-0.32500,120.57600,52.78300,164.29500
1521745941.71700,-0.32700,-0.26800,-0.42600,121.80700,50.46100,162.07300
1521745941.74300,-0.18200,-0.11400,-0.37900,123.32300,45.91400,157.67600
1521745941.76900,-0.09900,0.20100,-0.20400,124.64200,43.39000,155.11000
1521745941.85200,-0.11400,0.28900,-0.15100,125.22700,43.23100,154.15800
1521745941.85300,-0.11800,0.42700,-0.05000,125.74900,45.15600,153.69800
1521745941.85400,-0.10000,0.83500,0.01900,125.89600,47.68200,154.12700
1521745941.87300,-0.03300,0.89300,0.13100,125.16600,52.79200,155.65200
1521745941.90000,0.24400,0.56600,0.32200,123.52800,57.83000,156.68400
1521745941.92600,0.39700,0.20200,0.29600,122.54500,59.67500,155.91900
1521745941.95300,0.39400,-0.08900,0.33700,121.76900,60.67900,153.24200
1521745942.03600,0.36600,-0.34700,0.50300,121.78100,61.03400,151.68800
1521745942.03700,0.35000,-0.67700,0.67400,122.95600,61.55600,150.58300
1521745942.03700,0.43300,-0.82600,0.69800,125.21000,61.06500,150.08100
1521745942.05600,0.48300,-0.75400,0.62300,126.88300,59.81900,149.48700
1521745942.08300,0.57600,-0.49200,0.05200,128.98700,56.63100,147.30300
1521745942.10900,0.39500,-0.07600,0.07300,129.69000,55.09500,146.17900
1521745942.13600,0.29100,0.08500,0.15000,129.05400,55.36400,146.84100
1521745942.24300,0.20000,0.22900,0.34300,127.85600,56.65900,148.17800
1521745942.27600,0.27100,0.34000,0.33300,125.89600,57.76600,150.07600
1521745942.27600,0.57300,0.52900,0.24600,123.98200,54.45100,148.41100
1521745942.27700,0.62700,0.49300,-0.00600,122.84100,50.41300,145.69600
1521745942.27800,0.48200,0.28000,-0.03800,121.27100,45.91100,143.15400
1521745942.40100,0.34700,-0.05200,0.11100,120.22700,45.43300,143.88200
1521745942.43400,0.22900,-0.30900,0.14000,119.23600,46.11100,146.36600
1521745942.43500,0.05000,-0.56400,0.09100,119.18600,46.74300,148.13500
1521745942.43500,-0.03400,-0.67800,0.05700,119.58000,46.72600,149.07400
1521745942.43600,-0.17600,-0.80200,-0.04500,120.57200,47.68700,150.38900
1521745942.45800,-0.21900,-0.72500,-0.19300,121.23800,48.31100,150.98200
1521745942.45800,-0.35400,-0.50600,-0.31400,121.77400,50.26200,151.04900
1521745942.45900,-0.35700,-0.24300,-0.31300,121.90000,52.58700,149.93200
1521745942.53500,-0.20600,0.12600,-0.26600,122.31700,53.72700,149.07700
1521745942.53600,-0.01900,0.64700,-0.47400,123.80500,55.06700,147.67900
1521745942.53600,-0.11300,0.86000,-0.37300,125.25400,56.41300,147.24100
1521745942.88000,0.04200,0.95200,-0.08700,127.48300,60.86200,149.09000
1521745942.88000,0.15700,0.87500,0.24100,129.28500,65.85300,151.88700
1521745942.88100,0.17100,0.70900,0.25600,130.22500,69.02000,152.92100
1521745942.88200,0.18000,0.26400,0.13100,131.84800,71.80200,153.25400
1521745942.89800,0.14600,0.07900,0.15100,132.97000,74.01600,153.37500
1521745943.11700,0.10300,-0.25000,0.30400,134.18500,77.45000,153.82800
1521745943.11700,0.04500,-0.57100,0.45400,134.64600,81.34500,154.40800
1521745943.11800,0.11300,-0.70500,0.67400,134.49100,83.57400,154.75200
1521745943.11900,0.17800,-0.77000,0.63400,133.60600,85.22500,154.38800
1521745943.21300,0.12100,-0.60500,0.28600,132.59500,83.96500,152.69200
1521745943.24800,0.25600,-0.42000,-0.05700,129.60600,80.15500,148.43700
1521745943.24900,0.55800,-0.10300,0.11200,125.51300,77.45200,145.16600
1521745943.24900,0.66600,0.00100,0.32200,122.58800,77.19400,144.19300
1521745943.24900,0.77700,0.36500,-0.03600,119.74300,74.62300,141.40100
1521745943.27500,0.61800,0.64700,-0.15600,119.05500,72.60500,139.60800
1521745943.27500,0.63900,0.57900,-0.02900,118.59500,72.26900,140.07700
1521745943.27500,0.56000,0.26100,0.12000,118.98600,73.85200,143.02300
1521745943.27600,0.42800,0.10500,0.12400,119.75600,74.04100,144.51600
1521745943.30100,0.07100,-0.17200,0.02200,121.53500,73.58900,145.96500
1521745943.30100,-0.12300,-0.32800,0.00400,122.80500,73.48800,147.11600
1521745943.30200,-0.36100,-0.50600,0.04000,124.35500,74.63300,149.42000
1521745943.30300,-0.50100,-0.54000,0.09500,125.07000,75.97300,150.93100
1521745943.32600,-0.63900,-0.49100,0.19200,125.58100,78.86600,152.53800
1521745943.32700,-0.56900,-0.28400,0.20000,125.18700,80.95700,151.74500
1521745943.32700,-0.47400,-0.21100,0.22800,124.59500,80.66100,149.40900
1521745943.32800,-0.30500,0.09400,0.08100,124.00300,80.13200,145.19800
1521745943.40200,-0.28100,0.35900,0.20500,123.45200,81.11100,143.43600
1521745943.40200,-0.21000,0.40300,0.32400,121.94400,84.92800,142.02800
1521745943.40300,-0.05200,0.59300,0.32500,120.45400,89.33600,141.30700
1521745943.43100,0.08800,0.74100,0.34900,119.46700,92.44800,141.10400
1521745943.43100,0.21400,0.66100,0.37600,117.63800,96.76400,140.32800
1521745943.43200,0.27000,0.44300,0.23600,116.37600,98.50000,138.66300
1521745943.43300,0.24400,0.05900,0.05800,114.76600,100.00600,135.03100
1521745943.45100,0.26300,-0.30800,0.10900,113.84500,102.68100,132.70100
1521745943.45100,0.32600,-0.45700,0.16900,113.69200,105.57200,132.60900
1521745943.47500,0.49600,-0.67400,0.28000,114.11300,110.69700,134.05900
1521745943.50100,0.55800,-0.64100,0.15700,114.67100,113.34700,135.01100
1521745943.60700,0.54800,-0.55500,0.07900,115.43900,114.20300,134.35700
1521745943.63600,0.24300,-0.29900,-0.23300,115.86200,111.79900,131.26600
1521745943.63700,0.20400,-0.05600,-0.14700,115.81800,110.35300,129.32600
1521745943.66400,0.37700,0.05400,-0.01600,114.64000,109.36600,127.84400
1521745943.66400,0.44300,0.19000,-0.04100,113.72100,109.08100,127.49700
1521745943.66500,0.39000,0.44200,0.04000,112.18300,106.87200,126.32700
1521745943.82600,0.36300,0.66200,0.06800,110.35500,104.24000,124.26800
1521745943.82600,0.42000,0.65200,-0.04500,109.25300,101.95800,122.99600
1521745943.82600,0.32900,0.44700,-0.10800,108.07000,99.48600,121.41400
1521745943.82700,0.31200,0.23800,-0.07300,107.83200,97.93600,121.07800
1521745943.84700,0.18200,-0.18600,-0.08300,108.33700,97.14000,121.81100
1521745943.84800,0.05000,-0.50800,-0.03500,109.22500,97.10000,123.08900
1521745943.84900,-0.03900,-0.61600,0.01400,111.05300,98.92200,126.08300
1521745943.86800,-0.25500,-0.76900,0.20800,113.08200,102.41600,129.85400
1521745943.89400,-0.38900,-0.70600,0.52100,114.33200,104.89200,132.36100
1521745944.00800,-0.37700,-0.51100,0.70000,115.58600,109.22000,135.00900
1521745944.00900,-0.25800,-0.39200,0.65700,115.73400,110.65900,134.95400
1521745944.01000,-0.15300,-0.23500,0.47600,115.36100,110.96100,133.24800
1521745944.05400,-0.10200,0.23900,0.49900,113.14200,110.52400,127.92700
1521745944.05500,0.06700,0.46900,0.46900,111.03200,112.68300,125.68900
1521745944.10800,0.19900,0.82800,0.43800,109.05900,115.66300,124.15500
1521745944.10800,0.28900,0.81700,0.34900,107.61900,117.81700,123.18700
1521745944.19000,0.31600,0.58200,0.11100,105.52200,120.58900,121.34200
1521745944.19000,0.45800,0.19000,-0.06000,104.43900,122.42900,120.23600
1521745944.19100,0.49500,-0.01000,-0.16000,103.56600,125.55200,119.36900
1521745944.20900,0.45200,-0.40100,-0.20400,103.57400,127.69800,119.28400
1521745944.26200,0.50100,-0.56900,-0.17400,104.29400,131.29700,120.36800
1521745944.29100,0.72500,-0.65300,-0.26100,105.28700,134.45500,122.34200
1521745944.29200,0.60600,-0.58100,-0.36500,105.95400,135.06800,122.97500
1521745944.37100,0.27700,-0.43400,-0.32000,106.54500,132.88800,121.16800
1521745944.37100,0.16500,0.02500,-0.18500,106.07200,129.56100,117.96400
1521745944.39700,0.36400,0.10300,-0.13800,105.02000,127.92800,116.66800
1521745944.39700,0.44000,0.35000,-0.18500,103.05000,125.20800,114.96100
1521745944.41900,0.23900,0.63600,-0.19900,101.80000,122.19300,112.76000
1521745944.44500,0.19500,0.64900,-0.15800,100.08600,116.89900,108.77500
1521745944.47400,0.21700,0.46100,-0.20200,99.29400,114.08500,107.18700
1521745944.52400,0.34100,0.02200,-0.17300,98.81900,111.49500,106.86700
1521745944.60500,0.25300,-0.21300,-0.10200,99.47700,110.49300,108.34500
1521745944.66600,0.05700,-0.36000,-0.01100,100.48000,110.66800,110.11900
1521745944.66700,-0.09100,-0.67200,0.34700,103.77000,115.09200,117.51200
1521745944.66700,-0.10300,-0.69000,0.51000,105.78600,119.81600,122.67000
1521745944.76500,-0.07800,-0.61200,0.67600,107.63400,124.74300,127.02100
1521745944.76500,-0.07300,-0.50900,0.68000,108.38600,127.07500,128.14800
1521745944.79600,0.10600,-0.35600,0.52300,109.09000,128.96900,127.37700
1521745944.79700,0.02700,-0.11800,0.51000,109.83300,130.06500,126.48500
1521745944.79700,0.11400,0.19300,0.71100,110.56400,132.84500,125.66900
1521745944.79800,0.24600,0.44000,0.75100,110.21100,136.93400,125.86000
1521745944.81600,0.43400,0.79300,0.77600,109.40300,140.09500,126.31100
1521745944.81600,0.61800,0.87900,0.58600,107.31700,143.65500,125.77800
1521745944.84100,0.49600,0.78100,0.35500,105.54600,144.58900,123.88700
1521745945.03200,0.44700,0.49500,0.07100,102.48900,144.69000,119.60300
1521745945.03300,0.34400,-0.04400,-0.10300,99.43100,144.07700,114.05500
1521745945.03300,0.29400,-0.27600,-0.13200,97.64300,143.01700,110.06500
1521745945.03400,0.28100,-0.55200,-0.18600,95.59200,141.42300,105.33000
1521745945.05700,0.28400,-0.54200,-0.30000,94.65700,140.36300,103.34400
1521745945.05800,0.28200,-0.52000,-0.38500,93.72400,138.18100,101.36500
1521745945.05900,0.22200,-0.48800,-0.47100,93.45200,135.82400,100.35700
1521745945.21600,0.23000,-0.14500,-0.09600,92.97000,131.69500,97.35900
1521745945.21600,0.18200,-0.01100,-0.03400,92.49700,129.82100,95.80300
1521745945.21700,0.16400,0.30900,0.04200,91.38400,126.27500,93.18000
1521745945.26800,0.24600,0.51200,-0.01800,89.39200,121.20300,88.53900
1521745945.26900,0.21800,0.54700,-0.03300,88.02000,117.78000,85.15300
1521745945.27000,0.10400,0.33800,0.01300,86.70100,113.86100,81.63100
1521745945.27000,0.11000,-0.01500,-0.01400,86.48000,112.34800,80.45600
1521745945.37400,0.15800,-0.18200,-0.00700,87.20800,112.46800,81.12400
1521745945.37400,0.20900,-0.45900,0.15900,88.28200,115.29200,83.95700
1521745945.37500,0.20200,-0.57000,0.30100,90.60500,124.05900,92.32300
1521745945.37600,0.18400,-0.63400,0.42100,93.18400,135.12800,102.54100
1521745945.42400,0.28900,-0.64800,0.55200,94.71200,142.14100,108.50800
1521745945.42400,0.46300,-0.54100,0.68700,96.32100,150.00800,114.19300
1521745945.42500,0.55600,-0.34100,0.53100,96.82900,153.19700,115.56900
1521745945.55700,0.57500,-0.19200,0.43600,97.08700,155.78300,115.43200
1521745945.55800,0.58600,0.02000,0.51600,97.11600,158.36000,114.51200
1521745945.55900,0.55400,0.07500,0.55200,97.06300,161.96900,115.58000
1521745945.55900,0.72000,0.31400,0.43000,96.65600,172.05800,121.70100
1521745945.57700,0.72700,0.59600,0.29000,96.07100,-179.84100,127.10400
1521745945.57800,0.50600,0.57200,0.21400,94.79300,-169.76300,133.34300
1521745945.60100,0.31100,0.42500,0.04300,93.45400,-154.00000,145.30100
1521745945.76900,0.18600,0.22800,-0.13700,92.86700,-133.96800,162.73200
1521745945.76900,0.07400,-0.03800,-0.18400,92.70700,-105.67100,-172.59500
1521745945.76900,0.02100,-0.18300,-0.22000,92.97300,-95.53100,-164.49500
1521745945.76900,0.05600,-0.25800,-0.30500,93.79900,-88.58500,-159.64600
1521745945.79000,0.10600,-0.24900,-0.40700,94.57800,-92.02800,-164.27800
1521745945.79000,0.15000,-0.20500,-0.43000,94.90700,-104.94000,-177.45000
1521745945.79100,0.12800,-0.21700,-0.35900,95.24300,-139.81700,147.49800
1521745945.81000,0.00800,-0.08100,-0.06100,95.57800,-155.98400,131.08700
1521745945.83600,0.09000,0.01100,0.07900,95.81900,-166.09700,120.64200
1521745945.95000,0.12800,0.05400,0.02800,95.41100,-171.20800,115.94500
1521745945.95100,0.16200,0.16500,0.01600,94.88300,-174.68700,113.09100
1521745945.95200,0.11400,0.46400,0.27500,93.67200,178.19800,106.99900
1521745945.95300,0.07700,0.47600,0.29300,92.46600,172.01300,101.59800
1521745945.97000,0.10900,0.29600,0.20700,90.46700,161.38500,92.41600
1521745946.02300,0.10300,-0.03700,0.09000,88.69400,149.48200,82.43200
1521745946.02400,0.09400,-0.17500,0.06600,87.76400,141.93900,76.30800
1521745946.18700,0.12000,-0.37200,0.10700,86.79300,133.39800,69.88800
1521745946.18800,0.16800,-0.42100,0.12800,86.35400,129.75600,67.43100
1521745946.18900,0.27500,-0.49100,0.14600,86.05000,127.75700,66.79300
1521745946.18900,0.31600,-0.45000,0.09600,86.12500,128.29600,68.24100
1521745946.21000,0.38200,-0.41200,0.04700,86.26500,129.41300,70.29000
1521745946.21000,0.46600,-0.38500,0.01000,86.02700,130.13300,70.87400
1521745946.21100,0.49100,-0.26200,0.05000,85.80700,131.58300,71.59400
1521745946.23000,0.46700,-0.10600,0.25000,85.60400,135.34300,73.49600
1521745946.31600,0.43700,0.03200,0.43900,85.50900,137.80600,74.36800
1521745946.31600,0.53500,0.08200,0.43700,85.86100,141.26200,75.31400
1521745946.31700,0.65400,0.20500,0.22600,86.37100,142.86900,74.62600
1521745946.33800,0.57800,0.26800,0.15700,86.31800,141.87600,72.29800
1521745946.39000,0.29200,0.29800,0.14900,85.64300,138.06100,66.50800
1521745946.41700,0.11700,0.13600,0.08800,85.19300,134.80200,61.94600
1521745946.41700,0.06200,0.04200,-0.01000,85.15300,129.29700,54.80000
1521745946.44000,-0.01000,-0.09000,-0.21600,85.83900,124.42900,49.14400
1521745946.52300,0.02900,-0.09400,-0.36700,86.45300,124.60500,48.87900
1521745946.52400,0.09100,-0.03300,-0.43800,87.30200,131.74400,55.91000
1521745946.60600,0.18100,-0.05400,-0.42700,87.82500,139.19000,63.47600
1521745946.60700,0.21500,-0.09400,-0.37700,88.35600,148.47700,73.05500
1521745946.60800,0.16100,0.02500,-0.14600,88.56200,155.11400,79.64900
1521745946.60900,0.26500,0.04300,-0.00200,88.67700,157.97000,82.36400
1521745946.62400,0.11100,0.12000,0.01700,88.61500,158.73400,83.21400
1521745946.73800,-0.03100,0.29600,0.07700,88.63900,158.72400,83.56100
1521745946.73900,-0.03800,0.40300,0.16800,88.51400,157.96300,83.25800
1521745946.74000,-0.03100,0.40100,0.23400,87.95000,154.89100,80.58100
1521745946.74100,-0.51200,0.41900,0.36000,87.50800,151.33600,77.65300
1521745946.75600,0.08400,-0.02800,-0.00900,87.81300,148.19400,76.55300
1521745946.78200,0.38800,-0.37500,-0.20400,88.06700,145.13200,75.08700
1521745946.80800,0.36700,-0.64400,0.10400,87.93900,143.54700,74.33800
1521745946.92100,0.41500,-0.53300,0.26000,87.29100,141.88300,72.42600
1521745946.92200,0.22500,-0.41600,0.13100,86.72000,138.30600,68.87900
1521745946.92300,0.19400,-0.27900,0.06500,86.21800,136.78100,67.21300
1521745946.92400,0.42400,-0.26700,-0.04400,86.19000,138.85700,69.03000
1521745946.96800,0.52800,-0.32300,-0.03400,86.26000,142.05500,70.83300
1521745946.96800,0.42300,-0.12200,0.23400,86.33900,147.25800,73.69000
1521745946.99600,0.35700,0.12600,0.44600,86.39600,150.56300,75.32300
1521745946.99600,0.42900,0.16700,0.29300,86.75500,154.15600,76.25900
1521745947.10500,0.45300,0.22500,0.20700,87.40600,157.31500,77.79300
1521745947.10600,0.40000,0.33900,0.14000,88.42900,162.78000,81.27800
1521745947.10700,0.34700,0.28500,0.06500,88.75900,164.81000,82.17300
1521745947.12300,0.26600,-0.10600,-0.01400,88.51700,161.06000,74.57100
1521745947.14900,0.22000,-0.14500,-0.01900,88.44300,158.30500,70.38100
1521745947.17500,0.05000,-0.21100,-0.05400,88.67900,158.89500,69.38200
1521745947.20500,-0.01300,-0.31700,-0.06300,89.08000,163.27800,73.04600
1521745947.34500,0.11100,-0.32100,-0.20400,89.70800,174.61500,83.83600
1521745947.34500,-0.05800,-0.11000,-0.28300,89.47500,172.37200,81.76800
1521745947.34500,-0.16000,-0.13000,-0.35200,89.21500,170.68400,80.49200
1521745947.34500,-0.14000,0.07900,0.15800,89.17800,172.61800,83.33300
1521745947.36200,-0.03800,0.12400,-0.10900,89.36200,173.87800,85.49600
1521745947.36200,-0.27100,0.25100,-0.14900,89.32700,171.58700,85.30200
1521745947.38500,0.03400,0.39900,0.08100,89.35400,169.63000,85.21600
1521745947.49300,-0.02200,0.46400,0.15500,89.36600,167.93600,85.21900
1521745947.49400,0.22200,0.36000,0.23600,89.15300,163.50000,83.35700
1521745947.52200,0.32700,0.13100,-0.02400,88.92900,158.44600,80.34200
1521745947.52300,0.37800,-0.09200,-0.09000,88.64200,149.51100,74.49500
1521745947.52400,0.31500,-0.31100,0.11300,88.58800,146.56300,74.02700
1521745947.54300,0.28000,-0.43600,0.19800,88.68400,147.59100,76.05900
1521745947.56900,0.36000,-0.55000,0.15000,88.98400,150.01200,79.41300
1521745947.71000,0.54400,-0.58300,0.11700,89.25800,152.60300,81.98100
1521745947.71100,0.47000,-0.52300,0.04900,89.48000,155.40900,84.00700
1521745947.71200,0.50100,-0.47500,-0.00300,89.77900,160.72900,87.56500
1521745947.71200,0.45900,-0.45400,-0.02100,90.16800,166.74500,91.80800
1521745947.78900,0.40100,-0.31400,0.00600,91.29300,-177.69100,105.03600
1521745947.79000,0.38300,-0.10200,0.07800,92.24600,-159.34500,122.04600
1521745947.79100,0.41800,0.03100,0.04900,93.60500,-98.59100,-179.42400
1521745947.79200,0.08500,0.13800,0.24100,94.30800,-50.07500,-132.86400
1521745947.92000,0.07800,0.09400,0.29900,94.58100,-36.95800,-120.11400
1521745947.92100,-0.02500,-0.11400,0.09200,94.48400,-24.47700,-106.67500
1521745947.92100,-0.01200,-0.15900,-0.14600,94.23600,-20.10100,-101.14700
1521745947.92200,-0.02800,-0.14000,-0.28400,93.43500,-17.60500,-96.12100
1521745948.10300,0.08500,-0.20800,-0.19200,92.80300,-17.97700,-94.17300
1521745948.10400,0.11600,-0.28200,-0.28800,90.91900,-19.94400,-91.12800
1521745948.10500,0.13500,-0.32600,-0.39500,87.28500,-22.84600,-87.12800
1521745948.10500,0.09100,-0.47500,-0.30800,83.77000,-24.86000,-83.90500
1521745948.13100,0.05200,-0.55200,-0.26500,76.29000,-27.85000,-77.42500
1521745948.13100,-0.12300,-0.54400,-0.34700,70.19300,-29.84800,-72.05400
1521745948.13200,-0.15400,-0.45600,-0.47900,60.37000,-33.57100,-63.39300
1521745948.13300,-0.15100,-0.14100,-0.78700,49.57400,-38.97100,-54.59700
1521745948.31300,0.06000,0.51300,-1.11300,41.50200,-43.99800,-48.44400
1521745948.31400,0.54000,1.93500,-0.78800,29.05600,-54.29100,-38.66400
1521745948.31500,0.28300,2.15200,0.10300,22.65000,-62.41400,-32.38800
1521745948.31500,-0.04500,1.45000,0.13400,17.85100,-71.77200,-21.79600
1521745948.36600,0.63300,0.84400,-0.07400,18.59200,-76.71400,-10.96600
1521745948.36700,0.99600,0.44000,0.53200,20.58600,-78.28800,-4.37500
1521745948.36700,0.87000,-0.27900,0.46700,23.99200,-77.78200,3.58300
1521745948.36800,0.50200,-0.45400,0.48400,26.02600,-78.13800,7.16000
1521745948.43600,0.43100,-0.56800,0.75800,28.84300,-80.94300,10.24700
1521745948.47100,0.39200,-0.63400,0.71500,30.97800,-81.66700,13.27100
1521745948.47200,0.44400,-0.76900,0.86700,32.15600,-81.13900,15.80900
1521745948.47300,0.36600,-0.90100,0.89600,33.80300,-79.86500,20.06600
1521745948.47400,0.40200,-0.92700,0.89600,34.54100,-77.82100,23.54700
1521745948.52100,0.68800,-0.71000,1.00900,34.73600,-73.15700,29.01500
1521745948.52100,1.17400,-0.27500,1.19500,33.35700,-67.78000,33.25900
1521745948.68000,1.15200,-0.30700,0.99100,31.53500,-63.88000,35.22900
1521745948.68100,1.35200,-0.07100,0.74900,27.67800,-57.85300,36.36000
1521745948.68200,1.47200,0.43200,0.58500,22.76000,-52.69300,34.28600
1521745948.68300,1.18300,0.40700,0.35800,19.70800,-49.49100,31.74500
1521745948.70700,0.81900,0.31400,0.04500,15.75700,-43.65700,26.75200
1521745948.70700,0.53400,0.25500,-0.20000,13.76600,-39.62800,22.47200
1521745948.70800,0.48700,0.09600,-0.22900,12.73100,-35.91800,14.44400
1521745948.75300,0.53300,0.18900,-0.43900,12.62000,-37.00400,-2.21200
1521745948.75400,0.31600,0.09600,-0.51000,11.78400,-39.79700,-12.83400
1521745948.86000,0.10000,0.01000,-0.70400,10.72100,-41.37200,-19.47100
1521745948.86000,-0.12600,-0.02500,-0.65200,8.15800,-42.65800,-29.23000
1521745948.88800,-0.09300,0.30700,-0.43200,5.40600,-41.69600,-38.57400
1521745948.88900,-0.29700,0.61200,-0.55100,4.73500,-39.51600,-44.58900
1521745948.89000,-0.58100,0.41800,-0.57700,7.04200,-34.84200,-52.51100
1521745948.93700,-0.50200,0.33300,-0.41100,9.87000,-32.15500,-56.62800
1521745948.93800,-0.42700,0.36900,-0.32500,12.51100,-29.58800,-61.46900
1521745949.04800,-0.14100,0.40100,0.06900,12.22600,-28.65500,-63.69500
1521745949.04800,0.20900,0.29700,0.21700,12.90500,-28.46200,-64.19900
1521745949.04900,0.29900,0.09000,0.22100,19.35200,-28.22800,-64.43900
1521745949.05000,0.30500,-0.36700,0.14600,25.80000,-28.00000,-64.49200
1521745949.06700,0.37400,-0.70200,0.15500,34.07700,-27.82000,-64.26500
1521745949.09300,0.43700,-0.89600,0.14000,38.74000,-29.00500,-63.94400
1521745949.14900,0.50200,-0.97900,0.11200,39.34600,-30.26300,-63.59700
1521745949.14900,0.58300,-1.17600,0.10100,37.63400,-32.48200,-63.30400
1521745949.28000,0.62400,-1.21500,0.15900,34.28300,-33.88600,-63.32800
1521745949.28100,0.90800,-1.04200,0.24500,26.38000,-35.04500,-63.05700
1521745949.48800,1.21300,-0.66500,0.22400,20.90200,-33.31200,-62.48600
1521745949.52100,1.36200,-0.48900,0.16900,19.83500,-30.62900,-62.45200
1521745949.52100,1.62600,0.41600,0.00600,18.87600,-25.81900,-63.54000
1521745949.52200,1.73700,1.26600,-0.31200,19.07600,-22.36300,-64.68200
1521745949.52300,1.51700,1.26000,-0.63000,24.70800,-16.98700,-68.26700
1521745949.67800,0.55500,1.64500,-0.77700,35.36700,-10.12800,-72.80500
1521745949.67900,0.54100,0.39800,-0.50200,47.03700,-6.87200,-76.60900
1521745949.68000,-0.46700,0.31200,-0.28300,61.49300,-1.58200,-83.42900
1521745949.80100,-0.54200,-0.68400,0.16100,97.79800,9.41400,-91.27200
1521745949.86200,-0.45500,-0.79100,0.36300,119.37300,15.84400,-94.01500
1521745949.86300,-0.24800,-0.67500,0.47800,139.18000,19.67500,-95.41200
1521745949.86400,-0.31900,-0.29600,0.70400,-173.71300,25.05900,-97.37800
1521745949.86400,-0.54700,-0.11500,0.95200,-151.12700,28.14900,-98.18400
1521745949.88900,-0.52100,-0.30500,0.88500,-136.72300,30.93400,-98.31400
1521745949.89000,-0.64100,-0.33300,0.51900,-122.16500,31.62300,-96.03500
1521745949.89000,-0.44600,0.07400,-0.00800,-105.09100,30.81400,-93.02800
1521745949.89100,-0.32100,0.59900,-0.15500,-80.12600,28.90900,-87.28200
1521745950.02100,-0.15200,0.64700,-0.24200,-67.15700,26.78600,-82.41000
1521745950.02200,0.00000,0.35600,-0.26000,-49.75700,22.60700,-74.21700
1521745950.02300,0.23800,0.42200,-0.43200,-40.34800,17.72600,-66.06800
1521745950.02400,0.65900,0.62000,-0.38100,-39.26300,14.00000,-61.18000
1521745950.04600,0.95600,0.23600,-0.23700,-38.82800,10.01300,-56.62900
1521745950.04700,0.85600,-0.12100,-0.21600,-38.08700,8.84200,-55.39100
1521745950.04700,0.67300,-0.60400,-0.10700,-37.66900,7.95800,-54.98500
1521745950.04800,0.60400,-0.90900,-0.05200,-38.04700,7.50500,-55.27800
1521745950.07200,0.64800,-0.99600,-0.03100,-39.46900,6.86500,-56.12200
1521745950.07300,0.70200,-1.01800,-0.04900,-41.72200,6.40200,-57.09300
1521745950.07400,0.69500,-0.80300,-0.20000,-43.55600,6.29600,-57.70000
1521745950.07400,0.70600,-0.39200,-0.43300,-46.87500,6.09800,-58.65000
1521745950.09800,0.69300,0.12100,-0.72400,-48.78200,5.73600,-58.92800
1521745950.09900,0.66200,0.73300,-0.84400,-51.76900,4.80100,-59.22100
1521745950.10000,0.78200,0.95500,-0.92900,-55.90000,5.24000,-60.41600
1521745950.10100,0.67400,1.16500,-0.86200,-58.63000,5.54700,-61.24400
1521745950.11800,0.58500,1.14400,-0.51700,-63.02800,6.90000,-62.54300
1521745950.11900,0.31600,0.73900,-0.24400,-66.00600,8.79700,-63.74500
1521745950.25600,0.19300,0.48700,-0.06100,-70.98400,13.40800,-66.26200
1521745950.25700,0.04200,-0.00300,0.13500,-76.32500,20.69800,-70.36500
1521745950.25700,-0.06500,-0.19300,0.25600,-79.82200,27.14500,-74.28600
1521745950.25800,-0.21100,-0.37800,0.40000,-84.76400,38.62300,-81.61000
1521745950.27600,-0.28600,-0.32300,0.47400,-87.83000,46.32800,-86.63200
1521745950.27600,-0.33100,-0.21500,0.56900,-92.21900,56.17700,-93.07600
1521745950.30100,-0.44800,-0.17800,0.55300,-96.55400,62.73100,-97.43000
1521745950.41300,-0.59200,-0.30100,0.53100,-99.68000,65.20400,-99.41100
1521745950.41400,-0.55000,-0.33200,0.66800,-103.97600,67.25800,-101.74500
1521745950.41400,-0.26900,0.13200,0.60100,-104.89000,67.67400,-102.28200
1521745950.41500,0.12800,0.15000,0.16400,-126.17400,54.27000,166.83000
1521745950.43100,0.14900,0.53700,0.37200,-98.86200,65.33100,-97.80700
1521745950.45700,0.35100,0.64200,0.33400,-94.81100,63.70500,-94.50300
1521745950.48300,0.58800,0.63300,0.34300,-89.54000,61.36200,-89.51400
1521745950.62400,0.58300,0.24000,0.19800,-86.84100,59.72200,-86.50200
1521745950.62400,0.54900,-0.19100,-0.03000,-83.13400,56.70400,-82.23500
1521745950.62500,0.47500,-0.34800,-0.13600,-80.94700,54.57500,-79.79800
1521745950.62600,0.41300,-0.38100,-0.22400,-77.91700,51.47800,-76.95500
1521745950.64400,0.18200,-0.67800,-0.54500,-75.40300,50.37300,-75.66700
1521745950.64400,0.20700,-0.82200,-0.83300,-74.13500,50.77600,-75.19000
1521745950.66700,0.32000,-0.77000,-0.82900,-73.97700,53.08900,-74.78300
1521745950.69500,0.47900,-0.49300,-0.54300,-75.23600,55.94700,-75.15300
1521745950.71900,0.51000,-0.22000,-0.57100,-78.19400,62.45300,-77.50200
1521745950.77600,0.52900,0.27900,-0.65500,-81.62400,70.49200,-81.43800
1521745950.77600,0.53400,0.93600,-0.70200,-83.33100,75.69200,-83.63700
1521745950.82700,0.28300,1.35700,-0.48400,-85.88600,83.19700,-86.64400
1521745950.82800,0.21100,1.49700,-0.11100,-88.12400,87.42600,-88.61100
1521745950.85200,0.10900,1.15800,-0.09200,-91.81800,91.79700,-91.22200
1521745950.87700,0.07200,0.47500,0.03700,-96.95400,95.72000,-94.43800
1521745950.99000,0.01600,0.17300,0.04300,-101.01900,98.43900,-96.73900
1521745950.99100,-0.10500,-0.34700,0.06600,-107.61600,102.51800,-99.88800
1521745950.99200,-0.08900,-0.59100,0.28200,-112.28500,105.33900,-101.96500
1521745950.99300,-0.01700,-0.63000,0.35200,-118.52200,109.61300,-104.64400
1521745951.01000,-0.02900,-0.61600,0.46200,-124.49900,112.69500,-106.60100
1521745951.03500,-0.09400,-0.55200,0.54800,-128.45400,113.81400,-107.31900
1521745951.06000,-0.06600,-0.43700,0.73900,-134.15700,113.75100,-107.62400
1521745951.08600,0.04100,-0.40300,0.86400,-137.96100,112.81800,-107.62800
1521745951.17100,0.06400,-0.46600,0.80200,-142.84100,110.35100,-107.82000
1521745951.17200,0.09500,0.02200,0.58000,-141.89900,107.22300,-107.42000
1521745951.17300,0.19800,0.35200,0.50600,-137.19700,105.31300,-106.51400
1521745951.22100,0.24700,0.64300,0.32300,-128.04000,102.18600,-103.81500
1521745951.22200,0.29200,0.91600,0.14800,-120.01400,99.85800,-101.02700
1521745951.24600,0.41500,1.00500,0.04800,-106.27800,97.19300,-96.48500
1521745951.27200,0.48500,0.42800,-0.16800,-96.71700,95.22700,-92.78000
1521745951.30000,0.33600,-0.13000,-0.25200,-92.22400,94.20900,-90.91100
1521745951.38100,0.27000,-0.35200,-0.20100,-87.27100,92.75700,-88.90400
1521745951.38200,0.07800,-0.62200,-0.30200,-84.69100,91.68200,-87.87300
1521745951.38300,-0.02200,-0.69300,-0.40900,-82.43600,89.99300,-86.77100
1521745951.40200,-0.00200,-0.61000,-0.51100,-82.54600,89.11800,-86.40500
1521745951.42800,0.00900,-0.61400,-0.54700,-83.46900,89.32700,-86.66100
1521745951.48300,-0.04800,-0.62200,-0.55100,-85.84600,90.93700,-87.83200
1521745951.48400,-0.03100,-0.55300,-0.58100,-88.21600,92.08300,-89.06700
1521745951.59500,0.20000,-0.04800,-0.64200,-93.35600,95.99400,-91.81800
1521745951.59500,0.60200,1.49400,-0.57600,-99.04200,100.16000,-94.84200
1521745951.59600,0.55800,1.67000,-0.28600,-104.49800,102.77800,-96.74400
1521745951.59600,0.25100,1.36100,-0.04600,-121.27400,105.59800,-99.60800
1521745951.61200,0.03700,1.18700,0.10500,-141.79400,106.99400,-101.93800
1521745951.63800,-0.08200,0.56500,0.40300,-177.71900,108.81400,-104.72000
1521745951.66400,0.10300,-0.20000,0.62600,161.86600,110.79400,-107.42900
1521745951.69400,0.19700,-0.61000,0.45600,157.78300,112.30700,-108.96500
1521745951.69400,0.13700,-0.77900,0.29300,159.07800,114.95200,-110.24300
1521745951.74600,0.00300,-0.87300,0.24300,162.24100,116.77400,-110.34600
1521745951.77200,-0.02500,-0.87200,0.28200,169.02200,119.62700,-109.62900
1521745951.77300,0.00100,-0.82600,0.51600,178.50900,122.67100,-108.41200
1521745951.79500,0.12800,-0.82500,0.61700,-175.23800,124.17100,-107.36800
1521745951.82200,0.35100,-0.84500,0.65100,-168.21900,124.70100,-105.60600
1521745951.84800,0.46000,-0.44100,0.80500,-163.72700,124.17600,-104.28600
1521745951.96200,0.58600,0.05800,0.89600,-155.17300,122.33500,-102.45800
1521745951.96200,0.55300,0.33500,0.86400,-147.58800,120.02900,-100.33400
1521745951.96300,0.45700,0.81400,0.88200,-127.70900,115.45600,-96.24900
1521745951.96400,0.49500,1.15200,0.47900,-100.75800,110.17600,-91.95500
1521745951.98000,0.34500,0.92300,0.20300,-83.44500,106.42500,-88.71100
1521745952.00500,0.25300,0.61500,-0.07400,-66.60300,101.03500,-84.14000
1521745952.03200,0.19400,0.17300,-0.31200,-61.35000,95.99000,-80.75600
1521745952.05800,0.10100,-0.10400,-0.43900,-59.26800,92.81100,-79.18700
1521745952.17400,-0.04700,-0.49400,-0.51500,-56.56300,88.38800,-77.48100
1521745952.17400,-0.06100,-0.60600,-0.51100,-55.88800,85.86200,-76.71700
1521745952.17400,-0.05900,-0.70400,-0.56500,-55.60800,82.53300,-75.81000
1521745952.17400,0.00600,-0.76200,-0.59100,-55.89300,80.90500,-75.45600
1521745952.18900,0.05500,-0.69500,-0.59400,-57.39400,79.70400,-75.72000
1521745952.21600,0.06500,-0.56100,-0.58200,-59.83700,80.06300,-77.08700
1521745952.24200,0.06700,-0.25400,-0.71400,-62.46200,81.07800,-78.55700
1521745952.38200,0.15800,1.11700,-0.96700,-67.85900,83.17400,-80.85200
1521745952.38200,0.14300,1.52800,-0.54500,-72.29900,85.12000,-82.67000
1521745952.38300,0.10300,1.53100,-0.22500,-84.14200,89.88600,-87.66500
1521745952.40500,0.03200,1.54200,-0.01600,-100.21600,95.39000,-93.79900
1521745952.40500,0.07600,1.24900,0.30600,-111.78100,98.97900,-97.98800
1521745952.40600,0.16400,0.55200,0.52500,-128.27500,105.17200,-104.64900
1521745952.56700,0.07900,-0.07100,0.51300,-138.24500,109.15900,-108.90800
1521745952.56700,0.10300,-0.48600,0.56900,-150.96100,115.28300,-115.10300
1521745952.56800,0.13400,-0.74800,0.62600,-159.86600,121.08400,-120.03500
1521745952.56900,0.26200,-0.99200,0.82000,-164.27400,124.82300,-122.57700
1521745952.58800,0.46400,-1.26900,0.91300,-169.78400,129.30300,-125.22100
1521745952.58900,0.60700,-1.28700,0.87800,-171.72300,130.55000,-125.89200
1521745952.59000,0.82200,-1.06800,0.89100,-171.59900,129.39300,-125.65300
1521745952.60900,1.32200,-0.82500,0.83200,-170.86800,126.70300,-125.31100
1521745952.75000,1.14800,-0.59800,0.96600,-172.24700,119.36900,-124.58700
1521745952.75100,0.81500,-0.12000,0.57700,-175.29200,110.17100,-121.01900
1521745952.75100,0.47100,1.19300,0.65200,-174.44300,105.17000,-116.78100
1521745952.75200,0.26300,1.50200,0.43000,-171.84700,97.55700,-109.00600
1521745952.76900,-0.07900,1.29300,0.24400,-178.78500,89.60900,-103.18700
1521745952.77000,-0.30800,0.75300,-0.09100,169.97700,84.44000,-100.80900
1521745952.79400,-0.41900,-0.05200,-0.21900,148.78000,77.26400,-98.53900
1521745952.82100,-0.39900,-0.14000,-0.25200,143.91100,73.56800,-97.60500
1521745952.84600,-0.33400,-0.39200,-0.28900,145.28400,69.35800,-96.81400
1521745952.89900,-0.22500,-0.61200,-0.36100,143.01300,66.76000,-95.83300
1521745952.92700,-0.22700,-0.70100,-0.52900,139.98500,65.49800,-95.01100
1521745952.92800,-0.11700,-0.84200,-0.61200,161.38300,65.41900,-94.02200
1521745952.95000,0.08900,-0.55100,-0.80300,-150.30500,66.23000,-93.41300
1521745952.97600,0.05700,-0.50500,-1.02400,-122.10300,67.89300,-93.36600
1521745953.00400,-0.04100,-0.72800,-1.31300,-123.78100,69.66200,-93.87500
1521745953.03200,-0.27400,-0.41400,-1.25800,-127.31200,74.16000,-95.35100
1521745953.11200,-0.46900,0.42900,-0.96200,-123.61200,80.78400,-97.52500
1521745953.11300,-0.40800,1.73500,-0.22100,-123.16100,86.21600,-99.58400
1521745953.16600,-0.29400,1.85500,0.25500,-129.16600,94.95500,-103.52700
1521745953.16700,-0.41600,1.42200,0.62800,-136.56100,100.58100,-106.56600
1521745953.16700,-0.26800,1.06600,0.85600,-145.04500,109.58700,-110.85100
1521745953.18700,0.11900,0.50700,1.16400,-148.85100,119.94100,-113.70200
1521745953.21300,0.22700,0.14900,1.05500,-151.26000,126.91600,-114.60600
1521745953.32600,0.36800,-0.31200,0.90500,-154.26000,137.67200,-115.66900
1521745953.32700,0.40100,-0.43500,0.72400,-156.17500,144.18600,-116.39900
1521745953.32800,0.30600,-0.75900,0.62100,-161.11400,152.37000,-117.02000
1521745953.32900,0.37600,-0.78000,0.50100,-165.84400,159.76600,-117.21500
1521745953.34400,0.37400,-0.70200,0.40400,-168.46500,164.07500,-117.18700
1521745953.37000,0.64600,-0.44000,0.42800,-173.18600,169.68000,-116.63700
1521745953.39800,0.84100,-0.39400,0.34500,177.45600,173.21200,-116.13800
1521745953.42300,0.76300,-0.42000,0.26400,169.42000,174.01300,-116.26400
1521745953.56500,0.74400,-0.18200,0.20100,160.67800,173.72500,-116.84600
1521745953.56600,0.80600,-0.35600,0.07800,156.74500,173.03100,-116.61800
1521745953.56600,0.55100,0.06900,0.23600,156.27500,171.60100,-116.01200
1521745953.56600,0.56800,0.65400,0.33700,160.80800,171.16400,-115.04900
1521745953.61300,0.62700,0.76100,0.36300,175.35300,171.17600,-113.47900
1521745953.61300,0.19000,0.50000,0.20700,-167.94700,169.99600,-112.30300
1521745953.61400,0.17100,0.30200,0.05800,-159.91600,168.81100,-111.51700
1521745953.74800,0.11700,-0.08400,0.01000,-157.20500,166.02900,-111.04600
1521745953.74900,-0.03300,-0.41400,-0.05300,-159.06300,163.82400,-111.11000
1521745953.74900,-0.07600,-0.57200,-0.03600,-159.67600,161.25100,-111.25000
1521745953.75000,-0.23800,-0.33800,0.07600,-155.45500,160.22600,-111.29200
1521745953.76700,-0.26300,-0.33500,-0.04200,-153.35100,160.36800,-111.45300
1521745953.76800,-0.47700,-0.51700,0.05100,-151.57500,161.43400,-111.60800
1521745953.79200,-0.29400,0.35200,0.41000,-148.66200,163.33600,-111.72800
1521745953.90500,-0.07700,0.54200,0.19800,-146.82700,168.41900,-112.86600
1521745953.90500,-0.21500,0.39100,0.66100,-151.04600,172.43500,-113.74000
1521745953.90600,0.01000,0.49500,0.96500,-153.14400,176.14100,-114.67600
1521745953.90700,0.14700,0.84300,0.45600,-154.77500,-176.64300,-116.51200
1521745953.92200,-0.10900,0.18400,0.40700,-157.27000,-172.91700,-116.83600
1521745953.95000,0.23300,0.54700,0.02600,-154.50700,-167.13500,-116.89200
1521745953.97500,0.06800,0.21500,-0.22300,-151.10900,-162.15800,-116.85200
1521745954.00500,0.02400,0.00100,-0.18500,-151.07600,-159.79500,-116.71200
1521745954.00600,0.00500,-0.20200,-0.05000,-154.56700,-157.78000,-116.00400
1521745954.08600,0.01800,-0.41300,0.07100,-159.66600,-157.34000,-115.27000
1521745954.08600,0.05500,-0.53600,0.08400,-170.06700,-157.22800,-113.76700
1521745954.08700,0.11700,-0.69000,0.06700,177.13600,-157.57500,-111.67900
1521745954.10600,0.17100,-0.70000,0.02600,167.98800,-157.88500,-109.89800
1521745954.13200,0.32800,-0.59700,-0.11700,153.61900,-158.76000,-106.53500
