"","stX","stY","angle","disALL","travelDIS","travelANG","Dur","meanCur","meanCur2","sdCur","sdCur2","S","endX","endY","mark","noperson","noslide"
"1",183,283,14.7745502750466,94.1116358374457,94.7923674337104,64.2699854149697,97,0.776544453035056,0.0395052209901356,0.473363341277579,0.0325583231888058,0.992818708776941,92,307,1,1,1
"2",266,201,13.3245312618908,195.256241897666,199.908486747075,59.6508725979156,128,0.322670222002163,0.0140090345432634,0.692657284938457,0.0366011049545906,0.976728127329106,76,246,1,1,2
"4",211,195,6.25743429814621,114.683259458388,116.54546690775,34.2205374988826,107,0.318015405622294,0.0147322475298961,0.520110661177821,0.023768866606043,0.984021622644181,97,207.5,1,1,4
"5",297,217,10.0079798014413,120.838735511424,121.586973411924,47.103306341552,106,0.785192288760482,0.0824667812805462,1.0412472805523,0.149829026658782,0.993846068542521,178,238,1,1,5
"8",248,210,-0.731395753097544,117.50957407803,117.862868589128,-0.358491929089154,99,0.0172231854406302,0.00124781205745903,0.166114654295536,0.00575180983186488,0.997002495227483,130.5,208.5,1,1,8
"9",232,235,21.0375110254218,97.4987179402888,100.733823143204,111.61564180937,106,1.96936174046165,0.269793989500479,2.93929710066233,0.545072798638681,0.96788461807594,141,270,1,1,9
"10",252,189,26.565051177078,158.760826402485,167.280771421674,130.24578939794,106,1.4736696290534,0.13963545428333,2.16190259685002,0.281119749722866,0.949067995402103,110,260,1,1,10
"13",269,180,-11.7529322506641,76.095334942426,76.4056108988475,-38.8941039254216,97,-0.549821613864197,-0.0427163869720502,0.196924489760536,0.0432273642266276,0.995939094619212,194.5,164.5,1,1,13
"14",292,172,16.9518942454469,97.7471227198018,100.133688834865,104.180075317348,106,1.37566926550496,0.0965838218945196,1.41949845483108,0.123570758617326,0.976166201976246,198.5,200.5,1,1,14
"17",249,190,2.95174751497555,97.0969427754263,97.2001132107032,10.6914362630808,98,0.102911375152289,0.00406999355773773,0.13310569992461,0.0055348454237396,0.998938577005015,152.03188,195,1,1,17
"18",300,197,12.112622925985,111.993303371228,113.218413476785,71.8542163777748,117,0.774155877586107,0.0428331190335697,0.523310376351765,0.0348496187760922,0.989179232706635,190.5,220.5,1,1,18
"21",237,188,9.30477234064332,89.6799866190891,90.1860691610558,47.105834718435,99,0.565605303820482,0.0367825924287009,0.450993583915899,0.0389401616192626,0.994388462135289,148.5,202.5,1,1,21
"22",253,208,-9.18391925084435,169.168554997671,170.612461242385,-63.4452567930763,139,-5.28918654264741,-45.0457270528929,12.9576444666512,119.136947926398,0.991536923890554,86,181,1,2,1
"23",295,149,-3.49705973929825,180.335797888273,181.272745982304,-21.9785676652181,138,-0.108972031077209,-0.00378463643188459,0.24294695874965,0.00934546175504732,0.994831279854268,115,138,1,2,2
"24",314,132,-1.39040126404402,206.060670677352,210.466977430862,-39.7102204145127,137,-3.312482981212,-1.92217726081649,9.24146043416076,5.13432819984708,0.979064141998438,108,127,1,2,3
"27",312,163,-10.876246883131,233.188764737926,233.829982378359,-63.9559233484915,127,-0.28634671163396,-0.0112231753644265,0.304698864913901,0.0182747183088666,0.99725776124212,83,119,1,2,6
"28",316,151,0,212,213.12469518897,-32.4457211784917,127,-1.26346459037186,-0.291522693550052,3.03159298239221,0.710464725915104,0.994722830275616,104,151,1,2,7
"31",300,160,-0.662349447372199,173.011560307397,173.112606945041,-12.8668416202615,116,-0.376726871422521,-0.0726911190130013,0.902224119809452,0.177493700564109,0.999416295326912,127,158,1,2,10
"32",255,132,-4.08561677997488,105.267516357137,105.358141886885,-10.7598270750883,54,-0.092953250204422,-0.00249627532689828,0.0823539247930218,0.00244634992113196,0.999139833636726,150,124.5,1,2,11
"33",295,202,11.0171116187892,115.121674761967,117.34394089947,53.2236545660744,95,1.14972495018011,0.252018924541965,2.15503603405653,0.555539677495072,0.981061943885051,182,224,1,3,1
"34",281,178,4.74905797545947,134.049229255049,134.306619819638,18.2150409244031,76,0.130680914108127,0.00376764708352945,0.122448741495559,0.00362464006203197,0.998083560103483,147.41098,189.09818,1,3,2
"37",323,173,9.97849106070256,191.447561877574,195.813179592098,39.1850023976813,100,0.151781327642774,0.00239751488532238,0.438877831981318,0.0138908145264175,0.977705189591337,134.44849,206.17374,1,3,5
"38",286,193,12.0545777150759,248.990461664699,258.384836300098,40.9469437010523,117,0.0158272550391282,-0.00460915781288119,0.549921074381702,0.020163812411115,0.963641927405955,42.5,245,1,3,6
"39",300,168,32.9845815930444,213.991822273656,219.431756730858,275.362986540683,169,1.52156287461235,0.0749820061297374,0.972226893485016,0.0698621080161401,0.975208991905972,120.5,284.5,1,3,7
"40",268,156,12.3205199497982,239.822991288059,241.509435350707,77.7495308953844,137,0.375941949718779,0.0118084988426941,0.277531501471236,0.00973349148102498,0.993017067593245,33.70032,207.1735,1,4,1
"41",312,151,22.4916062289603,258.904553306639,260.61981194468,89.6411636036452,104,0.372357625766334,0.00665241982165891,0.179590302876765,0.00414437206629955,0.99341854088052,72.78887,250.04344,1,4,2
"42",322,162,18.532627449435,285.719877915539,289.512137981345,66.6753593922887,117,0.216360459952636,0.00291918520190999,0.19566377627783,0.00316235109836698,0.986901205275026,51.096752,252.81453,1,4,3
"47",227,217,10.2919507274774,198.69700551342,200.743367930834,61.1121324231443,99,0.666357003178412,0.0574787102909816,1.02246004917373,0.11618357457281,0.989806077089836,31.5,252.5,1,4,8
"48",315,200,6.29935370613048,154.935470438502,159.604953929164,18.4436030222308,137,0.133778956818006,0.0102730451292424,0.801487958726368,0.0469575002092181,0.970743492756908,161,217,1,4,9
"50",231,207,24.4341020991946,189.46767552254,193.640602054901,79.1566979726969,86,0.476462417155875,0.00917977923189663,0.4274471604286,0.010568564836509,0.978450146879949,58.5015,285.37262,1,4,11
"55",254,241,15.9255840830703,198.623387343988,201.287067152606,97.8125579551904,98,1.02600713488807,0.0768839065476597,1.39699488905202,0.141559339725001,0.986766761291234,63,295.5,1,4,16
"56",318,184,22.4757022593079,244.577697266124,246.106684252608,107.818179844453,105,0.475461968399515,0.0116359900189076,0.254708644674163,0.00933783804455515,0.993787300043772,92,277.5,1,4,17
"57",285,130,9.84582236785257,245.61758894672,246.100660510727,54.6009783991518,128,0.514095293636759,0.159611717697735,0.744294411431958,0.395300927374358,0.99803709765344,43,172,1,5,1
"58",302,160,10.8313056461141,199.555130227213,200.069241541193,47.21194585102,106,0.248712084186065,0.00844312962894157,0.122600202161208,0.00854974326660563,0.997430333068593,106,197.5,1,5,2
"60",292,165,3.31778116833484,207.34753434753,207.525209301591,10.6499207746802,117,-0.181100381230595,-0.0559378265064948,0.66115917252201,0.14274914751446,0.99914383917665,85,177,1,5,4
"61",285,155,4.95782520795078,208.279259649155,209.777269437511,31.4047301512195,127,0.159902596331732,0.00492933705955942,0.199742884663508,0.00570677587895859,0.992859046204705,77.5,173,1,5,5
"63",299,155,8.83537321344949,195.317689931045,195.660029015971,38.9263303007142,127,-0.558718503432715,-0.759121645439605,1.92877619231089,1.87487687077664,0.998250337145263,106,185,1,5,7
"66",267,160,0.609506576675196,188.010637996896,188.243521975361,7.1935091369279,97,0.692681751447825,0.464216424751321,1.52597781360765,1.03754004008908,0.998762857940499,79,162,1,5,10
"67",274,148,5.95428482993958,209.37423820435,211.278494719131,23.988522891698,105,0.115277129452213,0.00344247560523971,0.185588354889113,0.00528524393305832,0.990986983709289,65.75534,169.71942,1,5,11
"68",293,180,1.03138135989443,146.148658075477,146.246910829166,4.0426969742049,98,0.0270184957046062,0.000720091823397944,0.0710328245118647,0.00203459547394577,0.999328172108857,146.87502,182.63068,1,5,12
"69",293,174,11.6893691754392,207.299300529452,207.918312902511,78.0115318321697,127,2.25567648725076,1.97485989149051,5.13799977254371,5.19873795640193,0.997022809754379,90,216,1,5,13
"70",287,152,3.39052082325345,208.834037653683,208.939192530407,16.4929433253334,115,0.0776117928869828,0.00184425561599844,0.0462668144467489,0.00107330773189049,0.99949672019189,78.5315,164.3507,1,5,14
"71",300,161,4.04531645982506,228.799458668315,229.679998641231,13.9935407626275,105,0.0558480588340335,0.000956365509887771,0.0945350942290816,0.00178728991249497,0.996166231373539,71.77058,177.14076,1,5,15
"72",240,142,8.1085382680409,187.878285067753,187.980342678941,30.8029198747092,97,0.175947029853787,0.00475269527922979,0.0545068000361735,0.00337493813851611,0.999457083598568,54,168.5,1,5,16
"73",249,151,-0.215396652607076,133.000939846303,133.372549672711,3.38855105236336,85,0.0623252539319519,0.00328391251537756,0.194180941714335,0.00796887572743728,0.997213745802122,116,150.5,1,5,17
"74",287,173,1.85959933874556,154.081147451594,154.081147451594,1.85959933874556,107,0.0120689608657656,7.83286019437074e-05,0,0,1,133,178,1,5,18
"75",253,171,0,139,139,0,98,0,0,0,0,1,114,171,1,5,19
"76",192,202,-3.301865674435,156.259399717265,156.259399717265,-3.301865674435,128,-0.021130669133565,-0.000135228147374166,0,0,1,36,193,1,5,20
"77",283,239,7.98713127344809,226.699139830746,227.171980057879,43.5663170278917,105,0.276493249913333,0.011498905126332,0.270410604950947,0.0177742729720946,0.99791858033278,58.5,270.5,1,6,1
"78",306,226,15.3115862729947,266.976590734094,270.294556782539,66.8089052473959,105,0.232745609629133,0.00427478077160391,0.254854860845304,0.00608517510991188,0.98772462868679,48.5,296.5,1,6,2
"79",286,207,15.909067102882,214.713789762293,215.898106453256,59.2660994184418,98,0.289062221114063,0.00615191001040146,0.170942571403011,0.00431985278575852,0.994514464668456,79.51019,265.8555,1,6,3
"80",308,249,7.23237870827765,198.579958706814,200.427299802218,57.1408643148642,126,0.769532549194558,0.0678778927230902,1.46799627303912,0.146481453166379,0.990782986662859,111,274,1,6,4
"83",267,222,21.0794607294693,174.836486048556,175.654445179604,59.02439113862,66,0.345695514151131,0.00689242220221237,0.0707415027609732,0.00422411346404149,0.995343362189259,103.86313,284.8821,1,6,7
"84",271,220,18.7859139861636,206.500605325989,207.568620685309,53.5218388676207,66,0.252987365271298,0.00373706098958969,0.067879849277577,0.000906970347902443,0.994854639608851,75.5,286.5,1,6,8
"85",287,219,13.5513871463375,165.017774766888,165.596269098897,52.6267682171802,87,0.3307931319511,0.00892760695537057,0.185098727291948,0.00730804223146242,0.996506598034142,126.576294,257.66653,1,6,9
"86",317,214,14.7016697563079,208.837257212405,209.898240360481,76.7419594726109,105,15.0560172153406,63.5303401475642,32.9527902939609,142.041708794016,0.994945249916083,115,267,1,6,10
"87",330,185,18.7070818091419,249.374314839733,250.900704108727,70.6303977401477,116,0.306332324241907,0.00588263175728286,0.15770803770422,0.00430650949741092,0.993916361158032,93.79997,264.98184,1,6,11
"88",273,268,-0.661584677694151,216.514433699003,218.480680624556,-31.7074955632571,159,-0.354893474743085,-0.0249426850165911,0.514838832257546,0.031545973954856,0.991000362503761,56.5,265.5,1,7,1
"89",273,246,0.26717220251635,194.329092731546,194.432057999428,1.36157089099683,98,0.00706364480430329,0.000181853301565151,0.0489005940470693,0.00118427214196474,0.999470430602131,78.67302,246.90616,1,7,2
"90",303,255,-0.171031669649913,167.500746266994,169.139887621214,-7.22888638237489,137,-0.0889529787417709,-0.0053773454881494,0.459892697129291,0.0219248180235528,0.990308960368411,135.5,254.5,1,7,3
"93",297,224,1.73570458892839,99.0454441153151,99.912746400206,-9.54571529536886,113,-0.821316406621936,-0.242297415580507,2.18028049928441,0.593642323881715,0.99131940301774,198,227,1,7,6
"94",299,221,0,135,135.989262337272,0.203236182640877,108,0.00390469796442274,0.000248197886849348,0.264166545589643,0.00929910301707724,0.992725437874507,164,221,1,7,7
"95",298,242,0.57770917529018,184.258146261698,186.521828197212,-21.6520324086645,170,-0.331629690715293,-0.0274686525226064,0.762518535419451,0.055112774881924,0.987863715698089,113.75122,243.85783,1,7,8
"98",294,212,6.12220154688734,156.106422821204,157.017022700511,29.8876861826699,101,0.135653125314077,0.000809909957012431,0.401547017213451,0.0258046654176162,0.994200629564583,138.7839,228.64865,1,7,11
"99",301,210,4.19418278839086,150.402792527267,150.937731471207,15.5127430413123,110,-0.130165258174659,-0.0777915507218559,0.618523189271414,0.199009196012733,0.99645589648972,151,221,1,7,12
"100",315,190,15.1009151285933,261.881001671887,271.784839504539,81.05053378596,158,0.300026128174525,0.0111339353329609,0.81116327034017,0.039355805516038,0.963560006324465,62.16215,258.22522,1,8,1
"101",300,200,14.7681374776887,237.340472739059,239.000400625347,69.1075849282572,108,0.283597730634742,0.00611015224626079,0.178091311081176,0.00478375824238067,0.993054706678548,70.5,260.5,1,8,2
"104",290,216,10.7842978675626,235.153141590751,236.710382920681,76.0540240662162,127,1.08743268417277,0.275700014312231,2.12209889950643,0.697368128457014,0.993421322247402,59,260,1,8,5
"105",292,227,15.7807533095154,191.206694443474,197.40787950399,520.383949838502,419,28.6073406207554,38.4983967426323,53.0766829216679,94.306459881166,0.96858694254709,108,279,1,8,6
"106",300,210,11.1787009593129,214.061322989465,215.524930823904,71.3171360412703,136,0.378580516992827,0.0129760892727307,0.326874065707559,0.0152103029256351,0.993209101940811,90,251.5,1,8,7
"109",304,208,11.7195566470246,153.184852415765,154.011625781786,49.571242801812,116,0.297632619276861,0.00964580434716342,0.196284523681865,0.00703209638575518,0.994631747039715,154.00851,239.11514,1,8,10
"110",281,138,18.6750479902425,261.591695644691,262.01400914492,117.657661631543,128,0.696520293737745,0.0337564113647607,0.637200446686449,0.0463251416038484,0.998388202594177,33.181156,221.76178,1,8,11
"113",318,176,17.0862267288655,255.266527378738,258.801852144623,127.779654762194,138,0.667343428216085,0.0293424759087911,0.775122464990738,0.0471200350984254,0.986339646580623,74,251,1,8,14
"114",319,197,13.0171121890775,190.905735901256,193.122112031423,103.121532121906,148,0.811712120451368,0.0794249308556277,1.41119692955547,0.19574441344068,0.988523447124445,133,240,1,8,15
"115",308,247,13.3571227142989,225.088871337523,229.885401554249,57.1474228795983,127,3.42123069552594,2.90155202056797,7.39619283722377,6.4855154136356,0.979135124786973,89,299,1,9,1
"116",309,233,9.3276145106676,209.773687577828,216.376024509939,25.4104532322951,106,1.56362576723096,0.703649997386239,3.80513627264913,1.58926479875748,0.969486744443775,102,267,1,9,2
"119",310,230,13.2938608302983,215.268437073343,220.251491846808,36.0019660766969,105,0.096421388299571,0.000471462295107157,0.336831223642883,0.00839965965821803,0.977375613977995,100.5,279.5,1,9,5
"121",297,239,4.00417294070939,100.244700608062,102.535727455355,8.88603643453608,106,0.0764542549981502,0.00547981125651937,0.798859604167003,0.0474670919622529,0.977656306692799,197,246,1,9,7
"122",290,228,8.74616226255521,203.870669788472,206.732392528643,16.5889289457105,76,-0.0282163733332149,-0.00413124241787156,0.326146876010235,0.011955267766154,0.986157356836208,88.5,259,1,9,8
"125",295,241,5.61758059012683,183.883115048663,185.317385869094,10.6610224548835,106,-0.0272905534118159,-0.00359827818712402,0.330148837373112,0.0123634152499994,0.992260462699145,112,259,1,9,11
"126",288,222,15.2686223039185,186.067863963662,187.441887071082,51.8015735879401,96,0.260663147080065,0.00591972430291504,0.184709253428953,0.00574171078104881,0.992669604809845,108.5,271,1,9,12
"127",282,190,0.303149443714127,189.002645484131,190.366721978585,6.76246913220551,149,0.0607603147267518,0.00272331151383132,0.247928197218635,0.00853643954237075,0.992834480311071,93,191,1,10,1
"128",272,187,5.01797963863456,205.78872661057,213.413139368638,14.1766487500659,149,-0.301373265252118,-0.106504806046208,0.98120405618458,0.266461014381948,0.964273929990327,67,205,1,10,2
"131",301,237,2.51687565693952,136.631804496611,137.176441675632,10.4108562348538,126,0.0639908549020777,0.00199501042117291,0.212032982907169,0.00781027855996598,0.996029659521938,164.5,243,1,10,5
"132",298,208,0.325540698659298,176.002840886163,177.129644364594,7.43512703182943,148,0.0744364685097678,0.004113399868494,0.200201898074537,0.00825457502864696,0.99363853813136,122,209,1,10,6
"135",248,178,-0.835539701082015,209.199417939016,210.010751427161,-9.31733277618279,118,-0.0786229829084974,-0.00237118893482776,0.160629712522457,0.00446397193450401,0.996136704989477,38.822826,174.94937,1,10,9
"136",299,148,5.47412820060921,241.099564495666,241.92452166281,23.4902195220477,119,0.0854739958595511,0.00161411310698979,0.107384673084333,0.00233357388702703,0.996590022534822,59,171,1,11,1
"137",280,161,2.0166238746231,142.08800090085,142.28279200198,3.92620975596133,103,-0.0324489297887125,-0.00490254056433744,0.247440275724497,0.0165975522107602,0.998630958119465,138,166,1,11,2
"138",254,150,5.95713111470821,173.436587835439,173.882258061725,22.7007873897311,73,0.180401063728868,0.00456166400742235,0.165149143730739,0.00508672857659114,0.997436942496295,81.5,168,1,11,3
"141",274,119,-6.29200136184207,72.7451977968477,73.0442689295687,-10.5669067022094,65,-0.121529327415876,-0.00279540225694752,0.171868423057612,0.00395329578406355,0.995905618098398,201.693,111.02745,1,11,6
"142",321,151,1.99456930124184,201.121853611188,201.345108780355,4.51412237916658,148,-0.0695163722740538,-0.0103571361642697,0.345434884259909,0.030384451656537,0.998891181561252,120,158,1,11,7
"143",314,149,-9.52384234849923,229.665517655568,231.070469390909,-48.2263032028729,118,-0.228565710738616,-0.00577569531427042,0.188870318835387,0.0057784347606961,0.993919812691583,87.5,111,1,11,8
"144",297,119,-4.30749143917025,169.843182383626,170.577762083325,-15.2013585050186,107,-0.0815656226245028,-0.00182498042639218,0.113204830908927,0.00241748088736429,0.995693578748327,127.63657,106.24323,1,11,9
"147",297,85,-7.92432055216999,137.816000522436,138.889996685962,-37.0035904581619,118,-0.249005339477657,-0.00838714797462647,0.277624525540254,0.00952533126868566,0.992267289299789,160.5,66,1,11,12
"149",258,117,-11.8355670804778,138.954129121808,141.086495403926,-30.9495416738667,92,-0.203887636117218,-0.00435542889147325,0.188465478916338,0.0037982150512194,0.9848861063845,122,88.5,1,11,14
"150",292,129,-6.76617482255306,178.241409330155,179.823541665011,-32.7255012526715,107,-0.190396781514146,-0.00592064503346048,0.250129457161054,0.00844525542313668,0.991201750781869,115,108,1,11,15
"151",286,228,6.07544009618657,203.140960911383,203.63724752459,58.3135112962454,187,0.290788311249358,0.0152950751651481,0.257870730287975,0.0158926397396163,0.997562888817049,84,249.5,1,12,1
"154",295,167,17.4444344805055,283.540561472252,293.900546233515,73.0635682713928,109,0.207798235953065,0.00275021222626785,0.383628853411275,0.00800732812002316,0.964750032301638,24.5,252,1,12,4
"155",303,215,2.737966660467,265.790435493186,268.677172203743,11.871013840479,117,0.0439510864730207,0.000956065531081661,0.247448720210917,0.00610029312473748,0.989255742544557,37.51298,227.69637,1,12,5
"156",277,211,9.42470187232026,250.379711638144,250.379711638144,9.42470187232026,117,0.0376416356207851,0.000150338201823581,0,0,1,30,252,1,12,6
"158",269,195,19.3658175387103,214.114455373756,214.114455373756,19.3658175387103,111,0.0904461004508341,0.000422419403178326,0,0,1,67,266,1,12,8
"162",277,218,7.27244539485329,211.621008830693,212.554063204147,45.1713270932589,99,0.32467256145196,0.0135619062596203,0.418957310305938,0.0224743118276541,0.995610272702443,67.08139,244.78859,1,12,12
"163",297,198,17.7930061669175,225.800797164226,226.103410446278,126.611415292908,120,1.41222357693394,0.338752215715981,2.32895392074874,0.849675191132324,0.99866161557911,82,267,1,12,13
"164",277,197,15.3408907640049,234.350165350912,234.765322073561,73.6884548080068,109,0.504416946544366,0.0572884588257047,0.369772456079126,0.108188395974997,0.998231609681609,51,259,1,12,14
"165",253,232,17.7993640287517,199.551998236049,206.869768585487,122.538311395725,76,2.67379905319271,0.330801860995677,4.87807842755905,0.654377256899768,0.964626197440665,63,293,1,12,15
"166",313,165,14.9456239171256,259.788375413528,266.622542215787,91.9622769349834,107,2.27239651921687,0.658563865781186,4.57527498420501,1.464328616961,0.974367633188614,62,232,1,12,16
"167",275,176,20.1517470342119,232.215417231501,246.576213817492,128.672132164083,108,1.09333091868563,0.124765223519998,1.43959437197596,0.270148816336536,0.941759197435725,57,256,1,12,17
"168",258,207,20.2853334342327,210.559374049222,213.24381876626,134.57160471088,87,1.43825954220824,0.0996064511322114,1.6696331623351,0.138097253597775,0.987411383211154,60.5,280,1,12,18
"169",294,194,17.1027289690524,231.224998648503,231.810489414859,148.742469140518,142,1.24123478191013,0.179848255669614,1.78344407281987,0.442340358068517,0.997474269745798,73,262,1,12,19
"170",279,204,25.1874622772282,223.224102641269,228.35405153315,141.672700168352,98,0.737358348270683,0.0286287428092444,0.770762325857638,0.0440535535674049,0.977535108935274,77,299,1,12,20
"173",306,199,18.7257878452726,249.19069003476,267.965883653608,176.946538000399,128,1.49988776259144,0.108492795388682,2.2134721557669,0.222576621652817,0.929934388053975,70,279,1,12,23
"174",301,183,23.0851336728083,265.239514401606,273.47190608647,174.260753481825,126,1.49731924354119,0.12536532809186,2.21335560380522,0.258961016113728,0.969896755382762,57,287,1,12,24
"175",295,163,27.7136848329435,267.711131632586,269.423154722578,158.052546074218,108,0.629958543491587,0.0167468001331246,0.252934198089191,0.00953170802070712,0.993645597789267,58,287.5,1,12,25
"176",284,181,21.0779109803631,217.502641569893,217.62452125357,107.06855145505,98,0.530669717993894,0.0139663385898385,0.199834230799108,0.00928356237483201,0.999439954270891,81.04997,259.22202,1,12,26
"177",243,195,18.7307935922031,183.730781307869,199.369022028118,104.999227144571,161,12.3257466507894,26.8399767406431,31.9049224928513,70.9893576515228,0.921561331037458,69,254,1,13,1
"178",277,185,26.4785017270277,148.027868997699,148.3926789067,73.3557049396679,55,0.576214412852937,0.0162934803428716,0.199525768506124,0.0118006304359698,0.997541590921541,144.5,251,1,13,2
"179",286,198,28.4184432499936,214.327436414473,215.717777904675,110.765167636569,77,0.544228706085903,0.0114332588017016,0.221171930059841,0.00680483331801776,0.993554812664459,97.5,300,1,13,3
"180",304,227,17.9857395135693,221.840595924191,223.326377331225,92.3428072512388,105,0.494002814550651,0.0150801684438951,0.396599354573013,0.0177634661588416,0.993347040216254,93,295.5,1,13,4
"181",266,209,17.663335144186,187.856328080797,189.880454608,80.6531627318676,77,0.964001233116052,0.105872680562941,1.63511531675783,0.225892555284225,0.989339995359806,87,266,1,13,5
"182",308,226,16.1301706847481,255.560658161619,260.189607728482,109.743658335116,128,0.992103713621551,0.0885721533480551,1.88258791352604,0.206802837402321,0.98220932185849,62.5,297,1,13,6
"183",268,221,18.6501605038616,151.063705097614,151.115129740366,55.0050461663727,67,0.374758809013692,0.00797492132361786,0.0594497702070842,0.00294057149618822,0.999659698914063,124.86883,269.3085,1,13,7
"189",317,220,8.46559755398162,217.36835096214,218.33632276395,39.9854684981701,99,0.50973636338429,0.0413261868038334,0.830964875836288,0.0798635220238018,0.995566602068055,102,252,1,13,13
"190",288,222,19.4490995272653,154.143338561722,154.316274689435,56.0803509237018,67,0.385434230794122,0.00881302026018741,0.097959832231936,0.00571333664624501,0.998879339667439,142.65244,273.325,1,13,14
"191",268,212,29.4758890032457,184.937827390721,192.284110088956,93.3307116648703,76,0.523068706797199,0.00898658761836413,0.424284420870632,0.00868980607415118,0.961794644940566,107,303,1,13,15
"195",275,231,8.28389846610087,183.913151399043,185.583769770288,28.1973892988181,99,0.129675014887055,0.00239621226842477,0.160870933785954,0.00296420209253901,0.990998036232839,93.00574,257.49786,1,13,19
"196",278,205,21.8643027426642,169.168554997671,169.790489474834,80.871680644634,66,0.811503765161233,0.051403135599111,0.827024736456222,0.0815480006300193,0.996337047622121,121,268,1,13,20
"197",266,257,20.7255588655605,158.24032355882,160.531698932167,130.387047942764,126,127.125641167708,3776.83424519695,334.880866205052,9992.51253247885,0.985726336987718,118,313,1,14,1
"198",239,193,21.3942933192309,196.006377447266,198.592519785881,95.0343847734591,115,0.513111475822976,0.0155491332851092,0.404545245886383,0.015518160949596,0.986977644770287,56.5,264.5,1,14,2
"199",287,217,13.3564309200955,183.9762212896,186.211530479417,44.7867023316251,105,0.256840813717135,0.00705242461302284,0.246035729789122,0.00786865634670612,0.987995860492302,108,259.5,1,14,3
"203",305,187,15.9777298588409,243.402958075698,247.160707718861,85.7485542996409,139,0.339649348645715,0.0086222824152221,0.346517865871628,0.0107139759976725,0.984796330784756,71,254,1,14,7
"204",291,219,10.7537696532017,125.162152241444,125.649464378331,42.6994851722323,105,0.34237865353827,0.0111397934840716,0.174226842144476,0.00589478190906137,0.996121653687123,168.03593,242.35384,1,14,8
"205",293,209,16.5781598701516,205.400719495243,207.529836748843,66.3212235199937,115,0.313451406103874,0.00852284912910278,0.203728461143392,0.00659207187443255,0.989740669163748,96.1375,267.60556,1,14,9
"209",298,199,16.260204708312,175,176.434182733334,68.9444020319001,98,0.56344780095907,0.0342507907650734,0.714100199931003,0.0625459757856058,0.991871287575255,130,248,1,14,13
"210",311,171,3.6619355755198,125.2557383915,125.959766497569,9.49068676221797,128,0.0260985256622941,-3.43271958519495e-05,0.219529236661045,0.00938143377592835,0.99441069060665,186,179,1,14,14
"211",306,130,10.6492196592449,119.050409491106,121.272078865875,56.0704812279794,170,-0.0360639109775926,-0.28737229988947,1.42566339546349,0.818707873646594,0.981680289514738,189,152,1,14,15
"212",288,170,-1.39152665254782,123.536431873355,123.804105897398,-9.35666373581251,137,-0.0944041799771059,-0.00462717398719073,0.198260692583493,0.00930555543998399,0.997837922885488,164.5,167,1,14,16
"213",254,133,-6.38711702576451,67.4184692795676,70.6046863561493,-51.3401917459099,117,-1.06906545080548,-0.11130664877162,2.39050302039751,0.248889233001037,0.954872442028713,187,125.5,1,14,17
"214",265,145,-10.08816978339,82.7798284608032,87.2934573708521,-78.6407365294698,128,-1.47266230122404,-0.160667602549142,1.81821525343177,0.202443679548385,0.94829361734553,183.5,130.5,1,14,18
"215",240,153,6.05023582289879,109.107744912999,117.443224525522,93.4785024842018,179,1.34560774796217,0.176257542989574,2.70028254729783,0.367111887355831,0.929025453395039,131.5,164.5,1,14,19
"216",263,208,18.8723126904427,207.135221534147,207.135221534147,18.8723126904427,128,0.0911110749329109,0.000439862782669683,0,0,1,67,275,1,14,20
"217",249,197,11.5751888173962,169.446156639801,169.446156639801,11.5751888173962,107,0.0683118994666965,0.00040314811985916,0,0,1,83,231,1,14,21
"218",221,194,7.37853584267382,140.160622144738,140.160622144738,7.37853584267382,128,0.0526434295864806,0.000375593578145779,0,0,1,82,212,1,14,22
"220",291,123,15.5137560394647,222.491947739036,226.502705534202,45.1141443758903,109,0.162597221299984,0.00271112564098747,0.136137288789466,0.00202443207492904,0.982292671578879,76.614265,182.50986,1,15,1
"221",296,103,2.96823402987172,202.772039492628,204.486361388086,7.98806784683334,107,0.00862725867164375,-0.000633343050254425,0.26451725533794,0.00857863575837989,0.991616448726357,93.5,113.5,1,15,2
"222",306,112,0.528056748900181,108.504608197072,109.124523375114,5.62922866722374,87,0.106014013538116,0.0075912329784551,0.267300097046731,0.0152188067593873,0.994319194633171,197.5,113,1,15,3
"223",270,112,-1.42497427251542,100.531089718554,101.340921829473,-8.62096185283242,73,-0.135477482974555,-0.00584334520236088,0.324945590524594,0.0119928493292518,0.992008834177756,169.5,109.5,1,15,4
"227",313,138,-0.484434383945719,108.339872401623,109.543535692441,1.91540954283422,88,0.0451371021791922,0.0019423995225248,0.278131166675153,0.00778579381682171,0.98901200985335,204.664,137.084,1,15,8
"230",297,143,5.91709214183154,179.456122770999,185.548652140103,24.4186658366892,108,0.147080053855375,0.00378329644420099,0.272648091345901,0.00549510762632901,0.967164787785669,118.5,161.5,1,15,11
"231",266,114,-2.66432812461649,64.5375845190413,64.5566902602449,-5.48473345343401,63,-0.0876508860917048,-0.00280760482965195,0.0680977735157608,0.0023315936008451,0.999704047076661,201.53218,111,1,15,12
"232",282,209,8.61564818416411,267.013108292458,270.572988381667,44.5371420349675,108,0.219513971623973,0.00669687502366293,0.388746208943292,0.0144268383299325,0.986843180058361,18,249,1,16,1
"233",292,214,7.23517392432365,258.054742254429,260.131066241446,27.6693295146549,107,0.117718053900658,0.00413824404705244,0.342185773562426,0.0148436540439139,0.992018162163341,36,246.5,1,16,2
"234",269,212,9.2702485744945,245.202467361159,247.986997331925,42.8605544127852,120,0.180150523086286,0.00410818620349491,0.288360149338315,0.00770249276477554,0.988771467856279,27,251.5,1,16,3
"235",282,195,-7.50734666694966,260.230666909187,261.743159784983,-55.9338531935132,143,-0.366626945066015,-0.017081677573973,0.499354088956488,0.0269373918523197,0.994221461691535,24,161,1,16,4
"238",309,214,7.65500837041311,271.375423710897,273.061738108993,27.2347309769368,119,0.0722629443884525,0.000938889006934539,0.133929857987419,0.00250718083606744,0.993824420771018,40.043045,250.14937,1,16,7
"239",241,235,4.18163777188556,212.565872143202,213.233873655177,18.8752614732794,107,0.10458601979074,0.00241485909579526,0.135975866587759,0.00351611020745959,0.996867282385652,29,250.5,1,16,8
"240",279,226,4.83830629027684,254.908316851373,256.141970076515,20.2949837269583,119,0.0681663377623692,0.00117698452120759,0.115935243604221,0.00222283485033747,0.995183713060482,25,247.5,1,16,9
"241",244,248,0.62693148712665,207.285815810619,209.6706717289,-15.1497398835728,137,-0.161534980803237,-0.00692853627547691,0.267093238465549,0.010705971038416,0.98862570573836,36.726593,250.26808,1,16,10
"244",312,194,9.52797188369358,286.958620710374,287.926296752693,47.2015152249934,118,0.181903229640293,0.00383781381742037,0.140802942769234,0.00389680118000902,0.996639153654137,29,241.5,1,16,13
"245",304,197,10.1322115658048,267.166614680802,268.574194287352,36.4506867800212,148,0.105876399618316,0.00169372516900476,0.121977825272617,0.00246826958811258,0.99475906607377,41,244,1,16,14
"246",316,199,16.1375378633336,265.973594681441,268.225349856103,76.4403352344635,126,0.316776520454242,0.00743514418528648,0.281392564069548,0.00886631532054046,0.991604987463451,60.506493,272.92578,1,17,1
"247",294,210,13.8911911714549,191.60375779196,193.735452660515,76.2404325916347,116,1.15386165400972,0.19038468471168,1.95628082875469,0.411801883513638,0.988996877756337,108,256,1,17,2
"248",259,213,6.67955341193396,71.3102078995742,71.3923700505446,12.2623441010403,46,0.162623161932591,0.00447062632658464,0.0661015168666362,0.000615900077893536,0.998849146611715,188.17383,221.29454,1,17,3
"252",329,175,8.15708999574355,244.962158224903,248.893471441424,22.1148279829173,107,0.0282391188756035,-0.000597170833660288,0.201824323054482,0.00468890421187858,0.984204835933408,86.51618,209.7571,1,17,7
"253",303,207,15.7888668970184,253.363116949098,260.446491681872,70.0041577904637,116,0.242345825225633,0.00424039427157313,0.320303852802626,0.00671433577418081,0.972802955850808,59.19605,275.9384,1,17,8
"254",328,186,14.518911991187,203.899605507748,208.311673424494,76.8741052694045,137,0.366984534755213,0.0117370790712249,0.312073045124764,0.0124132435807323,0.978819871953334,130.61194,237.11754,1,17,9
"257",319,201,14.9848575965636,241.719879199043,246.828957447927,45.2305779678302,97,0.13422490738144,0.00127371316485534,0.267290496315032,0.00536072648592754,0.979301139130071,85.5,263.5,1,17,12
"258",314,208,14.6208739886317,261.467015128104,268.020423903524,119.044774020642,116,3.60775978638599,1.42461915637643,8.09103471822786,3.47134266574409,0.975548845569397,61,274,1,17,13
"259",306,201,13.1374591595812,270.581780613551,271.876319061737,49.3511669941076,87,0.178954083140059,0.00270168025706899,0.116619811914062,0.00195513556307835,0.995238502372501,42.5,262.5,1,18,1
"261",301,175,15.705547941756,278.913068894235,281.116210223921,57.5111347659473,76,0.20972350096423,0.00339572461503241,0.226784322352242,0.00478755381247242,0.992162880511473,32.5,250.5,1,18,3
"262",302,172,19.4527870602187,249.226804336933,249.4742767956,84.2286497907559,76,0.637072318213256,0.0317193131778965,0.731027270259892,0.0552194768483834,0.999008024146434,67,255,1,18,4
"266",298,223,6.68386410803412,257.751818616281,262.867820472522,37.8485446651816,99,0.366219433780758,0.0262843087263238,0.875495068469497,0.063048266785515,0.980537740043474,42,253,1,18,8
"267",275,198,17.7157927063769,151.168779845575,151.32493665018,54.2857957241878,54,0.820077512743621,0.0673849541131753,0.999854933079307,0.11062170098172,0.998968069585482,131,244,1,18,9
"268",274,208,7.26882405885729,254.753694753,258.134136918828,18.1528437303318,87,0.0563689106948949,0.000964760476082788,0.256572128844974,0.00624718642865855,0.986904319567423,21.29365,240.23268,1,18,10
"270",274,206,10.0975043840753,222.445498943,224.763117964638,60.1574192823807,88,1.41913659398731,0.29123203257835,2.87905804351175,0.644983974370753,0.989688615095634,55,245,1,18,12
"271",298,228,8.22408113184409,258.660008505374,268.223708800026,-10.6067211236338,105,-0.335916273457972,-0.0207594331743606,0.846813379695522,0.0454668966495824,0.96434431416433,42,265,1,18,13
"274",250,206,12.5602370968456,197.732142050806,201.575268035133,30.8125779319565,55,0.552103876143915,0.0460963099103502,1.01144181843017,0.082464723120009,0.980934536157196,57,249,1,18,16
"275",277,212,17.575185836542,231.821051675641,232.790518582074,52.2281306509243,55,0.91430093464095,0.0915821371848012,1.34850805306336,0.155996074444353,0.995835453641591,56,282,1,18,17
"277",293,221,9.2726017772003,248.243831746128,258.794726837715,33.1256388209343,99,7.49184814829709,9.20001649640621,17.1634752787613,20.590279243271,0.959230641132024,48,261,1,18,19
"278",286,253,4.06751956658015,225.568171513625,241.366144935839,29.8586349798294,128,3.79982980167556,1.87933475462192,7.38395404568809,4.05563461624837,0.934547683038094,61,269,1,18,20
"279",300,209,8.95029343360177,266.74800842743,268.152752018172,44.4762681025075,129,0.143804508153619,0.00292590925820585,0.123342168206824,0.00252254524082188,0.994761405280497,36.5,250.5,1,19,1
"280",301,192,5.25534296038858,212.89492713543,214.129444137244,37.4947901711226,170,0.14622401057853,0.00540561312146756,0.187104595077473,0.00691055032098393,0.99423471626339,89,211.5,1,19,2
"281",323,197,5.43581806429988,300.852954115462,303.547803858156,24.189945582299,147,0.0660263133369156,0.00125207271182933,0.247088636253883,0.00700870229899709,0.99112215700973,23.5,225.5,1,19,3
"282",290,193,3.92991302807254,267.720890964005,268.043593925545,18.9398930408142,101,0.0733146883883825,0.00150516139784115,0.0833979911860704,0.00202130169188464,0.998796080306142,22.908619,211.34856,1,19,4
"283",302,214,0.59993388025395,286.515706375759,287.236624356246,1.34524587317173,131,-0.00180618180214462,-0.000170932044096789,0.106304312111549,0.00254623772114199,0.997490159960962,15.5,217,1,19,5
"286",276,194,9.47995167808867,267.148367017281,268.029883345273,38.2469765763609,78,0.161063816174624,0.0029300846352005,0.114243550744416,0.00222110113729711,0.996711126696062,12.5,238,1,19,8
"287",287,210,7.03794076318467,244.844848832888,245.73762976935,36.5298967233613,86,0.274849691674191,0.0157957264223559,0.44084319508624,0.0324960116177908,0.996366934371021,44,240,1,19,9
"289",298,211,10.0079798014413,241.677471022849,242.313253332283,61.6175588559604,109,10.2623599936831,43.4681914491889,24.6108223129505,106.461214510658,0.997376196717715,60,253,1,19,11
"291",281,186,3.12213046211571,220.327029662727,221.761200567894,15.5033925937335,76,0.131230131758698,0.00512082735649115,0.379848538632073,0.0140988983369303,0.993532814119447,61,198,1,19,13
"292",308,186,3.58098962049093,274.400591235592,279.254983543123,5.92276748970097,119,-0.0207755463683358,-0.00117528403374049,0.227578379799715,0.00460331276986601,0.982616631417137,34.135174,203.13889,1,19,14
"293",311,202,-8.55183023382006,201.743029619365,206.51384743954,-82.4530044138165,178,-0.433837489706223,-0.0210666326328979,0.703974290347323,0.0378192141067783,0.976898315152587,111.5,172,1,20,1
"294",305,205,-10.561517156961,211.190211206204,216.329267187412,-107.279747900779,168,-0.65355812469162,-0.0331450740349874,0.801803988849899,0.0466584180932005,0.976244287016622,97.38763,166.29071,1,20,2
"297",258,187,-5.00064459755843,160.611332103311,160.739365925301,-36.6532760706888,117,-0.625394312828422,-0.125435543474083,1.13501067648329,0.294064122179011,0.999203469409919,98,173,1,20,5
"299",297,188,-2.33730585912382,147.122398022871,148.755622534906,-65.2546638555235,159,-2.50939863729575,-1.10938175500737,6.9853264495774,3.28706093668448,0.989020754414498,150,182,1,20,7
"300",316,177,2.68377515946898,192.210821755696,192.995175943026,17.0238687386539,138,-3.81012754608142,-23.7773013555378,11.1623608127954,67.2687565714722,0.995935887083718,124,186,1,20,8
"303",280,161,2.38145404417604,224.421795832922,224.560189792093,12.8186447308874,126,0.0604428744644299,0.00196147206489368,0.0854389416016327,0.0035063962068345,0.999383711069628,55.77203,170.32523,1,20,11
"304",328,189,1.70135460532612,202.089089265106,203.011411989965,11.3215393777644,126,0.0847340918950016,0.00463312421079208,0.250668164834788,0.0124295410339218,0.99545679370525,126,195,1,20,12
"305",299,127,21.7264946313477,211.401259551686,213.687757362673,112.349698841677,105,0.665111426130458,0.0220709780711234,0.498444250433809,0.0207525057655942,0.989299818392938,102.61637,205.25575,1,21,1
"307",283,201,1.22757883213454,140.032139168121,140.368704168496,-4.1859147508055,98,-0.194644860870488,-0.0262252994710307,0.41535158945893,0.0538288462750749,0.997602278924144,143,204,1,21,3
"308",310,195,-3.21326217531458,164.420529241822,164.67205334252,-17.6073061531868,127,-0.106089291056695,-0.00425707581882969,0.110478067114934,0.00520086414605748,0.998472575670293,145.83797,185.7838,1,21,4
"309",320,167,2.53183762245004,147.143637307224,147.947601993984,10.5709965277832,105,0.0540247868350002,0.00107058317667714,0.218752356170474,0.00761485265881638,0.994565882272343,173,173.5,1,21,5
"310",290,168,11.9835071696203,157.158654361427,157.165118078466,47.7379600146004,87,0.319210527904922,0.00904757839522172,0.0834210571331953,0.00501849315779732,0.999958873081264,136.26624,200.63087,1,21,6
"313",275,183,-8.32024251736946,127.84561001458,128.322652854793,-48.1353535450396,126,-0.390420924869292,-0.0212464182767972,0.241344796172963,0.0191636330022998,0.99628247367397,148.5,164.5,1,21,9
"314",304,149,5.05382605006437,147.573710395856,147.73271415021,32.3503523796062,127,0.382927075295452,0.0464547781850164,0.544645658233576,0.0995491047902101,0.998923706538061,157,162,1,21,10
"315",293,169,3.50353164478446,147.275252503603,147.86008725128,8.37165779639246,137,-0.847865562006461,-0.647777267951723,2.81687501035319,1.86132899070757,0.996044674674898,146,178,1,21,11
"317",316,168,2.97373108248011,154.20765220961,155.425363096972,5.58784605677139,138,-0.0945658379451777,-0.0131017805372732,0.608164787332905,0.0440216630570873,0.99216530131828,162,176,1,21,13
"318",321,177,-2.69505859673992,140.350436862528,140.73753820805,-12.9441797162039,116,-0.0883458376674074,-0.00301574721392846,0.160579255311232,0.00549203245524944,0.997249480483664,180.8048,170.40068,1,21,14
"319",308,133,10.1455444338963,193.018133863117,196.435839504727,34.6985672118405,159,-0.586688071365063,-0.217082486688761,2.2201481193442,0.617389315480145,0.982601415046115,118,167,1,21,15
"320",292,168,-3.99343997667464,186.179919180277,186.373143888623,-27.7361621667203,169,-0.153548585257877,-0.00623398350058637,0.114794584917723,0.0054958594356001,0.998963237383272,106.27212,155.03401,1,22,1
"321",296,178,1.50249561570107,152.552449996714,152.863125769454,12.6351776687145,139,0.118260991047451,0.00526481452810148,0.139667726460232,0.00615920491055487,0.997967621222086,143.5,182,1,22,2
"322",275,174,-2.108095312357,163.110392066232,163.556751056607,-12.9917886826871,169,-0.161035285263288,-0.0262918508994584,0.355400139484254,0.0676415260762754,0.997270922860164,112,168,1,22,3
"325",265,137,0.418060411412706,125.408658323514,126.03407717574,1.03198899148331,126,-0.00166403515961002,-0.000544134372254189,0.315269367533719,0.0145099060625482,0.995037700388336,139.59468,137.91504,1,22,6
"326",296,147,7.95760469614826,156.474205004614,156.804163511655,45.8825918963041,147,0.28218540799154,0.0104464915155083,0.175735647986774,0.00694637004152207,0.99789572866146,141.03252,168.66234,1,22,7
"327",298,188,-5.21125586158673,154.137114284652,154.292556903875,-33.0312352606355,137,-0.233446071910273,-0.0102581105153805,0.150780024269352,0.00873994315177599,0.998992546222955,144.5,174,1,22,8
"330",299,162,0.76902468257804,149.013422214242,149.25612049735,-1.90377165902082,139,-0.18730994253996,-0.0452055733835654,0.507700612856361,0.110788089074228,0.998373947531942,150,164,1,22,11
"331",301,161,0.465809082764994,123.00406497348,123.218220018851,4.82977916410674,139,0.240935344039571,0.0898888167991663,0.59889351573131,0.220506412995437,0.998261985562373,178,162,1,22,12
"333",299,213,9.37107112813577,240.505465742882,246.678047309449,69.5087354863742,138,0.351132383955302,0.0108161990351093,0.452896379525212,0.0143623973335994,0.974977175172688,61.7042,252.16098,1,23,1
"334",297,213,12.9770066521136,232.230393559111,233.4244184014,90.7039149711208,158,0.419703497677393,0.0147706586870467,0.310702117847205,0.0155222774456822,0.994884747489291,70.70071,265.14966,1,23,2
"336",299,210,13.6713071321958,209.433760411257,211.144717716717,86.6955169236301,137,0.457091986393718,0.0151884614121551,0.288051684162907,0.0124727575245778,0.9918967553441,95.5,259.5,1,23,4
"337",294,190,15.1118283777866,245.489307302783,250.080796397045,121.86929406894,170,1.79773314652654,0.557316393618951,4.20525686074687,1.55314233440614,0.981639977317678,57,254,1,23,5
"340",305,213,8.53076560994813,222.461232577724,223.38302411209,74.5777022814774,179,0.575586326819688,0.0664880229527598,0.760189008920127,0.151951592704077,0.995873493350577,85,246,1,23,8
"341",305,194,10.7524527819413,242.127704504423,243.282967193065,89.5319007409699,178,0.432762332220899,0.0189778593143028,0.476117929794381,0.0299272316795176,0.995251362222472,67.123474,239.17282,1,23,9
"343",294,181,6.94098342874258,231.698079405074,236.000582092957,76.5851873471518,128,2.1686055231994,0.644482083854972,4.51405907886197,1.539675299743,0.981769101373706,64,209,1,23,11
"344",306,195,4.82771298581189,148.526933584451,149.149191833586,26.3070322390676,99,0.201241190139025,0.00802215875835377,0.28770650093603,0.0131006983689124,0.995827947563881,158,207.5,1,23,12
"345",318,194,2.24574256589507,204.156802482798,204.949512764523,13.810498657206,160,0.174611820945831,0.0401765517855248,0.613931653605041,0.12338631528993,0.996132168010392,114,202,1,23,13
"348",303,198,1.81633428871214,229.558868422507,231.102600465422,1.57126883315659,169,-0.0400258201691599,-0.00281435000107988,0.271512093748846,0.0108690661397968,0.99332014421384,73.55647,205.27603,1,23,16
"349",316,185,2.1672042806499,242.27921611192,242.636739349129,21.0888972164169,192,0.099762504248502,0.00443095253800227,0.182281415630688,0.00904524583407026,0.998526508235449,73.89408,194.16199,1,23,17
"350",301,183,5.6658616929195,205.701787559252,205.959544816114,26.7134768980763,115,0.133928755959349,0.00359801432647112,0.0847805789077694,0.00260888594837887,0.998748505406284,96.303154,203.30829,1,23,18
"351",298,195,18.9331604355357,272.756759769579,282.087361651952,45.0114649071323,96,0.0634823728243874,-0.000997845850271092,0.439327055163407,0.0113135708167295,0.966923006306519,40,283.5,1,24,1
"352",312,232,17.0183376844755,270.899642538617,274.97973690612,45.9938291739874,99,0.103515191215778,0.000176530018745824,0.286266370496609,0.00750702031729907,0.985162199900949,52.962746,311.2863,1,24,2
"353",304,206,21.4286726846503,199.812412026881,206.953308934309,72.069815958177,97,0.574582970666698,0.0262899432699539,0.873760179969876,0.0471387149976818,0.965495130548046,118,279,1,24,3
"356",300,190,18.5457722427678,163.49006085998,167.618277841244,43.8112085488197,83,0.0274710552624424,-0.0121363983750358,0.771345461960373,0.0423728836827714,0.97537131967688,145,242,1,24,6
"357",281,204,23.1476005127105,221.317080226538,222.789401887352,63.9745002349063,74,0.285238024459405,0.00415664288831869,0.0855415838794279,0.0015369282692184,0.993391419662061,77.5,291,1,24,7
"358",316,183,20.1270016620796,289.158261165058,295.881194032329,70.4379709016367,107,0.154182081904075,0.00108599981994653,0.247724988733644,0.0052078339244502,0.97727826910643,44.5,282.5,1,24,8
"361",299,201,13.7545052046687,271.279376289463,273.697554210504,56.4279478350335,107,0.196765411341716,0.00387986211125351,0.181771732911112,0.00416486596256412,0.991164780671803,35.5,265.5,1,24,11
"362",319,195,1.86478525933901,215.113923305768,227.495604670318,41.6483150002564,200,0.357067982483349,0.0364303014392453,0.400302849172477,0.0644961068578086,0.945573975451118,104,202,1,25,1
"364",304,214,3.46822925891715,264.484404077065,274.275429181361,67.108507942914,265,0.424169913562348,0.0295859382419363,1.21712796000132,0.081435193750142,0.964302215719723,40,230,1,25,3
"365",318,193,8.16250946580934,250.032997822287,256.302014067599,157.466634327014,239,1.01985487131589,0.0823226507361725,0.848159541379735,0.069942861433386,0.975540511189047,70.5,228.5,1,25,4
"368",322,191,2.56550839608095,245.746312281588,247.761160632794,65.4731384208442,227,0.603181902166202,0.0551420479890317,0.712084074913546,0.0665513890264929,0.991867779654972,76.5,202,1,25,7
"369",319,213,-5.68236861785505,201.992574120931,204.842128035105,-49.8249575300287,319,-0.240644135372239,-0.0107500689400927,0.517035676940258,0.0248800069694581,0.986089024062056,118,193,1,25,8
"372",302,218,-4.60286826628594,236.763595174596,242.308648025647,30.3968967177985,183,0.62906542585681,0.071833535980385,1.2091677809611,0.116196394345986,0.977115745161255,66,199,1,25,11
"373",279,194,-5.00064459755843,200.764165129139,200.873108766203,-34.614736677655,129,-0.220129365631626,-0.0130583532955544,0.206482720143174,0.0210349951125621,0.99945764946969,79,176.5,1,25,12
"374",284,176,-5.92974876777574,208.113550736131,208.148902364766,-33.7129240365416,109,-0.185095587942583,-0.00809015471817357,0.0906769816607487,0.0101247678284037,0.99983016183014,77,154.5,1,25,13
"375",288,196,-4.48976337750523,217.166410846613,217.751318202416,-32.6900562448423,150,-0.168946231579732,-0.00884123026734823,0.306954987584655,0.0212651822969615,0.997313874558227,71.5,179,1,25,14
"376",278,169,-4.45577777240819,231.69115889675,231.936284530189,-24.8840352976199,132,-0.0890823447362591,-0.00214245563777509,0.137873038826389,0.00607168994414083,0.998943133740651,47.009106,151,1,25,15
"377",281,192,-7.09474916761103,234.797785338789,238.621111758568,-31.2506120877363,141,0.132842229471406,0.219076279935076,0.688058962464858,0.617483289266129,0.983977417624105,48,163,1,25,16
"379",254,222,17.7120120544845,200.504364042282,211.130537408451,220.286749151896,139,21.1633651370463,43.0947973219302,52.6579543303293,113.832453560832,0.949670125901251,63,283,1,26,2
"380",257,244,11.5413089947679,194.945193387945,203.325490259616,68.7226857224269,138,0.442714045683422,0.0210125898709226,1.03820227218217,0.0547343565534634,0.95878383541104,65.99646,283.00354,1,26,3
"381",322,196,17.0623105270647,253.197747602883,256.061467126922,113.147368715183,159,0.379136320255327,0.0105225143648443,0.275452190885725,0.0077193783033447,0.988816280886886,79.94644,270.29114,1,26,4
"382",290,221,17.8007041084959,214.257438610658,219.959301189746,129.606703843919,158,0.777100799404098,0.0407804705849774,1.18949499441092,0.0848840680013152,0.974077647327269,86,286.5,1,26,5
"385",229,252,4.9392155421262,162.603812993423,165.026645880407,62.8450586097768,116,6.33940416067854,9.3346841475524,14.5456570469966,22.8111887500199,0.98531853523376,67,266,1,26,8
"386",268,220,10.2413364477018,205.903268721565,206.939047912767,49.2712926921509,106,0.2915799904082,0.0105128083774237,0.362013817380824,0.0177351238704891,0.994994761976299,65.377266,256.60852,1,26,9
"387",246,199,-6.93663272022438,197.03457442909,197.696364867681,-35.2986927507279,106,-0.282241436625837,-0.010653702057411,0.381307333812868,0.018137742480305,0.996652490605812,50.407654,175.20383,1,26,10
"390",260,219,-0.117815593905818,205.493584438602,206.105827138702,-4.86826048256268,126,-0.0716091119962466,-0.00595896660500393,0.199179065281315,0.0140263860463956,0.997029474088147,54.50685,218.57745,1,26,13
"391",292,199,-5.78992265345795,143.733259894848,145.370773630229,-33.0802276807534,126,-0.258388398357358,-0.0101084628053499,0.380794284988856,0.0146791287802881,0.988735605552008,149,184.5,1,26,14
"392",263,175,-5.98221553885167,167.914412722672,169.498183034994,-32.6336705814104,106,-0.217362314223375,-0.00748395461872432,0.326843325713877,0.0122679146946628,0.990656122183949,96,157.5,1,26,15
"393",280,235,0.670095522224534,171.011695506477,171.443919960199,4.31931929730051,139,0.0476267425108002,0.0028103094568803,0.190314336379265,0.00871230436972325,0.997478916407054,109,237,1,27,1
"394",293,170,2.97670782634414,209.206496443434,210.063151693253,13.3040185507388,98,0.0746825129002935,0.00174256438493138,0.141502787480169,0.00337927501505173,0.99592191565768,84.07578,180.86409,1,27,2
"395",302,187,6.92905035969193,145.059470562938,145.142024003135,21.5902074530424,76,0.158058962461826,0.00354741310065332,0.0726433315780969,0.00215581014475589,0.999431223032998,158,204.5,1,27,3
"396",298,195,2.22396124038548,154.616460960662,155.611796608718,14.5120304964485,76,0.133853451507741,0.00471864841838709,0.263120073514116,0.00893533398214001,0.993603726261457,143.5,201,1,27,4
"397",294,216,14.1192559905498,180.371517997438,181.277432448836,54.2407555973452,87,0.302146713817164,0.0070411701597552,0.170771786387954,0.00442083073897097,0.995002607665168,119.07749,260,1,27,5
"400",322,203,1.13816347687538,199.348110717813,200.461078948143,9.42865147166373,149,0.0544345055219419,0.00188823920676136,0.324402210643046,0.0159333441962667,0.994447958495635,122.69122,206.95973,1,27,8
"401",308,164,-1.34436148107922,192.790012624984,195.083537132749,10.6514003458166,111,0.147811829312738,0.00694643367495009,0.286813104610443,0.0104816885977408,0.988243372344612,115.263054,159.47688,1,27,9
"402",287,186,-3.75539640866864,179.070337203505,179.627473380658,-6.04152927795073,66,-0.0131842809667569,4.43814840728956e-05,0.0648104304738434,0.000944938524360316,0.996898379926706,108.31417,174.27141,1,27,10
"403",307,168,-1.68468431789629,170.073513516949,171.224061403648,-14.7266648235084,109,-0.198528314586937,-0.0182323557737597,0.437175607215976,0.0402603824212834,0.993280454410049,137,163,1,27,11
"406",286,219,7.04576912486749,89.6771988857814,89.9916367921783,17.1790626021033,55,0.398189998789583,0.130184504587396,0.382619700632631,0.217305726151609,0.996505920798807,197,230,1,27,14
"407",303,182,-2.82896969513653,140.060810650743,140.845500824598,-12.0584434726722,98,-0.0904424415508704,-0.00270071881254961,0.225824547735392,0.00703399384415259,0.994428716790659,163.10988,175.08733,1,27,15
"408",254,204,5.79921762909842,128.658462605458,129.177956596743,30.5423254458533,138,0.181209760635894,0.00765737456929644,0.246042198636224,0.01110610620987,0.995978462541351,126,217,1,28,1
"409",279,222,8.97262661489639,115.412304370028,116.132747018314,52.0957310149787,128,1.16122788433136,0.617749430166268,1.86789831781132,1.46695236901019,0.993796386748927,165,240,1,28,2
"412",301,199,5.09368285316339,180.211681086438,182.535037062322,44.4277358019864,177,0.256141394175649,0.01144572219392,0.512527777054341,0.0274407716019331,0.987271725947658,121.5,215,1,28,5
"413",311,204,12.645420396533,159.878078547373,163.374325321464,95.2945256236135,137,1.05223691220136,0.104090639263381,1.37497629493389,0.207456389220346,0.978599778348213,155,239,1,28,6
"414",239,213,0,141,142.257674676737,4.28405860691716,105,1.20307920618149,1.05665979041525,3.12887230537203,2.59757305512793,0.99115917872554,98,213,1,28,7
"417",293,201,2.53355888839457,113.110565377422,114.830015313691,18.3628153612719,87,2.06105371990079,1.97055193628909,4.49212131272921,4.40258143960534,0.985026128128855,180,206,1,28,10
"418",296,216,-0.743539605375366,145.257131066294,146.371851588495,-5.517266644953,137,-0.0445836510484204,-0.00210838408422542,0.314521615399206,0.0128603064306215,0.99238432451251,150.7551,214.11502,1,28,11
"419",311,199,0.914216760448994,282.035901969944,283.42082655025,3.55784733502178,147,0.00271691631016158,-0.000241395677452929,0.223766964869484,0.00725670758817974,0.99511353982993,29,203.5,1,29,1
"420",302,216,7.59464336859144,257.256681157166,259.272180191496,26.2796545561251,138,0.0751010064333898,0.00162286294747658,0.217542621837497,0.00780192230647655,0.992226319719915,47,250,1,29,2
"421",315,188,1.51540790002213,283.59918899743,283.743415874671,8.619621991133,127,0.0299238352759705,0.000643765955594988,0.0441211221980045,0.000958725178776061,0.999491699651263,31.5,195.5,1,29,3
"422",305,190,10.6321434580657,281.838606298002,284.014210359896,67.2063399123417,118,0.692913041006524,0.083610800826385,1.37353134521573,0.199321933977584,0.992339805606426,28,242,1,29,4
"423",287,215,4.36993369351072,226.029757046779,226.961702978571,28.2352481121681,169,0.114810730986677,0.00440412410392696,0.262304963391579,0.0126065959995538,0.995893818562509,61.62734,232.22252,1,29,5
"424",325,177,13.3713319698919,313.498405099611,317.181430283542,87.3561890516784,178,0.252594350592558,0.0064297421419159,0.204503588037372,0.00510970713855118,0.988388269828285,20,249.5,1,29,6
"425",303,190,12.652556500558,251.097590589794,251.7521097393,80.9043827725603,120,0.62495199316474,0.0588802415702204,0.900031247096115,0.130869374712656,0.997400144331727,58,245,1,29,7
"426",294,188,5.01915158559011,228.992138082638,231.117700932188,25.1511791385594,178,0.0503841762093224,-0.000418385959427029,0.344211454454343,0.0153338669982663,0.99080311529157,65.88593,208.03423,1,29,8
"428",317,207,8.305676205556,276.904315603784,280.04746542732,69.2111855079957,148,0.511617681069383,0.0414302232501153,0.977388219237817,0.101196741262766,0.988776367539195,43,247,1,29,10
"429",287,203,8.55354270257181,248.766959220874,252.374441343829,92.4600911101298,179,0.871363989561671,0.128316377333348,1.90547974702185,0.359159366923702,0.985705834141739,41,240,1,29,11
"430",225,225,-1.17693914310984,200.455514786374,202.281308877066,-6.35722233568093,178,-0.00699779694040578,0.000970755314425035,0.357621948103928,0.0173433279805278,0.990973985185149,24.586775,220.88264,1,29,12
"431",312,135,16.7095017397748,305.795410167104,309.359047205759,177.147417374108,223,0.626836401740579,0.0264691588445639,0.413880312071412,0.0211542484780273,0.988480579214206,19.116854,222.9221,1,29,13
"439",307,175,3.5289868468188,282.551908093342,284.792811013364,29.5088601371488,194,0.10666423607335,0.00373162697210303,0.367005527718578,0.0158305752562293,0.992131462476007,24.983871,192.39206,1,29,21
"440",307,171,7.36474624498265,296.445610525776,298.01702260119,60.4158488515765,169,0.287338421631484,0.0144930941864787,0.468034331782142,0.0326167820277313,0.99472710631863,13,209,1,29,22
"441",315,161,10.0869928436689,294.045064573443,294.371129854415,70.8543918431932,169,0.257948005918366,0.00906104992414193,0.146273468396738,0.00847718987612354,0.998892332678364,25.5,212.5,1,29,23
"442",303,171,11.0361663276841,287.313417716611,288.056009242481,70.185347580918,137,0.312583839609245,0.00946696985395146,0.266892146438509,0.0115039084438578,0.997422058550966,21,226,1,29,24
"443",280,209,2.11133062557602,217.147415365691,217.463930868954,10.7840899125503,106,0.0526329682428568,0.00133243610337789,0.0980349012036097,0.00270057602878153,0.998544514936348,63,217,1,30,1
"444",315,228,-0.479451398796568,239.008368054342,240.070186715367,2.74451248892985,138,0.101448766243964,0.0118092597129285,0.263381462338887,0.023732965979655,0.995577049047395,76,226,1,30,2
"445",321,171,13.2750770759626,237.34205274245,237.70378539103,49.7939825521409,97,0.216050635559562,0.00404444140211427,0.0609543408147503,0.00168476831128706,0.998478220916907,90,225.5,1,30,3
"448",325,200,1.7727252951849,210.464168216643,210.491315508601,6.13567075594279,106,0.0285462365717888,0.000575738094156052,0.0302207080038143,0.000693284866466242,0.999871028921586,114.63656,206.5107,1,30,6
"449",303,196,-2.99217952887854,191.572166284093,192.631975299252,-13.7769262461854,106,-0.081039908044244,-0.00189283631401456,0.162067960354129,0.00370690996813685,0.994498270531085,111.68901,186,1,30,7
"450",278,200,2.85592526917115,220.774205920891,221.085388290284,12.9438735663499,105,0.0533779185404058,0.00110841571795796,0.0675471523480224,0.00137934427472414,0.998592478807397,57.5,211,1,30,8
"454",267,186,-4.97589098350887,201.760377676094,202.693023168597,-24.4055740320392,88,-0.14939847929829,-0.00369860212356674,0.177804795195101,0.00474562521592651,0.995398729182072,66,168.5,1,30,12
"455",254,165,-0.707319368544257,162.012345208629,162.898169588078,-4.84400093148546,86,-0.0435311687671256,-0.00146170953328133,0.212395594522644,0.00616040262617795,0.994562097403003,92,163,1,30,13
"456",311,135,-3.02501190756369,246.343256453267,246.952561609832,-36.4968307201836,174,-1.34270658003584,-1.08857436965893,3.64608544837641,3.24545731456895,0.997532703639139,65,122,1,31,1
"457",260,167,-0.613080085551374,225.151034288981,226.175214784946,-7.47114263218265,137,-0.0685859911743468,-0.00343543925786459,0.253241293136581,0.00998078358539954,0.995471738594617,34.861855,164.59087,1,31,2
"460",318,159,-0.507029060914776,282.511061730333,283.6963509744,-16.0432588353032,177,-0.142260056654673,-0.0105389243013594,0.390166500199495,0.0265825190955535,0.995821979239436,35.5,156.5,1,31,5
"461",222,111,12.0252796096353,172.791782212002,175.255558316652,114.018258402601,169,1.67430793872339,0.500156068631,3.7504634241948,1.44579291401639,0.985941809045516,53,147,1,31,6
"462",235,183,-1.22539130237411,187.04277585622,188.243286517395,-13.859651996997,158,-0.589631999197923,-0.312780154850512,1.64210855354339,0.884813872645607,0.993622557896295,48,179,1,31,7
"465",293,107,8.63597811772681,174.513018448016,175.751895216973,55.8676537729304,169,0.362134442440624,0.0147705841616797,0.314899120157246,0.013402685975523,0.992950990557299,120.46556,133.20421,1,31,10
"466",296,130,-1.97493401088198,232.137890056751,232.994957418461,-15.4078373613925,212,-0.0766446307787227,-0.00346933360939309,0.211932580118178,0.00956055407550066,0.996321519696365,64,122,1,31,11
"467",280,147,-0.263427015153079,217.502298838426,219.988989681789,3.29732759560634,192,0.0332805719386601,0.00167598470396304,0.433918282358298,0.0197453858235496,0.988696294087445,62.5,146,1,31,12
"468",318,179,3.44581608437586,142.096638653077,142.210406501616,15.023793826012,148,0.097381140945498,0.00330408794415215,0.10518422024021,0.00409243195502292,0.999200003351814,176.16026,187.54066,1,32,1
"469",290,190,5.57375072681545,123.687413870162,124.104568507688,19.2886899259064,117,0.142020080948177,0.00439708967524485,0.177660811688768,0.00618462522440763,0.996638684276157,166.89738,202.01338,1,32,2
"472",283,178,12.5288077091515,101.414989030222,101.557673750345,61.8405482744724,148,0.72350431876925,0.0527293160219395,0.406539357447492,0.0601335714670369,0.998595037530355,184,200,1,32,5
"473",321,166,-0.794692736946852,144.200680227162,144.998031307848,-3.17480903092983,180,-0.00283025730959139,0.00124038938428023,0.310721702695311,0.0145196757201287,0.994500952368148,176.81319,164,1,32,6
"474",311,142,9.38914756133125,128.724512040248,128.8524182966,54.9466280085625,116,0.535810583461664,0.0511960184213546,0.337252099699642,0.0821296827320519,0.999007342989422,184,163,1,32,7
"477",298,175,1.40226807665576,204.317208541621,205.270804953621,-4.28388408530017,137,-0.105910806314743,-0.00729371094974417,0.333392294579004,0.018000013144193,0.995354446959882,93.74398,180,1,32,10
"478",271,151,6.30544597726862,182.101619981811,183.624644012515,39.3128494432631,137,0.442581155480899,0.0727625160566954,0.97963655798908,0.19043781083871,0.991705775448092,90,171,1,32,11
"479",275,196,17.3156355100038,178.070210872004,178.891147440852,65.8099670040333,87,0.915107863166769,0.0953374472168529,1.28132707495713,0.178057159470979,0.995410971528821,105,249,1,33,1
"480",275,198,10.9839480740692,214.110159272165,215.28920724797,47.0654724926467,120,0.214332698099335,0.00542676670562626,0.176136689920942,0.00464941307854327,0.994523422744329,64.81221,238.79526,1,33,2
"483",292,172,13.8971763150154,199.849943707773,200.498877170294,66.0370516301707,119,0.341234169697695,0.00942378804901356,0.14357846350867,0.00571674859370099,0.996763406001671,98,220,1,33,5
"484",208,196,9.35046681885148,119.862813278844,119.945154606315,28.2885713117285,89,0.240486058494448,0.00620313603357702,0.0833553874888084,0.00282088471644767,0.999313508513607,89.729805,215.47447,1,33,6
"485",309,164,13.6192042855275,216.590050556345,217.8798049243,53.9948585064286,137,0.231308045769606,0.00577630989216162,0.132486432856738,0.00443000382694625,0.994080431784839,98.5,215,1,33,7
"486",247,168,10.4631428367981,178.793541091998,180.077863601278,41.0054972302956,119,0.239180743384662,0.00598259214623921,0.135210866681429,0.00364338741433089,0.992867960094621,71.17945,200.46944,1,33,8
"489",260,170,8.49855887949368,219.914756212492,220.047566535044,44.9456732791446,119,0.281266848086743,0.0118627746610987,0.225147369613004,0.017079991381668,0.999396447210741,42.5,202.5,1,33,11
"490",255,202,6.58094058606417,136.638609390663,136.883410062745,20.116768643097,89,0.152412149144853,0.00352781368692462,0.0943005816208124,0.0024173580381683,0.998211611823738,119.26171,217.6597,1,33,12
"493",309,127,27.0104904398196,230.098348538185,232.079660286066,102.136624177409,117,0.484727516231548,0.010210100183984,0.22773164852844,0.00666678784639999,0.99146279451875,104,231.5,1,34,3
"494",258,234,7.25703404041597,134.578044271716,137.984975653066,32.3617437873954,117,0.215052189054634,0.00729281825101688,0.448888697530984,0.0151626673688124,0.975309403322894,124.5,251,1,34,4
"495",280,245,8.78116273438546,124.458828533777,126.458742951043,52.5593944956204,105,4.18241645048627,3.83454832082861,8.83772815512843,8.55900482953236,0.984185241995959,157,264,1,34,5
"498",299,239,14.97832965088,236.019067026374,238.401160560014,59.5378234985139,105,0.264223481863667,0.00493442230199632,0.22125464723644,0.00506678844342118,0.990008045564694,71,300,1,34,8
"499",286,250,-4.28287846524613,113.817836914958,115.628654324457,-26.9562307379278,105,-0.289513062656137,-0.0154724226818655,0.587986098407465,0.030465626833324,0.984339371412058,172.5,241.5,1,34,9
"501",291,190,14.7992795813075,101.529281421589,101.563486917144,29.1513974284974,54,0.289010490502101,0.00585977667996217,0.0188769221590144,0.00160355789567631,0.999663210701078,192.83879,215.93399,1,34,11
"504",274,220,15.3128183608063,87.091905479212,87.0943743170137,30.004026108202,54,0.51245818281737,0.0237342441539911,0.40635721345188,0.0289513853413134,0.999971653303431,190,243,1,34,14
"506",295,169,10.3941469021922,133.85826663591,134.958124518017,23.9065278212938,65,0.144534764876352,0.00282395759656624,0.133529242549969,0.00246007585757862,0.991850376655466,163.33836,193.15053,1,34,16
"507",301,189,-6.40258558223149,110.00990410414,111.768280349107,-28.8322673843279,99,-0.286903831097893,-0.011347003502817,0.445031407432178,0.0169253963507549,0.98426766306617,191.67624,176.73238,1,34,17
"509",266,201,24.1169253456056,203.168160522743,204.992712674056,65.5993865880102,66,0.314139788732182,0.0050674031181625,0.0713098512396396,0.00203192035317423,0.991099429206474,80.565674,284.01453,1,34,19
"511",298,216,10.2862248712875,141.599395863034,142.646830234005,25.3934687360822,88,0.151582809381829,0.00281736917628126,0.136830034906974,0.00244216638081649,0.992657149343926,158.67639,241.28479,1,34,21
"513",267,189,16.3811205859431,116.082866899298,121.229583976508,45.4533539968477,96,0.373073868167938,0.00982432713667388,0.4849090258991,0.0135033904583661,0.957545700410826,155.62929,221.73831,1,34,23
"514",253,171,3.17983011986423,108.16653826392,108.16653826392,3.17983011986423,88,0.0293975398575264,0.000271780352125148,0,0,1,145,177,1,34,24
"516",285,189,0.967190948029874,256.934521763479,264.295462124943,-36.0641409966746,131,-0.540958793044691,-0.0274534675952707,1.16570293133381,0.0560842591004777,0.972148820481889,28.102085,193.33702,1,35,1
"518",315,159,12.7059975381771,245.512219655153,246.016621398822,64.5942603065355,128,0.373587450823653,0.0141243879424723,0.344891688769768,0.0200236367558809,0.997949724938089,75.5,213,1,35,3
"519",255,138,7.62203577105253,207.331859587474,207.537520906112,42.8266132854769,88,0.370907561319158,0.0221130592949217,0.369457258724128,0.0321814793981341,0.999009040303942,49.5,165.5,1,35,4
"522",297,129,2.24086549921353,230.17601960239,235.10628057206,67.2636813561354,138,4.05226124317932,2.63177131691415,10.2114046207089,6.9419247504653,0.979029650089852,67,138,1,35,7
"523",277,138,-4.50805128069173,216.287235097829,216.759438551194,-19.6382973598749,131,-0.0552574953439036,-2.82039319498962e-05,0.159439527891383,0.00746283716186283,0.997821532217828,61.381893,121,1,35,8
"524",303,140,5.1478848241363,222.899080303172,224.13534056343,43.5680244624941,180,0.249283306550985,0.0139732186502575,0.296860758908105,0.0192698710432944,0.994484313552918,81,160,1,35,9
"525",308,116,10.4734151695679,288.81178992555,301.643711838916,96.9536295101236,180,0.46764966864681,0.0171103521171589,0.54289110977418,0.0235409903387885,0.957460005265354,24,168.5,1,35,10
"527",314,144,6.40319565664172,251.066226322857,256.265385111033,33.3690566169678,138,0.122074194763535,0.00287103603300221,0.331466313484685,0.00874621216894439,0.979711817942468,64.5,172,1,35,12
"528",286,124,6.86956767176225,218.645714987913,224.38864803345,109.507006393903,159,1.28061165181381,0.134807554585148,2.3495413719196,0.255976916234337,0.974406312013251,68.92394,150.15211,1,35,13
"529",302,140,10.7726476482207,230.054341406547,231.195887916981,95.4586303066223,143,0.623844525396949,0.0414048120930515,0.710286360312503,0.0673289074249325,0.995062427274468,76,183,1,35,14
"530",327,175,14.4600602743508,262.309454652325,263.081185808864,150.494388395063,213,0.629877741075655,0.0279701606359142,0.337448430487561,0.0232058742857894,0.99706656652711,73,240.5,1,35,15
"531",310,211,10.3589194401328,198.076859335595,203.279169615103,99.3606602087891,152,0.690944269015157,0.0347923034409332,0.849970078863039,0.0470419776073634,0.974408050321348,115.151665,246.61697,1,35,16
"532",303,189,-3.59232984624933,223.439029715043,228.592699431958,18.4116486952932,179,0.894046257531881,0.203893120287218,2.33054313428788,0.546922274934583,0.977454793045793,80,175,1,35,17
"535",306,161,-5.5965434657614,199.953119505548,200.152591563531,-44.8935177328739,142,-0.251879880007367,-0.0130489948161919,0.181036001527157,0.0154444578502151,0.999003400073792,107,141.5,1,35,20
"537",321,153,-0.93919094573558,183.024588512036,190.102284317444,44.3214410522795,193,0.843459648742287,0.138531454631637,1.82682501410502,0.324800126292684,0.962769012319762,138,150,1,35,22
"538",286,130,2.68377515946898,192.210821755696,193.754237848328,53.5117158217814,235,0.787269932489514,0.216411079466262,1.34666503912209,0.574681102949922,0.992034155692428,94,139,1,35,23
"539",304,131,0.238717504649679,247.580978868893,255.163977281137,25.775243199417,194,0.22790973239147,0.0148503410817012,0.596919366033573,0.0287171578890322,0.970281861518843,56.42117,132.03152,1,35,24
"540",287,144,-3.62546468323799,181.863960146039,185.953812659801,31.5430703930286,154,0.779712598175026,0.102742843516789,1.51679150422552,0.167275011831527,0.978006084117002,105.5,132.5,1,35,25
"541",273,145,13.3145075143527,244.088543526976,250.559089570794,134.794735949411,194,0.558888127189031,0.0241134326516538,0.700319321043424,0.0337436647871021,0.974175568506006,35.472412,201.21265,1,35,26
"542",307,187,11.0276895377494,258.778380086127,268.969094786239,47.3486516320466,104,0.150445229805246,0.00230876648974662,0.416356020158004,0.00926457538683135,0.962111949299562,53,236.5,1,36,1
"543",315,183,14.8454520820838,257.598524840497,264.24872495053,91.5531016962545,107,0.840570181123413,0.0624352784948768,1.42437216529683,0.132085031215064,0.974833558378463,66,249,1,36,2
"546",313,182,16.5787907754731,205.023169422385,206.379472142252,81.018361258058,98,0.415638035898915,0.0114308645998351,0.259668980968557,0.00853213231331596,0.993428112274016,116.5,240.5,1,36,5
"547",321,198,12.1105977676544,126.311123817342,126.92921089916,47.6889502889699,105,0.373133356952702,0.0117743503675132,0.188009990633557,0.0058466742465591,0.995130458328395,197.5,224.5,1,36,6
"550",317,175,17.7501713159129,198.447096224661,200.187310456209,70.7891718554809,104,0.405290508718177,0.0102627906179081,0.332970636873915,0.0113420745175794,0.991307070225473,128,235.5,1,36,9
"551",292,168,8.68252388126823,102.676677001157,103.030789195968,31.5096988640882,86,0.288076056017612,0.0109167908503478,0.270267282837316,0.0121675491373011,0.99656304491527,190.5,183.5,1,36,10
"552",283,166,12.1736225186198,253.705045278962,259.732361856157,75.1451493128156,159,0.263673361871768,0.00671148711018724,0.32078325304098,0.00864540344749792,0.976794125560165,35,219.5,1,37,1
"553",290,168,10.6337744921121,249.280965980157,258.791409682281,75.3513147983655,158,0.365533593904802,0.0165800317492989,0.390024092357556,0.0257785786721649,0.963250543308989,45,214,1,37,2
"554",289,158,7.96961039432136,151.462866736372,152.947321387485,65.3193398667179,148,0.588261340668364,0.0433784380030506,0.861483450159772,0.083317568282703,0.990294340315043,139,179,1,37,3
"558",283,138,5.90168002615448,198.34722946833,198.566012511054,27.5556276181336,120,0.135343865358304,0.00345924627204663,0.0889022258699664,0.00256996339682864,0.998898184840611,85.70405,158.3944,1,37,7
"559",315,185,6.57762109802405,253.166447223956,254.775328457819,61.3653005163085,192,0.305285244240746,0.0169656326496703,0.363110772849279,0.0274601660258474,0.993685097989659,63.5,214,1,37,8
"562",307,159,10.7831202844425,300.127501812129,301.950703909216,45.1619471086087,159,0.126362829384137,0.00260471763496115,0.0965110081700567,0.00243589034404376,0.993961921355098,12.172026,215.15143,1,37,11
"563",309,172,11.4109831267654,222.396043130268,225.058618148195,63.2247344155256,170,0.333379137226944,0.0153972505470166,0.422997262904062,0.0232227230943243,0.988169415417923,91,216,1,37,12
"564",284,178,15.575086894932,194.78110169444,194.985108697868,126.404998712122,169,0.672523723979264,0.029181052559268,0.172356477329681,0.0104392113944907,0.998953730339765,96.371376,230.29892,1,38,1
"565",284,204,11.3591133885621,228.475381605984,229.074262481479,129.728388670799,203,1.2042132579058,0.339943660401151,2.26671783829212,1.03877900702284,0.99738564747952,60,249,1,38,2
"566",301,204,-1.40879937931613,172.975275973009,176.959584016623,-10.7680069282468,204,-0.0392454157571397,-0.000447435406614584,0.638165957023894,0.0332659455750797,0.977484643932934,128.07701,199.74728,1,38,3
"572",299,192,17.3047362415684,204.59520343563,204.910491391905,124.833372107489,143,0.655376831372374,0.0249488905869614,0.244326138079503,0.0131755378081729,0.998461338147534,103.66555,252.85762,1,38,9
"573",319,214,8.17682355568927,260.144671288881,264.46021762925,79.2454119842125,193,0.505288640834264,0.0409592739981925,1.2237643840353,0.118196057366465,0.983681680446854,61.5,251,1,38,10
"574",307,194,-0.151081791033305,252.894373200454,253.195672913529,6.47746719842279,127,0.0564221520342089,0.0020059994226812,0.0823963976186547,0.00277675836984795,0.998810012392362,54.106506,193.33315,1,39,1
"575",313,191,-6.39049531464698,251.56311335329,252.942110095874,-42.3331608418564,127,-0.299067743334779,-0.0189527791214172,0.494019958779507,0.041331226243393,0.994548172536152,63,163,1,39,2
"576",299,186,-15.2965473144301,242.594311557382,245.358740980208,-164.360522032137,204,-1.41871262351495,-0.120251164861116,1.67926598666588,0.169135542844668,0.988733112128866,65,122,1,39,3
"577",296,168,-7.62907178621985,274.93362835419,279.611812585161,-106.76812958218,171,-3.55210913259946,-1.17257169239711,9.11415753582066,3.09695976671868,0.983269003595671,23.5,131.5,1,39,4
"578",296,175,-2.45968224587109,241.287888200048,244.662184700703,9.61139909978136,160,0.111041338489801,0.00398924398587945,0.187396063887817,0.0057493585134992,0.986208344764095,54.934418,164.6448,1,39,5
"581",330,181,-4.09712811698227,209.944515467265,210.798035475636,-26.8178011973365,169,-0.141214215722671,-0.00452486271564371,0.195324853177698,0.00647004809829533,0.995951005869459,120.592026,166,1,39,8
"582",316,189,1.82312279867921,188.595466541484,189.527408492891,27.4609796257115,159,0.301324495829601,0.0162078962871957,0.293246461882982,0.0174582450204914,0.995082811721967,127.5,195,1,39,9
"583",310,185,-6.19280713821854,252.862978298347,254.901934037478,-51.2951203667343,205,-0.378759457618512,-0.0311541861577221,0.890400732973486,0.0848504870234837,0.992001018953308,58.6126,157.72252,1,39,10
"586",304,168,13.9444969018057,151.463692018913,152.33820907731,112.110022275091,245,0.764249394108307,0.0428434209601657,0.477019619576394,0.0320975589568243,0.994259371541166,157,204.5,1,39,13
"587",324,189,-0.0480416421571432,176.592362077228,177.534734096181,4.75695363417721,236,0.0457152322295337,0.00272292112070566,0.182491706224055,0.00821415260901415,0.99469190058075,147.4077,188.85193,1,39,14
"588",305,221,20.8250060226854,120.341165486748,121.720188918541,52.0894306449469,87,0.576050059142229,0.0253638824694639,0.775008762031731,0.0411929012369115,0.988670544762989,192.52065,263.78308,1,40,1
"590",273,195,18.2019051013211,272.116243543086,280.950858056604,36.5638765009642,83,0.00354534040474376,-0.00254925292443951,0.291725518449695,0.00610634537363862,0.96855459145194,14.5,280,1,40,3
"594",304,212,22.7509763427876,252.116044709574,254.485781701195,58.5570231303748,91,0.258612710311934,0.00421624863654666,0.146940088770208,0.00380698120518715,0.990688135990233,71.5,309.5,1,40,7
"598",197,224,24.8776111945285,136.683027475982,136.80425951432,70.4128431244706,73,0.651691008515834,0.0251145738023635,0.373391328318833,0.0301349326761145,0.99911382848189,73,281.5,1,40,11
"599",286,241,25.1640749732943,82.3119067936104,82.3153878646455,50.7495517872427,53,0.721033977109191,0.0232649233122145,0.39808357373915,0.0218875650517656,0.999957710567544,211.5,276,1,40,12
"600",272,228,10.8905746962203,214.36067736411,217.280311753906,43.0528974891582,120,0.218510214081681,0.00480885881813856,0.31659765550371,0.00821062812622404,0.986562821241242,61.5,268.5,1,41,1
"601",294,209,27.594205981384,186.741800355464,186.837639069924,84.0227356635792,114,0.482433390869604,0.00874206915084503,0.176249919420415,0.00542844081206565,0.999487048140101,128.5,295.5,1,41,2
"603",317,178,27.1038670749608,71.3337227403701,71.3351629269414,53.9149269571479,62,0.87323837505962,0.0322665053734653,0.445175804376111,0.0295055818099791,0.999979810986445,253.5,210.5,1,41,4
"604",288,176,26.8405095332132,186.043005780922,186.336319394883,64.9127265762048,83,0.808467159083499,0.091060707936282,0.689585354989277,0.142801852048744,0.998425891340379,122,260,1,41,5
"607",304,202,15.9453959009229,229.323461512336,232.43867075978,88.8487073868386,137,0.426950395419058,0.0188753934735093,0.430141720108888,0.024834204375592,0.986597715271471,83.5,265,1,41,8
"608",301,138,26.6922336086175,201.470221124612,201.61598729665,105.225291978776,110,0.635246685327534,0.0176795710653628,0.290174269794842,0.0135785171556562,0.999277010846247,121,228.5,1,41,9
"609",183,174,20.2583559368597,168.95117637945,169.966125330667,22.1790274906476,139,0.0715608893341108,0.000461784078174595,0.10120238023178,0.00065306130624247,0.994028522158503,24.5,232.5,1,41,10
"610",325,191,24.4844751269235,234.047003826155,234.565664781396,160.443405352079,169,1.18361062852904,0.171560638563793,1.46004171786155,0.406593356788326,0.997788845372043,112,288,1,41,11
"614",270,203,21.6055272426385,217.264815375155,217.264815375155,21.6055272426385,203,0.0994432863201153,0.000457705432646354,0,0,1,68,283,1,41,15
"615",306,201,13.4243700550323,249.825939405819,249.825939405819,13.4243700550323,181,0.0537348927295561,0.000215089325221224,0,0,1,63,259,1,41,16
"618",295,177,9.49647766121555,275.779350205921,278.863110372727,56.0137440475473,181,0.252888958074028,0.00757712943607764,0.408696649313477,0.014814642870398,0.988941670475221,23,222.5,1,41,19
"619",274,216,17.9352889940583,108.786488131569,109.688685962781,62.0263179451511,109,0.496107198373308,0.0160556633923147,0.36012724743153,0.0124209379212185,0.991774923518382,170.5,249.5,1,41,20
"620",310,196,27.1965422134405,223.173139064718,223.777306137844,153.54654719015,137,0.816227726171519,0.031742371737043,0.342580586693657,0.0254232715791581,0.997300141450653,111.5,298,1,41,21
"621",219,231,33.0145858809203,129.3928127834,129.404058081223,98.3278489645258,191,0.873430847432585,0.0268507310058584,0.400728122055982,0.0239439123933218,0.999913099341787,110.5,301.5,1,42,1
"622",289,181,14.8568696199417,264.379985364324,266.457488635219,59.4859755086006,140,0.198138261144574,0.00370435377655967,0.1158073564821,0.00279023529719664,0.992203246823591,33.458405,248.78842,1,42,2
"624",320,197,16.1519407146309,285.780510182203,286.523409501885,107.546156403609,191,0.757871315537812,0.0578053929288179,0.915725621443066,0.104392336291777,0.997407195031728,45.5,276.5,1,42,4
"625",266,281,2.66300076606714,107.616216250154,108.030287270535,7.32510577920945,143,0.19374261690142,0.0841839449712618,0.840810230951135,0.247088920934681,0.996167083964672,158.5,286,1,42,5
"626",303,222,-4.19090752732528,232.62201099638,234.457738708129,-50.3155884615101,185,-0.18311102639512,0.0105741197916709,0.509499984024092,0.0874886791877215,0.992170325782957,71,205,1,42,6
"627",276,239,6.3694392061123,216.335387766311,216.807520568679,31.7082730230712,191,0.112005396836888,0.00297748582208514,0.107527666825345,0.00324858488554295,0.997822341212473,61,263,1,42,7
"630",311,167,15.1342781300188,291.09620402884,291.655990712863,140.417063570209,256,0.543112622991156,0.0206783314947946,0.25363651787947,0.0161694026501431,0.998080661114983,30,243,1,42,10
"631",281,222,13.3868600700624,235.395943040657,240.210221108474,5.3847871122166,170,-4.62257675732452,-2.56581138822333,10.9080422294726,5.75150124969415,0.979958063209793,52,276.5,1,42,11
"632",314,176,17.0386394998141,266.76772380048,267.893779382106,146.125043963484,255,0.77087822972446,0.0715569990460047,0.728549263879533,0.154784873864691,0.995796634083016,58.941414,254.16736,1,42,12
"635",316,221,7.47986291269555,280.385894795013,280.723759809593,50.4185449306316,190,0.260208454014805,0.0113114727714782,0.25778554935214,0.0146407769798298,0.998796450237026,38,257.5,1,42,15
"636",313,206,10.3628102393652,265.234143802165,265.967429982103,57.3965935604677,192,0.258935110551223,0.00890301700756885,0.209474526264388,0.0106361840152588,0.997242947454176,52.09224,253.7105,1,42,16
