1521886457.61700,-0.01300,0.00800,0.03400,14.36300,48.85900,5.45300
1521886457.64400,0.01600,-0.00200,0.00300,14.29900,49.01700,5.32200
1521886457.67000,0.00200,-0.00400,-0.02700,14.14500,49.08800,5.16700
1521886457.69600,-0.00700,0.00900,0.03600,14.00100,49.03600,5.06800
1521886457.72200,0.03400,0.00800,0.01500,13.71800,48.96000,4.87700
1521886457.74800,0.00900,0.01800,0.01700,13.48100,48.90400,4.75500
1521886457.77600,-0.00800,0.01300,0.03600,13.05900,48.81000,4.57000
1521886457.80500,-0.00300,0.01200,0.02700,12.58900,48.75600,4.38400
1521886457.82700,0.00500,0.01300,0.01300,12.18900,48.74100,4.20200
1521886457.85400,-0.01100,0.02100,0.02900,11.50100,48.81200,3.93400
1521886457.88100,-0.01700,0.02500,0.03200,10.94200,48.88300,3.73400
1521886457.90600,0.04200,0.04200,0.04200,9.93000,49.07700,3.35900
1521886457.93200,-0.01400,0.05800,0.04900,9.14800,49.02500,3.09800
1521886457.95900,0.03400,0.04300,0.07600,7.82400,49.33600,2.71000
1521886457.98500,0.02500,0.04100,0.06100,6.37500,49.81000,2.12700
1521886458.01100,0.07300,0.04300,0.14000,5.31500,50.31400,1.63400
1521886458.06600,0.15300,0.06700,0.17200,3.45100,50.93000,0.87800
1521886458.06700,0.24300,0.24800,0.27200,2.10700,51.05700,0.34600
1521886458.09000,0.16000,0.36500,0.22200,-0.02800,50.72500,-0.38500
1521886458.11600,0.22100,0.30100,0.48700,-1.91200,50.47800,-0.74800
1521886458.14400,0.23700,0.24500,0.67500,-5.47000,49.95400,-1.22300
1521886458.17000,0.20600,0.21300,0.41500,-9.71100,48.04300,-1.35100
1521886458.19500,0.52200,-0.12100,0.53200,-12.43700,45.79700,-0.83100
1521886458.22100,0.73100,-0.48300,0.51500,-14.89500,37.59600,3.08800
1521886458.24700,0.40200,-0.75400,0.84000,-15.76400,27.71700,8.69100
1521886458.27300,0.26000,-0.75000,0.78500,-15.52500,22.75700,11.57000
1521886458.30000,0.20200,-0.75200,0.71000,-14.25700,18.05600,13.84800
1521886458.32800,0.01100,-0.54900,0.64800,-12.81000,16.13300,14.32900
1521886458.35400,0.17900,-0.37800,0.43300,-9.83400,15.18800,13.55400
1521886458.40900,0.16200,-0.24600,0.44100,-7.31200,15.48600,12.38200
1521886458.40900,0.30600,-0.11600,0.32000,-2.75000,16.51100,10.34400
1521886458.43100,0.24700,0.12200,0.26800,2.74100,17.06500,8.51900
1521886458.45700,0.24200,0.15900,0.25700,6.69400,17.19300,7.48500
1521886458.48300,0.03300,0.27900,0.09000,12.93800,16.87300,6.10000
1521886458.51000,-0.28900,0.50100,-0.18200,17.19000,16.48900,5.28100
1521886458.53700,-0.56100,0.24500,-0.52000,23.16100,15.50300,4.24000
1521886458.56300,-0.76700,0.23700,-0.90500,28.70800,13.81700,2.88500
1521886458.58900,-1.21200,0.08800,-1.07100,31.67500,12.57700,1.98000
1521886458.61700,-1.57200,-0.39200,-1.26900,34.08200,11.76100,1.52100
1521886458.64100,-0.83900,-0.31100,-1.93700,34.32000,12.40100,2.55100
1521886458.66700,0.40200,-0.46900,-1.32400,31.28400,12.87600,4.21200
1521886458.75500,1.78500,1.67800,-0.99500,30.14800,9.80000,3.27400
1521886458.75500,-1.75700,-0.76400,-0.81000,25.56900,5.14200,3.94100
1521886458.75600,-0.52400,-0.33400,-0.15000,22.98000,2.56600,5.64600
1521886458.75700,-1.14000,-0.49700,0.54100,21.69100,2.05500,7.24300
1521886458.77500,0.17600,0.14800,-0.34600,20.21800,2.84400,8.12300
1521886458.79900,0.08600,-0.15400,-0.09400,19.34400,3.27000,8.12500
1521886458.85300,0.03000,-0.03700,0.01000,18.93400,3.45300,8.74700
1521886458.85400,-0.27000,0.04900,0.12700,18.76000,3.11700,9.32000
1521886458.90600,-0.17300,0.03000,0.09800,18.42600,3.55300,9.58400
1521886458.90700,0.13100,0.02400,-0.07600,17.61100,4.70000,9.71300
1521886458.93000,0.02100,0.02700,0.17400,17.14400,4.95500,9.87000
1521886458.95600,-0.17000,0.05500,0.18400,16.33500,5.09500,10.53300
1521886458.98300,0.15700,0.03600,0.06100,15.44400,5.34600,10.99900
1521886459.00900,0.04900,0.10000,0.08200,13.87200,6.36600,11.73800
1521886459.03600,-0.04900,0.07000,0.14400,11.93900,6.42400,12.88500
1521886459.06100,-0.12500,0.07300,0.14600,10.49900,7.11900,13.73200
1521886459.08800,-0.10600,0.06300,0.14500,8.31900,7.96200,14.95200
1521886459.11400,0.08400,0.16700,-0.07400,6.87600,9.33500,15.73500
1521886459.14000,0.47700,0.31800,-0.10800,4.38700,10.51200,16.77600
1521886459.16700,0.22500,0.41900,0.32000,2.50800,11.51000,17.67300
1521886459.19200,0.34300,0.49200,0.49000,-1.04800,12.17800,19.23200
1521886459.21900,0.62000,0.57700,0.78900,-5.91900,13.43400,21.01000
1521886459.24500,0.96300,0.47000,2.02700,-9.81700,14.73600,22.20800
1521886459.27100,1.06600,0.63700,1.28900,-17.33500,18.12200,23.96900
1521886459.29900,0.98900,-0.13100,1.68400,-23.50200,20.42400,26.04100
1521886459.32400,0.87000,-0.46700,1.15100,-33.38300,24.20500,28.14900
1521886459.35000,-0.21200,-1.17900,0.01200,-40.25400,26.60200,28.50500
1521886459.37600,0.08600,-1.09300,0.19900,-42.48000,29.43000,27.98000
1521886459.40300,0.81100,-1.14100,-0.15800,-41.53800,32.79600,25.67500
1521886459.43000,0.49700,-1.16500,-0.15000,-39.28300,34.28400,24.79900
1521886459.45500,0.20500,-1.05300,-0.01600,-35.23600,34.67300,24.44800
1521886459.48100,0.40400,-0.89200,0.10000,-28.48000,34.84000,23.54800
1521886459.50700,0.64000,-0.71600,0.12000,-22.60800,35.56700,21.92300
1521886459.53300,0.60600,-0.49600,0.21300,-13.26300,37.16100,18.84400
1521886459.56000,0.60700,-0.17600,0.13300,-6.58800,38.32800,16.84100
1521886459.58600,0.67500,0.30100,-0.00800,4.23300,40.20300,13.49200
1521886459.61200,0.47000,0.94600,-0.19000,11.86200,41.43500,11.15400
1521886459.64000,-0.74400,1.48100,-0.51900,23.79000,42.38400,7.42300
1521886459.66600,-2.26800,1.30300,-1.09300,34.82600,43.23400,4.21000
1521886459.69200,-2.79800,-0.02300,-1.42700,39.83100,44.45100,3.14300
1521886459.71700,-2.93200,-1.13200,-1.43600,43.07500,47.25800,3.76400
1521886459.74400,0.70600,-0.11400,0.26300,42.17900,48.39700,4.98400
1521886459.77000,3.00900,1.60300,1.08700,38.40100,48.79800,6.63900
1521886459.79600,-0.59600,-0.53400,-1.13700,35.96700,47.16500,6.87700
1521886459.82400,-1.65000,0.22300,-0.73700,32.34600,44.16700,7.94700
1521886459.85300,-0.45000,0.06500,-0.07200,29.02000,40.90100,9.46700
1521886459.87500,-0.51400,-0.18600,0.48100,27.52000,40.14300,10.65300
1521886459.90200,0.08100,-0.03500,-0.21900,25.43300,41.03300,12.05900
1521886459.92700,0.00200,-0.04100,-0.22200,24.32500,41.35700,12.57200
1521886459.95300,-0.08900,-0.09500,-0.06300,23.49400,41.02900,13.58300
1521886459.97900,-0.18800,0.01400,0.27100,23.10200,41.24500,14.46400
1521886460.00900,0.02000,-0.12100,-0.20600,22.78700,41.84300,14.88400
1521886460.03200,-0.09000,0.07000,0.12200,22.57100,42.44600,15.51200
1521886460.05800,0.06700,0.09000,0.09300,22.32600,43.12200,15.99800
1521886460.08500,0.04100,-0.01000,-0.13000,21.39200,44.25300,16.72100
1521886460.11100,0.07700,0.09200,-0.11100,20.18200,45.03300,17.61800
1521886460.13700,0.02200,0.13600,-0.05500,19.26700,45.42700,18.40400
1521886460.16400,0.04200,0.06600,-0.05900,17.68100,46.29300,19.71200
1521886460.19200,0.13200,0.11800,-0.01300,16.50800,47.90600,20.65600
1521886460.22000,0.17700,0.21700,0.08300,14.55200,48.75700,22.22900
1521886460.24200,0.36300,0.32800,0.16800,12.94300,50.19800,23.41000
1521886460.27000,0.33900,0.29000,0.04400,9.73800,51.38200,25.42000
1521886460.29700,0.52700,0.22100,-0.24700,5.55500,53.55700,27.67000
1521886460.32100,0.87100,0.29200,-0.44600,2.26800,54.91000,29.29200
1521886460.37800,1.75900,0.37500,-0.26800,-3.98200,57.47500,31.97700
1521886460.37900,1.24200,0.65700,-0.41600,-9.69800,59.04800,34.50300
1521886460.40200,1.38200,0.51000,-0.06800,-19.66900,61.37700,39.35800
1521886460.42800,0.77700,-0.59800,0.04100,-31.56900,63.22600,42.53400
1521886460.45300,0.19200,-0.41300,1.55700,-36.50700,65.49300,42.64000
1521886460.47900,0.85200,-1.06600,-0.56800,-38.29100,74.06000,38.44300
1521886460.50900,0.65200,-1.47700,-0.95200,-36.67700,78.27100,35.21300
1521886460.53100,0.07000,-1.36600,-0.86200,-33.22300,83.72200,31.38500
1521886460.55700,0.08100,-0.88400,-0.85300,-29.97800,86.77700,29.16800
1521886460.61300,0.07400,-0.78900,-0.94400,-22.95500,90.07400,25.91100
1521886460.61300,0.31700,-0.60200,-0.76600,-14.14100,91.76900,22.81600
1521886460.63600,0.37500,-0.41100,-0.66700,-7.88700,92.79100,20.27100
1521886460.66200,0.21100,0.08900,-0.49500,1.61000,94.94400,15.86200
1521886460.71800,-0.12700,0.53500,-0.68300,8.09100,96.38600,12.57000
1521886460.71800,-0.79500,1.20800,0.03100,18.37400,96.39700,7.09300
1521886460.74300,-1.72000,1.24800,1.42600,28.38000,93.54800,1.02700
1521886460.76800,-2.98000,0.88700,2.36100,33.82600,91.10800,-2.26300
1521886460.82300,-2.88500,-0.55800,2.37900,37.31700,88.80800,-5.06600
1521886460.82300,-2.18600,-0.37400,0.70900,37.37600,89.81600,-4.45400
1521886460.84600,1.57800,0.83900,-3.10900,33.99900,91.48300,-2.07400
1521886460.87200,-0.57900,-0.71300,1.21800,30.27300,91.67300,0.17200
1521886460.89800,-1.55800,0.46400,-0.20700,27.88500,91.21200,3.15600
1521886460.92500,0.41100,-0.44200,0.80100,25.10700,90.03400,5.03300
1521886460.95300,-0.17900,0.13900,-0.21200,23.79300,90.20600,6.24600
1521886460.97800,-0.41200,-0.01700,-0.08200,21.15500,90.96500,6.99200
1521886461.00600,-0.09200,-0.07200,0.05900,19.88200,91.11600,7.69800
1521886461.00700,0.02000,-0.01900,0.08900,19.04500,90.68300,8.59900
1521886461.06000,0.02100,0.01200,0.17200,18.45500,90.95400,9.38700
1521886461.06100,-0.09900,-0.06200,-0.14100,17.95500,91.55900,9.82100
1521886461.08200,-0.02100,0.06100,0.05500,17.20800,91.86900,10.43400
1521886461.10800,0.12500,0.09500,0.13200,16.65700,91.96300,11.04100
1521886461.16400,0.07600,-0.00100,0.02100,15.46400,92.51200,11.94900
1521886461.16500,0.04100,0.03800,-0.02100,14.45300,92.87100,12.54600
1521886461.21800,-0.21200,0.06200,-0.11800,12.72600,93.19700,13.63500
1521886461.21800,-0.10800,0.26700,-0.18200,11.00300,93.44100,14.76700
1521886461.24000,0.14900,0.26300,-0.07600,9.78400,93.71100,15.53100
1521886461.26600,0.30600,0.35900,-0.07900,7.36600,94.20600,16.80400
1521886461.29400,0.25200,0.40400,-0.36800,5.29900,94.54000,17.75900
1521886461.31900,0.41900,0.43400,-0.41400,1.26300,95.13600,19.26500
1521886461.34500,0.64800,0.52900,-0.70200,-3.65300,96.02400,20.94400
1521886461.37100,2.22900,0.37200,-0.98200,-7.55200,97.38400,21.88100
1521886461.39900,1.09000,1.03900,-0.75300,-15.04300,99.34000,24.14000
1521886461.42400,1.43100,0.45200,-1.03200,-21.37900,100.48400,27.06300
1521886461.45000,1.03600,-0.30700,-0.94000,-31.82900,102.70200,29.84700
1521886461.47600,0.23000,0.18100,0.66900,-39.35100,103.43000,30.83800
1521886461.50200,0.30100,-1.14200,-0.55300,-41.13800,105.69300,29.95700
1521886461.52900,0.27800,-1.28500,-0.41200,-39.29900,106.90500,27.96500
1521886461.55500,0.25600,-1.14800,-0.52300,-36.19200,107.32500,26.37900
1521886461.58300,0.26800,-1.13700,-0.17900,-30.51400,108.50600,23.81300
1521886461.60800,0.26300,-0.82200,-0.43800,-25.56700,109.71300,21.58000
1521886461.63400,0.25300,-0.64700,-0.47000,-17.10200,111.54300,18.34300
1521886461.66000,0.37800,-0.28500,-0.43900,-7.32700,112.82200,14.95500
1521886461.68600,0.35800,0.13900,-0.36600,-0.27000,113.63500,12.47700
1521886461.71300,0.07600,0.67800,-0.25400,10.80800,114.24300,8.89900
1521886461.76800,-0.60800,1.59800,0.93500,18.59700,113.50800,6.47900
1521886461.76900,-1.61600,1.27400,1.62100,29.95200,110.84800,2.57000
1521886461.79100,-2.15400,-0.11700,2.54700,37.56300,107.34100,-0.95500
1521886461.81700,-2.52000,-0.39400,2.36400,39.67000,105.16400,-2.56500
1521886461.84300,-2.71400,-0.77500,1.52200,37.93200,103.56100,-1.68500
1521886461.87000,1.22200,2.05100,-4.01800,34.98100,100.44300,-1.93400
1521886461.89600,-0.36000,-1.28100,1.63900,29.34200,98.57400,0.24700
1521886461.92200,-1.21700,0.68000,1.78400,26.78600,98.04900,3.33700
1521886461.95100,-0.01100,-0.54200,0.47500,23.55300,96.31900,5.26200
1521886461.97700,-0.44400,0.03900,-0.00500,20.75700,97.01000,6.74600
1521886462.00100,-0.16800,0.01300,-0.08800,18.97100,97.91300,7.16300
1521886462.02700,-0.11200,-0.04000,0.07600,17.22800,97.99700,8.32200
1521886462.05400,0.14700,0.01700,0.07300,16.55100,97.38600,8.87200
1521886462.08000,0.07400,0.09400,0.23600,15.44400,97.34800,9.72000
1521886462.10600,-0.22100,-0.00700,-0.24200,14.12800,98.09600,10.41700
1521886462.13300,-0.10000,-0.01700,-0.06700,13.39000,98.14200,11.00200
1521886462.16000,0.23100,0.10200,0.13400,12.31600,98.56800,11.89600
1521886462.18600,0.04000,0.03700,-0.07000,11.35900,99.06000,12.38300
1521886462.21200,-0.11500,0.11900,-0.26700,9.68100,99.56600,13.14900
1521886462.23800,-0.04000,0.16400,-0.18000,8.39800,99.75500,13.78600
1521886462.26400,0.08300,0.25800,-0.08000,6.39400,99.88800,14.99600
1521886462.29000,0.21900,0.24800,-0.23700,3.87200,100.26400,16.30500
1521886462.31700,0.35000,0.42700,-0.28900,1.66100,100.41400,17.21200
1521886462.36900,0.71700,0.66500,-0.93200,-6.18200,101.04800,20.20600
1521886462.39500,2.83200,0.35000,-0.44800,-12.59000,102.90700,21.93700
1521886462.42100,1.38500,0.90300,-1.15200,-21.29900,105.33000,24.88600
1521886462.44900,1.60800,0.00700,-1.10200,-28.82500,107.26700,27.28300
1521886462.47500,0.00000,-0.62900,-0.70000,-38.39000,110.40000,27.85900
1521886462.50000,0.22700,-0.66000,0.05100,-42.16400,111.75400,27.72700
1521886462.52700,0.01200,-1.22200,-0.58400,-43.62500,112.84400,27.18100
1521886462.55200,0.07300,-1.24200,-0.57800,-41.48600,112.06900,26.86400
1521886462.57800,0.21500,-1.10900,-0.38800,-36.96900,111.18800,26.05500
1521886462.60500,0.21700,-1.07100,-0.03700,-31.50900,110.70600,24.98200
1521886462.63100,0.19100,-0.85000,-0.34500,-26.57400,111.02100,23.60700
1521886462.65900,0.23500,-0.71400,-0.49500,-17.89900,112.23400,20.82900
1521886462.68400,0.30100,-0.56100,-0.49900,-11.55200,113.00700,18.78500
1521886462.71000,0.28500,0.03800,-0.50200,-1.11400,114.16200,15.23600
1521886462.73800,0.02600,0.70100,-0.32900,9.85300,115.17100,11.26200
1521886462.76300,-0.18900,1.08200,0.03600,17.55800,115.29000,8.52800
1521886462.81700,-1.48500,1.56500,1.75000,29.41900,113.77200,4.09300
1521886462.81800,-2.23100,0.59700,2.62000,36.14300,112.88600,1.56900
1521886462.84100,-2.64100,-0.79300,2.42500,41.83400,112.85200,0.08300
1521886462.86900,-2.36400,0.11500,2.04700,41.92500,113.01800,0.86300
1521886462.89500,2.08800,0.89700,-1.77000,38.52700,111.68900,1.52500
1521886462.92000,-3.16100,-1.05600,1.47500,36.84300,108.99500,0.50100
1521886462.94600,0.43000,-0.10500,0.48200,31.56700,107.77100,3.14500
1521886462.97200,0.09100,0.15700,0.15800,27.86700,105.33300,6.28900
1521886462.99900,-0.08600,-0.04100,0.55000,25.71700,103.63700,7.51400
1521886463.02700,-0.31500,0.01600,-0.10700,22.80400,103.56700,9.12100
1521886463.05200,-0.10200,-0.08400,-0.20800,20.57100,104.89600,10.17800
1521886463.07700,-0.12000,-0.03500,0.10700,19.89300,105.16500,11.07200
1521886463.10400,0.28700,0.12100,0.30000,19.49300,104.96100,12.05300
1521886463.13000,-0.31600,-0.10800,-0.31100,19.23200,105.18900,12.55000
1521886463.21700,-0.19500,0.03700,-0.12600,18.59300,105.58700,13.10200
1521886463.21800,0.17200,0.00900,0.10000,18.12100,105.60500,13.89300
1521886463.21900,0.05500,0.00200,-0.01000,17.65000,105.92000,14.51700
1521886463.22000,-0.04300,0.03200,-0.18200,16.57800,106.47100,15.38400
1521886463.26100,-0.05000,0.13600,-0.08200,15.54000,106.63400,16.15700
1521886463.28700,-0.07200,0.16700,-0.06000,13.83200,106.86000,17.58400
1521886463.31600,0.08900,0.19100,-0.12600,12.58400,107.19000,18.60100
1521886463.31700,0.18300,0.33100,-0.14500,10.28700,107.84200,20.24700
1521886463.36900,0.14600,0.36900,-0.34200,7.00900,107.93900,22.12100
1521886463.36900,0.25700,0.42700,-0.44000,4.18400,108.61300,23.52200
1521886463.39300,0.52000,0.63100,-0.61400,-0.99600,109.67200,25.91900
1521886463.41900,0.99400,0.79300,-1.19600,-5.24500,111.58100,27.43800
1521886463.47500,0.74300,0.83900,-1.42800,-14.11500,116.05900,30.02300
1521886463.47500,1.37900,-0.36100,-1.42900,-25.42700,121.61700,32.82300
1521886463.52800,0.07600,-0.70100,-0.89100,-32.27800,125.51900,33.36500
1521886463.52800,0.38500,-0.51000,0.25400,-38.78700,131.08000,32.73900
1521886463.55000,-0.20300,-1.52500,-0.72200,-39.93900,136.57400,30.54600
1521886463.57600,-0.66500,-1.30700,-0.94800,-37.05800,141.71300,27.72100
1521886463.60500,-0.52700,-1.07900,-0.50200,-34.29900,143.47700,27.25700
1521886463.63000,-0.31200,-0.94200,-0.28300,-29.00400,145.11500,27.12000
1521886463.65600,-0.36100,-0.79000,-0.53500,-21.17500,147.24600,25.72100
1521886463.71100,-0.41500,-0.63500,-0.71300,-15.23300,149.22200,23.96400
1521886463.71100,-0.47500,-0.31400,-0.67200,-5.98300,152.37100,20.91900
1521886463.73400,-0.57100,-0.01800,-0.62300,0.54100,154.39100,18.69900
1521886463.76000,-0.58200,0.40000,-0.44800,10.81700,157.06100,15.16800
1521886463.78800,-0.44400,1.24100,0.23900,21.87000,158.37200,11.18400
1521886463.84100,-0.07800,1.59300,1.48100,29.28100,158.54800,8.27700
1521886463.84200,-0.23000,0.91600,3.35600,38.07100,159.61400,5.96900
1521886463.86500,-0.19600,-0.78700,3.11800,40.72000,161.45100,5.96300
1521886463.89100,0.01700,-0.30900,3.10900,41.33700,164.09800,7.37700
1521886463.91700,-2.32000,1.60400,-3.75100,38.17700,164.46100,8.56000
1521886463.94300,-2.17200,1.37600,2.84800,36.16900,162.91800,7.52700
1521886463.97000,-0.28300,0.46500,1.63700,30.72000,159.77500,10.06400
1521886463.99900,0.58700,-0.13300,0.21700,28.54200,157.91100,10.97400
1521886464.02600,0.28500,-0.05500,0.32700,26.20200,157.00900,12.94900
1521886464.04900,-0.30100,-0.06400,0.11300,24.76100,157.73900,13.51500
1521886464.10600,-0.35200,-0.01800,0.03800,23.21900,158.57900,14.16800
1521886464.10600,0.11600,-0.06800,0.00400,22.70200,158.25800,15.09300
1521886464.12700,0.32500,0.03400,0.02700,22.54300,158.25800,15.61400
1521886464.15400,-0.31600,-0.09200,0.07200,22.16900,158.97000,16.10900
1521886464.18300,0.07600,0.04400,0.00500,22.06800,159.21800,16.38600
1521886464.20800,0.02300,0.03400,-0.06300,21.84500,159.90100,16.94700
1521886464.23300,-0.07200,0.04100,-0.05300,21.34900,160.49900,17.31100
1521886464.25800,-0.30100,0.08500,-0.17600,19.97700,161.32600,17.96400
1521886464.28500,-0.18100,0.07900,0.09500,18.40000,162.19300,18.93300
1521886464.31100,-0.09600,0.13100,-0.04700,17.29400,162.56300,19.61900
1521886464.33800,-0.03600,0.17100,-0.11900,15.41800,163.96700,20.75000
1521886464.36500,-0.10700,0.10800,-0.17600,13.91000,164.69000,21.56000
1521886464.39100,-0.09600,0.23600,-0.23500,11.30700,166.19400,22.93500
1521886464.41600,-0.30400,0.33200,-0.37700,8.02400,166.90900,24.60100
1521886464.44200,-0.50900,0.29900,-0.31400,5.28600,167.65400,25.88300
1521886464.49800,-0.61500,0.19400,-0.54400,0.37700,168.62700,28.03000
1521886464.49900,-0.87400,0.37500,-1.47300,-3.45400,169.71200,29.56900
1521886464.52100,-0.88400,0.74900,-0.93900,-11.00700,171.74700,32.64200
1521886464.54800,-0.44800,0.28900,-1.47000,-17.75400,173.16300,35.75300
1521886464.57400,-1.04100,0.19300,-1.24100,-29.18600,175.50400,39.51700
1521886464.60000,0.99300,-0.84600,-0.28800,-38.64900,175.54600,41.56200
1521886464.62600,-0.28000,-1.16300,-0.39900,-41.92000,178.73500,40.80800
1521886464.68100,-0.65700,-1.17600,-0.23000,-40.47300,-174.42300,35.69300
1521886464.68200,-0.61900,-1.42400,-0.23800,-37.52900,-171.83500,32.89500
1521886464.70500,-0.56900,-1.22400,-0.12900,-31.81500,-168.22800,28.94100
1521886464.73300,-0.45900,-0.73300,-0.19700,-25.12100,-164.76200,25.11800
1521886464.75900,-0.49500,-0.63500,-0.23800,-19.63400,-162.61200,22.49400
1521886464.78600,-0.65100,-0.33100,-0.26700,-10.10900,-160.26400,18.74200
1521886464.81000,-0.67900,0.13800,-0.28500,-3.28000,-159.07000,16.20500
1521886464.83700,-0.58800,0.60100,-0.08900,7.35600,-157.47200,12.53400
1521886464.89200,-0.21900,1.13100,0.16900,14.71000,-156.91700,10.03300
1521886464.89300,1.21500,1.78200,1.19700,26.15000,-158.00600,5.45700
1521886464.91500,2.16300,0.62800,1.55600,35.11500,-159.12700,1.78200
1521886464.94100,2.25200,0.05400,2.11000,38.42900,-158.62300,0.92200
1521886464.96700,2.24000,-0.88600,2.13700,39.05100,-157.32800,1.79700
1521886464.99400,1.33400,-0.03100,1.89000,36.88000,-157.89500,2.80500
1521886465.02000,-3.07900,0.90500,-2.59100,32.95400,-160.44100,3.46200
1521886465.07500,0.22500,-0.77200,1.50800,28.97500,-163.60100,3.85900
1521886465.07600,1.00800,0.27100,-0.47500,25.56600,-166.60800,5.85000
1521886465.09900,-0.09000,0.09100,-0.18900,22.76200,-169.85400,8.49700
1521886465.15400,0.35200,0.10000,0.15000,21.25900,-171.48000,9.49500
1521886465.15500,0.20400,0.09700,0.21200,18.89500,-171.60700,10.63900
1521886465.18000,-0.12600,-0.06900,0.09200,16.85200,-170.46000,11.25400
1521886465.20300,-0.15200,-0.05300,-0.00600,16.18300,-170.19700,11.91300
1521886465.23100,-0.04000,-0.01900,-0.07400,15.50700,-170.59100,12.75500
1521886465.28600,0.05500,-0.01500,-0.09100,15.03600,-170.75100,13.26000
1521886465.28600,-0.12000,-0.08100,-0.04500,14.18000,-170.45300,13.70900
1521886465.31200,-0.20800,0.05900,0.02200,13.73500,-170.31200,14.03800
1521886465.33500,0.02300,0.03500,-0.25800,12.94000,-170.50600,14.97200
1521886465.36300,-0.13300,0.01100,-0.07400,11.68600,-170.36500,16.01900
1521886465.38700,-0.20300,0.06200,-0.10400,10.55400,-170.27800,16.74700
1521886465.41400,-0.01000,0.08800,-0.11800,8.48000,-170.22900,18.19500
1521886465.47100,-0.06400,0.10700,-0.02600,6.92600,-170.04100,19.25900
1521886465.47100,-0.32600,0.17700,0.12600,4.49300,-169.54800,20.67500
1521886465.52700,-0.30800,0.32600,-0.15700,1.68000,-169.20300,22.05900
1521886465.52700,-0.27200,0.38400,-0.35900,-0.60400,-168.94800,23.10400
1521886465.52700,-0.39300,0.42000,-0.47300,-4.85900,-168.36000,24.76100
1521886465.57400,-0.82700,0.58600,-1.42900,-8.27300,-167.67600,25.88300
1521886465.57500,-0.56100,0.38900,-1.72600,-14.55900,-165.63000,27.48200
1521886465.62600,-1.04200,0.58700,-1.16400,-19.69500,-163.43400,28.72100
1521886465.62700,-0.75800,-0.29800,-1.14300,-29.71300,-158.98100,30.63800
1521886465.65000,-0.93200,-0.68700,-0.35500,-38.91400,-152.83700,30.43600
1521886465.67600,0.14000,-1.11200,-0.05300,-43.05100,-148.75500,29.39600
1521886465.70300,-0.50900,-1.43000,0.10600,-45.41100,-140.93100,26.30600
1521886465.73100,-1.09300,-1.39500,0.38900,-43.75800,-136.97100,24.15900
1521886465.78400,-0.80200,-1.16900,0.44800,-39.39000,-133.54100,22.80800
1521886465.78500,-0.40900,-0.85400,0.07400,-34.07200,-131.88000,22.95900
1521886465.86600,-0.64200,-0.78000,0.16200,-29.14500,-130.85100,22.56300
1521886465.86600,-0.80300,-0.53400,0.06800,-20.37900,-128.30700,20.54000
1521886465.86700,-0.74300,-0.32100,0.08800,-14.38000,-126.17700,18.91200
1521886465.88800,-0.76100,0.01400,0.29500,-4.70000,-122.82400,16.21000
1521886465.91300,-0.70600,0.51000,0.51200,2.07600,-120.68700,14.38400
1521886465.93900,-0.27900,0.96400,0.58900,12.88700,-118.72600,11.65800
1521886465.99400,1.15200,1.38900,0.54200,23.56200,-118.75100,8.58800
1521886466.04900,2.89200,0.80400,0.79700,29.35100,-119.44300,7.15700
1521886466.05000,2.99100,-0.20800,0.73000,32.90400,-121.40800,5.64800
1521886466.05100,2.84600,-0.32400,0.79400,33.09700,-121.90400,5.88000
1521886466.07000,-4.50500,1.80100,1.72200,29.43400,-123.81800,6.83400
1521886466.09700,2.20300,-0.29600,-1.18500,24.39500,-125.85900,8.37500
1521886466.12200,-0.28500,0.23200,0.35800,21.90200,-127.93100,9.81400
1521886466.15200,0.25200,-0.58400,-0.69500,18.55800,-128.45500,12.04900
1521886466.23300,0.07000,0.07100,0.28300,17.05700,-127.97700,13.16700
1521886466.23400,-0.08000,0.03900,0.15400,15.23000,-127.69900,13.64800
1521886466.23500,-0.02200,-0.04700,-0.03200,14.62300,-127.80600,14.18700
1521886466.25400,0.08200,0.03800,-0.33200,14.42500,-128.04200,14.82500
1521886466.28000,-0.10200,-0.03900,0.18300,14.18100,-127.60000,15.33600
1521886466.30600,-0.09500,0.02800,-0.13900,14.04400,-127.45300,15.65100
1521886466.33400,-0.08100,-0.00300,-0.14400,13.75600,-127.14400,16.23700
1521886466.38900,-0.14200,-0.02500,0.03200,13.33200,-126.77100,16.60600
1521886466.39000,-0.37800,-0.02900,0.27800,12.14100,-126.23300,17.18800
1521886466.41200,-0.05500,0.08600,0.03000,10.56700,-126.25800,18.14800
1521886466.43800,-0.06800,0.12800,0.06200,9.51400,-126.25200,18.89400
1521886466.46400,-0.19600,0.13900,-0.06100,7.82800,-125.91600,20.06400
1521886466.49000,-0.13900,0.14900,0.01900,6.49900,-125.57200,20.94500
1521886466.51600,-0.37300,0.34500,-0.03200,4.14800,-124.87100,22.30400
1521886466.54200,-0.48300,0.32700,0.00600,2.07500,-124.28700,23.32300
1521886466.57000,-0.65500,0.34300,0.15900,-2.23100,-123.31900,25.19100
1521886466.59600,-0.93500,0.36100,0.17300,-7.72500,-121.83600,27.34600
1521886466.62100,-2.46500,0.32100,-0.74400,-12.15500,-119.95000,28.61000
1521886466.64800,-1.50000,0.61500,-0.07500,-21.38400,-116.28400,31.37400
1521886466.70300,-1.91500,-0.24500,-0.15700,-28.80500,-113.18600,33.74000
1521886466.70400,-1.02800,-0.37900,0.51900,-39.01600,-108.71000,35.01100
1521886466.72800,-0.05100,-0.40500,-0.76300,-45.21500,-103.87800,34.26000
1521886466.75200,-0.23600,-0.90500,0.37600,-46.18200,-97.57400,30.93500
1521886466.80800,-0.35100,-1.29900,0.76100,-43.09100,-93.16600,27.74700
1521886466.80900,-0.34900,-1.38200,1.03800,-39.55100,-91.72400,26.76400
1521886466.83200,-0.10700,-0.89800,0.44200,-33.61800,-90.20700,25.74300
1521886466.85700,-0.38500,-0.75700,0.52100,-28.54300,-88.87100,24.38000
1521886466.88500,-0.37100,-0.60800,0.85100,-19.82000,-85.67400,20.74300
1521886466.91300,-0.36800,-0.32300,0.72900,-10.77600,-82.35100,16.91100
1521886466.93600,-0.28400,0.00800,0.70600,-4.27500,-80.33600,14.27600
1521886466.96300,-0.09600,0.43700,0.66600,6.16200,-78.08500,10.23500
1521886467.01900,0.28100,1.19400,0.11800,13.59900,-77.68700,7.44000
1521886467.01900,1.27700,1.58400,-0.91600,25.02600,-79.29100,2.77400
1521886467.04100,2.27400,0.54700,-2.10400,33.60800,-81.39400,-0.76900
1521886467.06700,2.70400,-0.39400,-2.10600,36.31500,-82.28000,-1.91100
1521886467.09400,2.50900,0.00400,-1.54000,36.50800,-81.93500,-1.03800
1521886467.14900,-2.43600,0.93200,2.42400,33.04800,-82.86200,0.16800
1521886467.15000,3.72200,1.19200,-0.54000,30.84800,-87.41100,-1.73600
1521886467.17300,0.28100,0.13900,-1.90600,25.70300,-88.62300,1.20000
1521886467.20100,-0.30800,0.33000,0.13000,22.17800,-90.13400,4.39900
1521886467.22700,-0.21200,-0.27200,-0.59900,19.35600,-90.61000,6.68700
1521886467.25100,0.48700,0.11800,0.09400,17.79800,-89.97100,7.39000
1521886467.27800,0.12200,-0.06200,0.19500,15.76400,-89.30100,8.01100
1521886467.30300,0.13100,-0.04000,-0.03800,15.04700,-89.30600,8.63700
1521886467.35900,-0.18500,0.04600,-0.36500,14.36800,-89.59800,9.29200
1521886467.36000,0.18200,-0.06600,0.22100,13.75000,-89.01500,9.75300
1521886467.41300,-0.06500,0.01300,-0.00100,13.40700,-88.67800,9.93700
1521886467.41300,-0.28400,0.11000,-0.12500,13.02000,-88.32500,10.48300
1521886467.43500,-0.07300,0.01800,-0.00700,12.42400,-87.93900,10.92900
1521886467.46100,-0.11500,0.06100,0.04600,11.10700,-87.31100,11.62300
1521886467.48900,-0.17000,0.09800,0.12700,9.29900,-86.62400,12.58700
1521886467.51500,-0.03400,0.24400,0.09000,7.96800,-86.33800,13.42800
1521886467.54100,-0.01900,0.25400,0.33200,5.78900,-85.55200,14.60500
1521886467.56700,-0.09300,0.22400,0.36400,3.96200,-84.89300,15.42900
1521886467.59400,-0.36200,0.38900,0.29100,0.60600,-84.31100,16.86800
1521886467.61900,-0.59100,0.41200,0.42600,-3.82600,-83.78400,18.60200
1521886467.64600,-0.78000,0.46000,0.60900,-7.35500,-83.28400,19.98100
1521886467.67100,-2.43700,0.24400,0.85800,-13.44500,-81.42300,21.82600
1521886467.70000,-1.39100,0.98700,0.50800,-18.68200,-79.60500,23.45600
1521886467.72400,-1.71400,-0.25400,0.83700,-28.32800,-76.34100,26.85100
1521886467.75300,0.04300,-0.75900,0.55300,-35.10300,-73.22500,27.37000
1521886467.77900,-0.11500,-1.03700,-0.38000,-42.63000,-69.50900,26.77600
1521886467.80200,-0.07400,-1.21900,0.69300,-44.53700,-63.63100,23.86400
1521886467.82900,-0.07300,-1.32100,0.62800,-43.05200,-62.63100,22.70000
1521886467.85500,-0.02200,-1.13700,0.69100,-38.36400,-62.64800,21.70000
1521886467.88100,-0.18000,-0.97700,0.20300,-34.90500,-62.67000,21.24000
1521886467.90800,-0.18500,-0.87100,0.45100,-27.90100,-62.07300,19.55100
1521886467.96600,-0.18500,-0.56000,0.72000,-19.03000,-60.60100,16.56200
1521886467.96600,-0.26600,-0.32500,0.65000,-12.86700,-59.65700,14.41100
1521886467.96700,-0.16700,0.13300,0.62300,-2.88900,-58.37700,10.89800
1521886467.98600,-0.07700,0.57800,0.64700,4.25500,-57.84100,8.32700
1521886468.04100,0.18800,1.37500,-0.20400,15.37200,-58.26300,4.26300
1521886468.04200,0.96200,1.52900,-1.71900,22.94800,-60.49700,1.29900
1521886468.09500,1.45500,0.72000,-2.23500,32.12200,-65.19200,-3.29600
1521886468.09500,1.91200,-0.71100,-2.67100,36.94000,-69.75900,-6.65400
1521886468.14800,2.22400,-0.10700,-2.08100,37.47800,-71.99900,-7.32500
1521886468.14800,-0.96300,1.33600,3.18300,33.37000,-74.88700,-6.10600
1521886468.17000,3.13700,0.57900,-2.03400,30.95600,-78.55700,-7.24700
1521886468.19600,-0.46200,0.62700,-1.53200,25.52300,-78.38800,-3.04800
1521886468.22400,0.07900,0.30100,0.16600,22.39100,-79.16500,-0.33500
1521886468.25000,-0.44200,-0.59400,-0.68800,20.15500,-78.98800,1.26600
1521886468.27600,0.11400,0.05400,0.15100,17.73200,-78.00400,2.36800
1521886468.30100,0.21600,-0.00800,0.15600,16.52500,-77.60200,2.96000
1521886468.32800,0.01800,-0.10700,-0.07800,15.45600,-77.78500,3.94300
1521886468.35500,-0.14100,0.05900,-0.26000,15.02500,-78.14000,4.36000
1521886468.38000,0.03000,0.00700,-0.05400,14.11900,-77.79600,5.04500
1521886468.40600,0.12100,0.00800,0.07300,13.17800,-77.41800,5.64700
1521886468.43400,-0.22800,-0.00400,-0.17500,12.63500,-77.36300,6.18700
1521886468.45900,-0.07300,0.02700,-0.10500,11.67900,-76.84900,6.94100
1521886468.48500,-0.02400,0.10400,0.02800,10.83100,-76.47900,7.38100
1521886468.51100,0.04500,0.06200,0.06500,9.34400,-75.82800,8.22000
1521886468.56700,0.02100,0.17700,0.07700,7.65700,-75.31500,9.19500
1521886468.56700,-0.03400,0.23000,0.07100,6.42400,-75.04400,9.94700
1521886468.59400,-0.19600,0.28500,0.17100,4.08000,-74.47400,11.15000
1521886468.61600,-0.24300,0.41100,0.22900,2.02300,-74.15500,12.01700
1521886468.64200,-0.36800,0.46800,0.34900,-1.93300,-73.49200,13.51900
1521886468.66900,-0.49800,0.60800,0.54600,-5.07800,-73.55000,14.68400
1521886468.69500,-2.73500,0.46300,0.86300,-10.53000,-71.45900,16.06500
1521886468.72100,-1.60100,0.43400,0.87000,-17.69200,-68.26900,18.07900
1521886468.74700,-1.05900,0.81100,1.33900,-23.64300,-65.46800,19.81200
1521886468.77400,-0.92100,-0.60300,0.53200,-33.10200,-61.25600,20.82200
1521886468.80200,0.29500,-1.15500,0.34700,-37.13700,-59.29000,20.41500
1521886468.82700,-0.18000,-1.18200,0.31100,-39.69000,-58.05900,19.98600
1521886468.85300,-0.05800,-1.16500,0.53700,-38.59800,-57.95000,19.43700
1521886468.87900,-0.04500,-1.10500,0.51100,-35.13000,-59.64000,18.89500
1521886468.90500,-0.23500,-1.08200,0.07900,-30.77400,-61.58800,18.60000
1521886468.93300,-0.22000,-0.84700,0.26600,-26.64600,-61.88500,17.91700
1521886468.96100,-0.25300,-0.70600,0.42500,-18.69100,-61.54200,16.00700
1521886468.98400,-0.31500,-0.47700,0.39800,-12.68600,-61.17100,14.41900
1521886469.01000,-0.34200,-0.02100,0.40800,-2.88600,-60.26700,11.55800
1521886469.03800,-0.16500,0.44300,0.45500,7.56300,-59.17900,8.33500
1521886469.06400,0.02900,0.79600,0.18800,14.92500,-58.78200,6.16800
1521886469.09000,0.49900,1.57300,-1.12900,26.67100,-59.66000,2.52900
1521886469.11500,1.31600,1.11500,-1.91600,33.92000,-60.65300,0.23600
1521886469.14200,2.08800,-0.27200,-2.47800,41.54800,-60.66100,-1.20600
1521886469.16900,1.92400,-1.31900,-2.52900,43.98200,-60.27000,-1.18600
1521886469.19400,1.30300,0.10400,-1.72900,42.80100,-60.78100,-0.24300
1521886469.22200,-1.61100,1.51300,2.81800,38.80700,-63.23500,0.29900
1521886469.24800,0.70300,-0.72900,-0.46200,37.48400,-65.41700,-0.59400
1521886469.27300,0.31400,0.15900,-2.05400,30.78000,-68.25000,2.44800
1521886469.29900,0.06700,-0.11600,-0.14900,28.28200,-70.24400,4.01800
1521886469.32600,-0.31600,-0.09500,-0.82900,25.63300,-72.11800,5.57200
1521886469.35100,0.30900,-0.04100,0.16300,23.40800,-71.30800,7.07600
1521886469.37700,0.13100,-0.01500,0.08100,22.07900,-70.63500,7.53400
1521886469.40400,0.03300,-0.10100,-0.08600,20.98400,-70.66600,8.48500
1521886469.46000,-0.25000,0.02200,-0.32000,20.67500,-70.95700,8.94500
1521886469.46000,0.20800,-0.09000,0.10700,20.19700,-70.61500,9.63700
1521886469.48300,0.06100,0.03500,0.00600,19.80300,-70.24100,10.20500
1521886469.51000,-0.19000,0.03800,-0.09900,19.57100,-70.11000,10.76900
1521886469.53700,-0.02100,0.03900,0.03600,18.88600,-69.65600,11.64500
1521886469.56300,0.03900,0.05100,0.04400,18.09100,-69.44500,12.19500
1521886469.59000,-0.09100,0.06800,0.03600,16.65600,-69.23900,13.26400
1521886469.61600,0.05700,0.14000,0.00300,15.53700,-69.13900,14.12200
1521886469.64300,0.10400,0.18800,0.02600,13.78800,-68.90500,15.47300
1521886469.66600,-0.06400,0.19400,0.12100,11.78300,-69.48600,16.89800
1521886469.69400,-0.18500,0.28500,0.11400,10.19300,-68.97600,17.93600
1521886469.74900,-0.17700,0.34900,0.24200,7.18800,-69.28500,19.69400
1521886469.74900,-0.18900,0.39700,0.44400,4.62900,-68.62800,21.00000
1521886469.77100,-0.39600,0.46600,0.52600,0.07900,-68.51700,23.14600
1521886469.80000,-2.04200,0.61500,1.33500,-3.42400,-67.19000,24.55400
1521886469.82600,-0.67500,0.93300,1.14100,-10.43400,-63.62000,26.98600
1521886469.85100,-1.31100,-0.00700,1.32000,-20.16600,-59.22100,30.77600
1521886469.87700,-0.73100,-0.29700,1.13400,-27.01000,-55.45000,32.04600
1521886469.90300,-0.26500,-1.13400,-0.22700,-34.45600,-50.46400,32.28300
1521886469.92900,-0.02600,-1.16300,0.67900,-35.97200,-46.28800,31.31600
1521886469.95500,0.28200,-1.27000,0.92500,-33.00500,-42.84200,29.71000
1521886469.98100,0.41900,-1.12700,0.75900,-27.86400,-40.26900,28.66300
1521886470.00800,0.21900,-0.99400,0.36800,-23.82600,-38.66400,27.96700
1521886470.03500,0.30600,-0.69100,0.67500,-15.84200,-35.77700,25.93000
1521886470.09100,0.38200,-0.51700,0.73500,-9.81800,-33.79800,24.20400
1521886470.09100,0.40500,-0.27700,0.68200,-0.30500,-30.87000,21.32900
1521886470.14300,0.50900,0.11100,0.48200,9.64500,-27.80900,18.20700
1521886470.14300,0.71500,0.49500,0.36300,16.57200,-25.83000,15.95600
1521886470.16500,0.72400,1.11000,-0.62400,27.50700,-23.79100,12.04200
1521886470.19400,0.37500,1.48600,-2.01100,34.77800,-23.43400,9.08500
1521886470.19500,0.40700,-0.09900,-3.45300,42.72900,-24.45000,5.67300
1521886470.21800,0.50300,-0.74800,-3.50900,44.68700,-24.91700,4.39100
1521886470.27300,0.19300,-0.82800,-3.31000,43.89000,-24.56600,5.11900
1521886470.27400,2.22600,2.13500,3.70000,41.19900,-25.47400,5.44300
1521886470.29600,-1.27200,-0.80300,-1.67300,37.31700,-25.46500,7.15000
1521886470.32500,0.15800,0.03100,-0.10200,33.30100,-27.74000,8.94000
1521886470.37600,-0.40700,-0.24400,-0.26400,31.40500,-28.31000,10.11100
1521886470.40400,0.12400,-0.08200,-0.35300,29.39400,-27.71300,11.74700
1521886470.40500,0.25800,-0.03400,-0.12600,28.29200,-27.11600,12.10400
1521886470.45500,0.12800,-0.06300,-0.12500,27.21900,-26.80900,12.78200
1521886470.48300,-0.21400,0.05000,-0.10100,26.83000,-26.81200,13.50200
1521886470.48300,0.04600,-0.02300,-0.04600,26.50200,-26.40600,14.03900
1521886470.53700,0.18400,-0.01200,-0.06800,25.87800,-25.82600,14.52500
1521886470.53700,0.01400,0.06700,-0.02600,25.40100,-25.72400,14.91900
1521886470.55900,0.05400,0.02600,-0.01000,24.36500,-25.54000,15.66200
1521886470.58700,0.01300,0.05800,-0.00200,22.88400,-25.33800,16.59300
1521886470.61200,0.02800,0.13800,-0.07900,21.73300,-25.08900,17.31300
1521886470.63800,0.12400,0.21500,-0.11200,20.04500,-24.61300,18.51900
1521886470.66400,0.37100,0.10700,0.00500,18.81600,-23.96300,19.42100
1521886470.69000,0.16800,0.24100,0.08700,16.56800,-23.32700,20.87000
1521886470.71900,0.07100,0.45700,0.31100,13.64300,-22.88200,22.63800
1521886470.74400,0.26800,0.37800,0.36500,11.04500,-22.41300,23.97900
1521886470.77000,0.34300,0.38200,0.51400,6.17500,-21.55200,26.27900
1521886470.79500,0.73600,0.51500,1.16700,2.27100,-20.39800,27.91400
1521886470.82100,0.05700,0.68400,1.48500,-5.06900,-17.58800,30.61200
1521886470.84800,0.43000,0.55200,2.06700,-11.58700,-15.85200,33.25500
1521886470.87500,0.18000,-0.18800,1.79800,-23.42500,-12.42800,37.56700
1521886470.90000,-0.01700,-1.09500,0.01400,-34.12100,-10.25600,39.47100
1521886470.92700,-0.35800,-0.25500,0.00900,-37.73700,-7.76900,39.20300
1521886470.95300,0.57900,-1.29600,0.34100,-37.97200,-1.69000,35.76000
1521886470.98100,0.66800,-1.43000,0.32200,-35.17600,0.35700,33.78400
1521886471.00700,0.63800,-1.21500,0.16800,-29.72000,2.67500,31.30300
1521886471.03100,0.43100,-0.80500,0.21600,-22.88600,4.61800,28.90400
1521886471.05800,0.56000,-0.71000,0.22500,-17.05900,6.29400,26.66300
1521886471.08400,0.71700,-0.45800,0.36500,-7.34600,8.85700,22.85700
1521886471.11000,0.66100,-0.14700,0.33200,-0.63200,10.58100,20.18400
1521886471.13600,0.76400,0.34200,0.12900,9.86400,13.26800,16.32200
1521886471.16300,0.77900,0.73100,-0.17500,17.34000,14.72100,13.91800
1521886471.21800,-0.49900,1.64600,-1.37700,29.18700,14.46100,9.70400
1521886471.21900,-2.03200,0.16300,-2.82700,39.71100,12.34800,5.59400
1521886471.24200,-2.51300,-0.57200,-2.44700,43.03700,10.36300,2.95300
1521886471.26900,-1.59000,-0.68900,-3.03600,45.48900,9.95700,2.28500
1521886471.29400,2.52900,0.95600,1.03300,43.18400,9.60900,3.32500
1521886471.32000,-1.09800,0.41100,-3.95600,39.46700,6.33700,2.44900
1521886471.34800,-1.00800,0.42100,-1.97600,33.89800,6.15000,7.27800
1521886471.37400,0.04900,0.08900,0.23100,31.72900,4.62800,8.66800
1521886471.39900,-0.29800,-0.12300,-0.10100,29.10400,3.47700,10.28800
1521886471.42500,0.20600,0.01400,-0.24500,27.50300,3.71000,11.06800
1521886471.48100,0.34000,-0.09600,-0.13400,25.39300,4.55800,11.92200
1521886471.48200,-0.04500,-0.08000,-0.16400,24.56900,4.59700,12.58500
1521886471.50400,-0.15000,0.03400,-0.03300,23.88200,4.12400,13.35400
1521886471.55900,0.13400,-0.06600,-0.14200,23.21500,4.44200,14.07800
1521886471.56000,0.25700,-0.01800,-0.22300,22.82200,4.56900,14.50300
1521886471.58500,-0.07700,0.05700,0.03300,22.11700,4.53100,15.39000
1521886471.60900,0.06800,0.02000,-0.05900,21.39400,4.75400,16.05700
1521886471.63500,0.10200,0.05600,-0.05500,19.97400,5.09700,17.07200
1521886471.66300,0.09400,0.07500,-0.05500,18.16700,5.49000,18.37300
1521886471.68900,0.12600,0.12500,-0.13600,16.88700,5.69300,19.32200
1521886471.71600,0.27600,0.22100,-0.09400,14.82700,6.16200,20.67900
1521886471.76900,0.30100,0.17700,-0.07100,13.06600,6.51300,21.68400
1521886471.77000,0.27200,0.40400,0.17500,9.82000,6.76400,23.29800
1521886471.79300,0.38200,0.37100,0.28000,7.05000,6.90700,24.51500
1521886471.81900,0.42300,0.49600,0.41600,2.05900,7.33600,26.61600
1521886471.87500,0.73400,0.66700,2.56300,-4.27400,9.16000,28.58300
1521886471.87500,0.59900,0.65800,1.03600,-9.82200,10.72300,30.37600
1521886471.89900,1.34200,0.37500,1.22600,-20.85100,14.40500,33.47100
1521886471.92500,0.78400,-0.22300,1.01400,-28.85100,16.96500,35.11300
1521886471.95000,0.07000,-1.14000,-0.11800,-37.19700,20.28100,35.42900
1521886471.97600,0.40700,-1.29200,0.09900,-40.51200,24.65900,34.62100
1521886472.00300,0.90600,-1.39300,-0.08500,-39.10400,26.80100,33.50000
1521886472.02900,0.72000,-1.22400,-0.24200,-34.42500,28.48300,32.59200
1521886472.05800,0.20600,-0.99600,0.07200,-30.65600,29.15900,32.32100
1521886472.08200,0.29700,-0.80800,0.11200,-23.39200,31.09500,31.10800
1521886472.13800,0.77200,-0.68800,-0.01600,-14.39400,34.75600,28.42600
1521886472.13800,0.85900,-0.50800,-0.09800,-8.12500,37.51400,26.44600
1521886472.19100,0.86000,-0.07200,-0.41700,1.76500,41.64800,23.38400
1521886472.19200,0.75900,0.23300,-0.54200,8.75100,44.16000,21.34500
1521886472.21200,0.51000,0.84500,-0.78300,19.75600,46.89200,18.12300
1521886472.26800,-1.13000,1.69900,-0.92600,27.27700,47.82800,15.47200
1521886472.26900,-2.69300,0.69900,-1.57300,37.06100,49.06500,12.55500
1521886472.32100,-3.01300,-0.59700,-1.15600,40.68300,51.34500,11.65500
1521886472.32100,-2.90400,-0.55300,-1.74800,41.32300,53.79800,12.82600
1521886472.34600,3.21100,0.98200,-0.23300,37.48500,54.01900,14.10100
1521886472.40200,-1.82500,-1.26200,0.51100,36.12400,53.43500,13.10600
1521886472.40300,-1.68100,0.51700,-0.88300,30.84900,49.48600,15.13800
1521886472.45200,-0.27400,-0.22500,-0.09700,25.85200,47.11900,17.98200
1521886472.45300,0.17900,0.14200,-0.39300,23.74300,47.57200,18.71300
1521886472.50600,0.08200,-0.06600,-0.18000,22.66500,47.55500,19.17800
1521886472.50600,-0.17900,0.07100,0.15500,21.72600,47.00600,20.11000
1521886472.52800,-0.00900,-0.08100,-0.24200,21.10800,46.96800,20.59600
1521886472.55400,0.04300,-0.06400,-0.16900,20.40900,47.32000,21.17300
1521886472.58200,-0.10300,-0.04500,-0.18300,20.20200,47.62300,21.79300
1521886472.60800,0.07900,0.04400,0.08400,20.17600,47.89900,22.14700
1521886472.63300,0.13600,0.04000,-0.10500,19.97700,48.45300,22.62000
1521886472.65900,0.16600,-0.01000,-0.31200,19.48100,48.83800,22.95200
1521886472.71500,0.13900,0.06100,-0.10600,18.49700,49.04900,23.61000
1521886472.71500,0.11100,0.18100,-0.12100,17.69800,49.16600,24.23100
1521886472.76700,0.16800,0.13900,-0.17300,16.22500,49.53800,25.30500
1521886472.76700,0.22600,0.13400,-0.16300,14.21800,50.04300,26.48700
1521886472.81900,0.32800,0.23400,-0.06100,12.56600,50.30800,27.37600
1521886472.82000,0.45200,0.26700,-0.05000,9.37900,51.71300,28.87800
1521886472.84500,0.52300,0.28500,-0.30900,6.69300,52.06000,30.08900
1521886472.87100,0.65800,0.23500,-0.40200,1.76400,53.14600,32.27000
1521886472.89700,1.62300,0.33100,0.12200,-4.45400,54.68000,34.37800
1521886472.95200,0.82900,0.55000,-0.26500,-10.02800,56.59700,35.91100
1521886472.95200,1.74100,0.05800,0.00500,-20.50000,59.71300,39.47400
1521886472.97400,1.54800,0.00900,-0.03800,-28.23500,62.46500,41.42200
1521886473.02900,0.00700,-0.53800,0.24100,-39.22100,65.87100,42.92200
1521886473.03000,0.43800,-1.08100,-0.60300,-44.41500,72.54800,40.90800
1521886473.05600,0.30900,-1.24000,-0.76300,-44.62300,78.06300,37.20000
1521886473.07900,0.30400,-1.33200,-0.81700,-41.60300,83.43300,33.86200
1521886473.10600,0.03600,-1.03300,-0.34800,-38.75900,85.19600,32.72400
1521886473.13200,0.22200,-0.84100,-0.27100,-32.93000,87.46600,31.01300
1521886473.15700,0.33100,-0.77000,-0.48000,-27.71500,89.24900,29.32800
1521886473.18400,0.38800,-0.60700,-0.49300,-18.65500,92.05200,26.35400
1521886473.21000,0.41200,-0.20800,-0.49200,-9.24800,95.27500,23.15400
1521886473.23900,0.32100,0.02800,-0.49600,-2.67400,97.66700,20.98300
1521886473.26400,0.22300,0.66500,-0.53900,7.57900,100.69600,17.66700
1521886473.29100,-0.38500,1.43000,0.16600,14.56300,102.36000,15.53400
1521886473.31600,-1.03100,1.34000,0.74500,24.25100,104.66400,13.28100
1521886473.34300,-2.09300,0.58300,1.24600,30.73700,107.69800,12.88400
1521886473.37000,-2.38000,-0.06600,1.25500,32.91900,109.72200,13.50400
1521886473.42500,-2.36600,-0.21800,0.95700,33.11300,110.17800,14.52700
1521886473.42500,-1.09700,0.58700,-0.35600,31.19600,108.42300,15.05800
1521886473.44600,1.74500,0.62300,-4.35700,29.25100,103.92300,14.09900
1521886473.47300,-3.47800,0.51900,-0.17600,26.77800,101.74600,13.74600
1521886473.49900,-1.27900,0.94800,0.78300,22.76800,98.06400,16.21500
1521886473.52500,0.38500,-0.31400,0.35800,20.37500,95.87800,17.74300
1521886473.55200,-0.00200,0.10400,0.37300,19.25300,95.84000,18.92600
1521886473.60700,-0.21700,-0.06900,-0.40700,16.90800,96.70500,18.99000
1521886473.60800,-0.00800,-0.06500,-0.27800,16.01300,96.86800,19.01000
1521886473.63000,0.08900,-0.01100,-0.05200,15.71200,96.65300,19.66300
1521886473.65700,0.23200,0.05200,0.06000,15.38700,96.96700,20.07000
1521886473.68200,0.15200,-0.05800,-0.21800,14.89700,97.57600,20.12800
1521886473.71100,0.09300,0.06600,-0.14700,14.04800,97.96800,20.14700
1521886473.73700,0.22600,-0.00500,-0.10600,13.27500,98.11800,20.34400
1521886473.76200,-0.18900,-0.17000,-0.84200,11.39200,98.77500,20.70400
1521886473.78800,0.18700,0.10800,-0.17600,10.29600,98.50900,21.15300
1521886473.81400,0.15400,0.16200,-0.03200,8.21900,97.99000,22.15300
1521886473.84000,0.06700,0.12300,-0.31700,5.93300,98.04300,23.06800
1521886473.86600,0.14200,0.19400,-0.35800,4.24800,98.32500,23.60200
1521886473.89400,0.10800,0.24100,-0.41100,1.40900,98.49500,24.66100
1521886473.92000,0.39100,0.27500,-0.50800,-0.86900,98.68800,25.46900
1521886473.94500,0.50100,0.28200,-0.62900,-5.24500,98.87600,26.88200
1521886473.97200,0.67500,0.24800,-0.84900,-10.84000,99.19200,28.77600
1521886473.99800,0.89900,0.35500,-1.19800,-15.28100,99.75300,30.09700
1521886474.02400,0.94700,0.59200,-1.14900,-23.71300,101.54700,32.29500
1521886474.05000,1.76700,-0.23500,-1.32800,-30.86500,102.51400,34.72400
1521886474.10700,1.33700,-0.95000,-0.57300,-42.42500,104.56500,37.52600
1521886474.10700,0.07700,-1.06700,-0.00900,-47.88500,105.30000,38.21500
1521886474.12900,0.34400,-0.85400,-0.01300,-52.30200,106.91400,37.98600
1521886474.15600,0.05400,-1.35900,-0.64300,-50.98500,109.85900,34.81300
1521886474.18200,-0.00200,-1.27700,-0.60800,-48.35400,110.82600,33.06300
1521886474.20800,0.00000,-1.15200,-0.21400,-43.85600,111.46700,31.02100
1521886474.23400,0.19700,-0.99900,-0.26100,-39.76600,112.09300,29.32600
1521886474.26000,0.11000,-0.85700,-0.59900,-31.68200,113.62900,26.07000
1521886474.31800,0.20400,-0.62800,-0.60400,-22.04500,114.73300,22.59400
1521886474.31800,0.31000,-0.31700,-0.69200,-15.04900,115.39100,19.91700
1521886474.33900,0.06300,0.24900,-0.81600,-4.28200,116.35000,15.29600
1521886474.36500,-0.08300,1.05900,-0.49800,2.87300,116.40500,12.11900
1521886474.39400,-0.26700,1.64600,0.54700,13.64600,113.52400,6.99700
1521886474.42000,-1.07500,1.38500,2.00300,22.74100,107.99900,1.87800
1521886474.47600,-1.60000,0.30000,2.44800,26.58300,104.70100,-0.77000
1521886474.47600,-1.72500,-0.12200,2.11100,28.78400,102.11500,-2.15300
1521886474.49800,-2.13100,0.47100,1.46100,27.96600,101.82700,-1.17700
1521886474.52300,0.50600,1.41000,-3.09500,24.03300,100.25400,0.08500
1521886474.54900,0.11800,-0.37000,0.34100,21.56500,99.44500,0.76800
1521886474.57700,-0.80600,0.16400,1.18900,17.12600,99.70500,4.96900
1521886474.60300,0.25100,-0.18300,0.22300,14.70800,98.37500,7.74400
1521886474.65700,0.03800,-0.06700,0.08900,13.39900,97.78600,9.11600
1521886474.65800,-0.08900,0.11400,-0.09700,11.35300,97.55600,9.90800
1521886474.68100,-0.05600,-0.06200,-0.18800,10.11600,97.59300,10.25000
1521886474.70700,0.02500,-0.04600,-0.16800,9.13400,97.48100,11.10100
1521886474.73300,0.10000,-0.00900,-0.09400,8.59500,97.29500,11.86400
1521886474.76200,0.12900,-0.04100,-0.01000,8.16200,97.43500,12.32400
1521886474.76300,0.10000,0.04400,-0.31600,7.33600,97.88200,12.74900
1521886474.81400,0.16000,0.06300,-0.22600,6.71100,97.93600,13.11800
1521886474.81500,0.17500,0.02400,-0.11700,5.41200,97.85500,14.13800
1521886474.83800,0.11800,0.06700,-0.19400,4.35400,97.81300,14.86300
1521886474.86500,0.19300,0.03700,-0.15700,2.41700,97.79600,16.01200
1521886474.89000,0.21300,0.18200,-0.12900,0.25200,97.89400,17.34900
1521886474.91700,0.11600,0.35300,-0.44400,-1.49600,98.20300,18.04300
1521886474.94400,0.40900,0.36200,-0.45900,-4.78200,98.60400,19.21300
1521886474.97200,0.51900,0.31700,-0.47900,-7.54000,98.64400,20.17800
1521886475.02400,0.78300,0.40500,-0.66800,-12.67000,98.41200,21.86700
1521886475.02500,1.72600,0.32600,-1.48000,-16.69000,98.76700,22.94700
1521886475.04900,1.94600,0.20200,-0.65300,-23.88000,99.89200,24.46900
1521886475.07500,1.58300,0.51500,-1.33800,-33.52800,100.77000,28.13700
1521886475.10200,1.25500,-0.58600,-0.20500,-40.99800,100.80400,30.27200
1521886475.12700,-0.07000,-1.15100,-0.42300,-48.10600,100.63700,31.67700
1521886475.15500,0.21200,-1.05900,-0.15900,-50.60500,100.38200,32.71000
1521886475.17900,0.32800,-1.21700,-0.43200,-49.97900,99.89500,32.45100
1521886475.20500,0.19400,-1.21700,-0.50700,-46.65900,99.92300,31.21700
1521886475.23200,0.14200,-1.13600,-0.08300,-43.94100,99.81500,30.54600
1521886475.28900,0.24500,-1.01200,-0.06200,-38.00600,100.23500,28.94800
1521886475.28900,0.24400,-0.95200,-0.29100,-32.71800,101.19200,27.25600
1521886475.31100,0.40700,-0.77300,-0.40300,-23.54600,102.98600,24.26900
1521886475.33700,0.43600,-0.32600,-0.43500,-13.24700,104.94600,20.97200
1521886475.36300,0.38700,-0.08800,-0.46800,-5.98000,106.12200,18.61700
1521886475.38900,0.21100,0.62800,-0.59400,5.55300,107.40500,14.85900
1521886475.41500,-0.24700,1.54500,0.40800,13.56000,107.50700,12.18500
1521886475.44300,-1.47800,1.80000,1.38900,25.38800,106.76700,8.00100
1521886475.49700,-2.40700,0.49700,2.24700,31.44700,106.79200,6.24800
1521886475.49800,-2.92500,-0.45900,2.15500,35.27800,107.42600,5.77000
1521886475.52100,-1.91100,-0.49300,1.29400,33.26300,107.26000,7.36800
1521886475.54700,1.58400,1.82100,-4.66400,31.38500,105.23700,7.73700
1521886475.57400,-1.54700,-1.29900,1.03700,25.74100,103.78000,8.86500
1521886475.62900,-1.24500,0.07400,0.63700,23.08500,102.26300,11.60500
1521886475.62900,0.34500,-0.43000,0.68000,19.89600,99.53300,14.08100
1521886475.65100,-0.23600,0.03200,-0.20200,17.28600,99.46600,15.80900
1521886475.67800,-0.20100,0.09400,-0.39300,15.82800,99.78800,16.12900
1521886475.70400,-0.03500,-0.09100,-0.10400,14.81400,99.55700,17.09100
1521886475.76000,0.42500,0.09200,0.36200,14.83100,99.36600,17.75400
1521886475.76000,-0.07200,-0.13600,-0.32500,14.70100,100.27000,18.69100
1521886475.78300,0.12200,0.00900,-0.13000,14.51800,100.90600,19.09500
1521886475.80900,0.12200,-0.00700,-0.12300,14.22100,101.38800,19.75300
1521886475.83700,0.15800,0.00500,-0.22400,13.36300,102.10100,20.59100
1521886475.86100,0.06000,-0.01900,-0.28300,12.42200,102.39400,21.19400
1521886475.88800,0.17600,0.04800,-0.20800,10.87800,102.49800,22.33300
1521886475.94500,0.14800,0.11000,-0.14900,9.81100,102.46600,23.17500
1521886475.94500,0.07300,0.09400,-0.26200,8.00900,102.64400,24.46400
1521886475.96700,0.18000,0.21100,-0.32100,5.73700,102.91000,25.89500
1521886475.99300,0.25400,0.26700,-0.35700,3.95100,102.03000,27.01700
1521886476.02100,0.34000,0.29300,-0.49500,0.33800,102.32800,28.96500
1521886476.04700,0.38700,0.28800,-0.60500,-2.76700,101.82300,30.47600
1521886476.07100,0.59900,0.40300,-0.95900,-8.42600,102.73900,32.90500
1521886476.09800,2.26200,0.31500,-0.97200,-13.02300,104.20100,34.35000
1521886476.12600,1.20500,0.61300,-1.33500,-22.76100,107.56800,37.09100
1521886476.18100,0.91400,-0.32800,-1.10300,-34.94100,111.68000,40.47200
1521886476.18200,0.38100,-0.37000,-1.19900,-42.19500,114.58000,41.31300
1521886476.20300,0.50400,-0.54400,0.48400,-49.30500,119.05000,40.85000
1521886476.23000,-0.17800,-1.49800,-0.73200,-50.54300,125.37800,37.61600
1521886476.25700,-0.59200,-1.43300,-0.95900,-47.70900,131.93000,32.95200
1521886476.28300,-0.51200,-1.04500,-0.44000,-43.22000,135.45300,30.99300
1521886476.33700,-0.24700,-0.91000,-0.37400,-39.47400,137.08300,30.13700
1521886476.33800,-0.25600,-0.86000,-0.60300,-31.73500,140.05300,27.60000
1521886476.36300,-0.16100,-0.69700,-0.74300,-25.66700,142.25600,25.27300
1521886476.38900,-0.13500,-0.48500,-0.74800,-16.37200,145.84400,21.35400
1521886476.41400,-0.35600,-0.05900,-0.79200,-9.87700,148.44700,18.57800
1521886476.43900,-0.44800,0.45600,-0.73000,0.33100,152.27700,14.36100
1521886476.46500,-0.41900,1.47200,0.08400,11.30100,154.86400,10.11400
1521886476.52100,-0.35500,1.80600,1.18000,18.90900,155.32200,7.16900
1521886476.52200,-0.40500,0.51200,2.91300,28.05500,155.55200,4.21300
1521886476.54400,-0.00700,-0.02500,3.28100,30.46700,155.44100,2.97800
1521886476.59900,0.17600,-0.30100,2.64200,31.26500,156.09900,3.27300
1521886476.60000,-2.23500,1.70700,-4.10700,28.15400,156.01000,3.80100
1521886476.62300,0.22000,-1.10700,1.72900,26.06900,156.02700,3.67900
1521886476.64900,-0.30500,0.05400,0.17200,22.24100,153.75700,5.84600
1521886476.67500,0.59400,-0.43600,0.21000,20.32800,152.88600,7.27500
1521886476.70200,0.21100,-0.09300,0.12200,18.14000,153.02400,8.76700
1521886476.72800,-0.14200,-0.04900,0.14400,16.41800,153.97200,9.26200
1521886476.75400,-0.04100,-0.01900,0.01000,15.84600,154.33200,9.73900
1521886476.78100,0.19800,-0.01500,-0.01800,15.52300,154.48100,10.40300
1521886476.80600,0.27600,0.01000,-0.04900,15.38500,154.81500,10.75500
1521886476.83600,-0.04100,-0.01700,-0.08900,15.11100,155.64900,10.99200
1521886476.85900,0.09800,0.03000,-0.05900,14.92200,155.97200,11.12100
1521886476.88800,0.19000,0.01900,-0.13600,14.53300,156.43500,11.50800
1521886476.91300,-0.17300,0.00200,-0.11500,13.61400,157.30000,11.97800
1521886476.93800,0.05700,0.07100,-0.27200,12.82800,157.65900,12.44700
1521886476.96400,0.12200,0.12000,-0.06200,11.15700,158.24200,13.53200
1521886476.99100,-0.03300,0.08400,-0.11900,9.84700,158.91700,14.28400
1521886477.01900,-0.00700,0.20600,-0.23600,7.67000,160.03200,15.31400
1521886477.02000,-0.11400,0.24500,-0.22000,5.08500,161.12300,16.53400
1521886477.07400,0.00400,0.36500,-0.38900,3.11100,161.68800,17.46500
1521886477.07500,-0.05000,0.31200,-0.54500,-0.55700,162.51300,19.06500
1521886477.12500,-0.24300,0.27000,-0.60600,-3.50600,163.99100,20.30600
1521886477.12500,-0.41300,0.35400,-0.85500,-8.62300,165.53200,22.32700
1521886477.14800,0.31000,0.25100,-2.14400,-14.89800,168.39200,24.36800
1521886477.17500,-0.57500,0.69800,-1.21300,-20.46200,169.97600,26.69700
1521886477.20100,-0.25800,-0.25900,-1.75300,-30.32500,173.45700,30.58000
1521886477.22600,-0.88200,-0.17200,-1.04800,-36.59100,176.30000,31.30900
1521886477.25300,0.85600,-0.13400,-0.05100,-43.34300,179.06600,31.34100
1521886477.28100,-0.21800,-0.94700,-0.24400,-44.64300,-176.32000,29.07900
1521886477.30700,-0.44200,-1.19300,-0.25900,-42.23300,-173.36000,26.19500
1521886477.33200,-0.74500,-1.20700,-0.22300,-37.01500,-172.19300,23.93200
1521886477.35800,-0.39400,-1.04400,-0.15900,-33.18000,-171.45900,22.51300
1521886477.38400,-0.27100,-0.74100,-0.35700,-26.04800,-169.67600,19.37300
1521886477.41000,-0.61100,-0.61400,-0.32200,-20.41600,-168.39800,16.91200
1521886477.43600,-0.57900,-0.33700,-0.43900,-11.31000,-166.78700,13.21200
1521886477.46300,-0.48500,0.22800,-0.38100,-1.44600,-165.28800,9.21000
1521886477.48900,-0.41400,0.53500,-0.26900,5.58600,-164.50900,6.54500
1521886477.51500,0.14800,1.23400,0.15200,16.70300,-164.36100,2.27300
1521886477.57100,1.13000,1.70500,1.00700,24.35500,-165.82600,-0.76700
1521886477.57200,2.01900,0.53600,2.16000,33.84300,-168.99800,-5.10200
1521886477.59400,2.19900,-0.53900,2.49100,37.74300,-170.76700,-7.01600
1521886477.62000,1.86000,-1.01200,2.59600,39.52400,-172.67300,-8.10100
1521886477.64700,-0.17700,-0.45500,-0.42300,36.09900,-174.27100,-6.42300
1521886477.67300,-2.44400,1.44800,-2.63700,33.50000,-176.28500,-6.23300
1521886477.70200,0.17200,-0.92400,0.93300,28.92600,-177.69200,-4.92700
1521886477.72500,1.42500,-0.09900,1.78500,25.55700,-177.95800,-1.89400
1521886477.75200,0.16300,-0.30900,0.21300,22.30200,-179.93500,1.12600
1521886477.77900,0.39500,-0.06800,0.25500,19.88400,179.71000,3.06800
1521886477.80500,-0.15600,0.07800,0.12500,18.48600,-179.30400,3.80800
1521886477.83100,-0.16200,0.00300,0.04000,17.04700,-178.54000,4.69500
1521886477.91500,0.11600,-0.10600,-0.02700,16.55800,-178.66400,5.45600
1521886477.91600,0.34900,0.00300,-0.24000,16.17500,-178.85400,6.37600
1521886477.91600,-0.09900,-0.04600,-0.02500,15.93600,-178.49400,6.95100
1521886477.93600,0.04400,0.04200,-0.04400,15.41700,-178.02800,7.55700
1521886477.96200,0.05400,0.05500,-0.12800,14.68200,-177.92300,8.44600
1521886477.98800,0.03500,0.03900,-0.08200,13.91800,-177.66000,9.21900
1521886478.01600,-0.05600,0.01200,-0.04300,12.37200,-177.36100,10.51100
1521886478.04100,0.06700,0.05200,-0.14800,11.22600,-177.16900,11.50200
1521886478.09600,0.00700,0.24000,-0.04500,9.57800,-176.89800,13.10900
1521886478.09600,-0.13200,0.19100,-0.07400,8.45600,-176.48200,14.09800
1521886478.11900,-0.06200,0.31700,-0.22000,6.37200,-175.41900,15.69600
1521886478.14500,-0.13700,0.42700,-0.38700,3.53700,-174.30600,17.56300
1521886478.17100,-0.26100,0.39900,-0.40900,1.03500,-173.40300,18.94900
1521886478.19800,-0.44200,0.49600,-0.56300,-3.69000,-171.50500,21.22300
1521886478.22400,-0.56000,0.62000,-2.46200,-7.40200,-169.44300,22.59200
1521886478.25100,-0.90200,0.51700,-1.18100,-14.66300,-165.14000,24.89800
1521886478.27700,-1.09100,-0.15000,-1.44000,-24.51700,-159.42000,27.94100
1521886478.30300,-1.02400,-0.20800,-0.75100,-30.99500,-155.43700,28.90900
1521886478.32900,0.55700,-1.02300,-0.35600,-37.74500,-149.74600,28.29800
1521886478.35700,-0.77300,-1.10500,0.14000,-38.82300,-143.83000,25.91400
1521886478.38300,-0.83500,-1.17900,0.23800,-35.72500,-140.08000,23.49300
1521886478.41000,-0.87000,-1.13800,0.34100,-30.50200,-139.18900,23.13800
1521886478.43500,-0.31300,-1.04500,0.11000,-26.59800,-138.81700,22.97900
1521886478.46100,-0.46100,-0.69900,0.08900,-18.98700,-137.12500,21.37800
1521886478.48700,-0.70200,-0.65100,0.21600,-13.21200,-135.45200,19.65500
1521886478.54300,-0.75400,-0.42100,0.29500,-3.96900,-132.98600,16.68700
1521886478.54300,-0.62800,0.03200,0.33900,2.69600,-131.44500,14.54400
1521886478.56500,-0.51500,0.46500,0.47900,13.26800,-129.65900,10.99800
1521886478.59300,0.15300,0.98700,0.59700,24.51100,-129.12500,6.74600
1521886478.61900,1.53800,1.46500,0.76200,32.08200,-129.97600,3.16600
1521886478.67400,3.49600,0.15700,0.86700,41.13500,-131.79400,-1.08000
1521886478.67500,3.20600,-0.81900,1.17600,43.63400,-132.24800,-2.73400
1521886478.69700,3.05300,-0.73200,1.29200,44.05900,-130.88700,-1.64600
1521886478.72300,-3.38100,1.76000,-0.38500,40.64700,-131.29500,-0.12100
1521886478.75100,3.43100,-0.49400,2.40900,38.77200,-130.75200,0.12100
1521886478.77600,0.92500,0.14400,1.40100,33.11100,-132.47600,3.34700
1521886478.80200,0.48400,-0.05800,-0.00400,30.79100,-133.57300,4.00600
1521886478.82900,0.34800,-0.31500,-0.39500,28.55500,-133.73000,6.05000
1521886478.88500,0.09900,0.05700,0.08300,26.85900,-132.55500,7.17900
1521886478.88500,-0.07700,-0.02700,0.15700,25.91800,-132.00900,7.73300
1521886478.90700,0.13400,-0.03800,0.11800,24.99800,-131.98800,8.61400
1521886478.93500,0.13600,-0.00400,-0.26700,24.54100,-131.98300,9.23200
1521886478.96000,0.09000,-0.04200,0.19600,23.92300,-131.45300,10.06000
1521886478.98600,0.13000,0.00000,-0.07200,23.46100,-131.19600,10.53000
1521886479.01200,0.11100,0.02700,-0.11300,22.81500,-130.76300,11.36600
1521886479.03800,0.10100,0.11500,-0.41600,21.83800,-129.85900,12.34100
1521886479.06400,0.23800,0.10400,-0.09500,20.87800,-129.15200,13.00400
1521886479.09200,0.04800,0.17200,0.11500,19.28600,-128.59600,14.08500
1521886479.11900,0.02800,0.18200,-0.01000,18.34100,-128.26500,14.88000
1521886479.14300,-0.05500,0.14500,-0.00400,16.65200,-127.45500,16.21400
1521886479.16900,-0.14300,0.24300,0.12100,14.38600,-126.53300,17.68500
1521886479.19600,-0.22200,0.32800,0.06000,12.55800,-126.01800,18.80900
1521886479.22300,-0.27600,0.33900,0.09000,9.05900,-124.49400,20.76000
1521886479.25000,-0.47600,0.37300,0.08000,6.20700,-123.86000,22.22100
1521886479.27400,-1.02800,0.65000,0.12300,1.15100,-121.93900,24.58200
1521886479.30300,-0.90600,0.78300,0.47200,-5.59000,-118.63400,27.26600
1521886479.32900,-1.37600,0.98000,-0.14700,-11.56100,-116.22700,30.00100
1521886479.35300,-1.34000,-0.01500,0.08600,-22.23100,-111.89000,33.83600
1521886479.38300,-0.12000,-1.12100,-0.30100,-29.23000,-109.07400,34.75000
1521886479.38400,0.11800,0.19500,-0.62800,-35.13600,-104.56000,34.54600
1521886479.43600,-0.41800,-1.19200,0.66300,-35.77900,-99.69100,32.39200
1521886479.43600,-0.44100,-1.30000,0.71800,-32.52800,-96.05900,29.93500
1521886479.45800,-0.12800,-1.04500,0.54200,-27.47700,-93.61700,28.14600
1521886479.51400,-0.20600,-0.93100,0.45200,-23.43500,-92.02600,26.77500
1521886479.51400,-0.32700,-0.70200,0.68000,-15.68800,-89.49900,24.04700
1521886479.53700,-0.34300,-0.53300,0.63400,-9.79100,-87.92300,21.96100
1521886479.59000,-0.37500,-0.11600,0.60500,-0.37300,-85.43200,18.45000
1521886479.61600,-0.08200,0.29100,0.71800,9.58900,-82.55100,14.68100
1521886479.67500,0.22200,0.63300,0.83600,16.57700,-80.93100,12.13600
1521886479.67500,1.36900,1.61900,-0.21500,27.55600,-81.59800,7.44400
1521886479.67500,2.63100,1.40800,-1.76400,34.51600,-84.26900,3.55600
1521886479.69500,2.67500,-0.44500,-1.82500,41.75600,-88.40500,-1.22300
1521886479.72100,3.02400,-0.49700,-1.63800,43.83700,-90.05100,-2.85400
1521886479.74700,1.93900,-0.81600,-0.92300,42.84500,-89.96500,-1.83500
1521886479.77300,2.90900,1.28600,0.26000,38.61700,-92.10300,-1.77000
1521886479.80000,0.35600,-1.24200,-2.03100,34.64200,-91.88600,0.68400
1521886479.82500,-0.22800,0.18200,0.34600,30.76800,-93.64700,4.19800
1521886479.85100,-0.20300,-0.41200,-0.63600,28.52500,-93.67200,5.59400
1521886479.90700,0.47400,0.03800,0.04900,25.89300,-92.78400,7.28100
1521886479.90800,0.38000,-0.11000,0.19900,23.79500,-92.16100,8.16400
1521886479.93200,0.19000,-0.09000,-0.05300,22.88600,-92.12600,8.80300
1521886479.95700,0.03200,0.10800,-0.18800,22.30300,-92.48000,9.37800
1521886479.98400,0.20800,-0.07800,0.17700,21.83900,-92.33500,9.77800
1521886480.00900,0.14400,-0.04900,0.19400,20.95000,-91.83400,10.33000
1521886480.03500,-0.05200,0.01300,-0.21200,20.47200,-91.96900,10.74300
1521886480.06300,0.10100,0.04600,-0.05000,19.67800,-91.63700,11.44300
1521886480.09000,0.07900,0.04500,0.04000,18.52600,-90.79300,12.19800
1521886480.11500,0.06700,0.06300,0.10200,17.62500,-90.19300,12.79700
1521886480.14100,0.16300,0.16500,0.12500,16.10600,-89.60300,13.79900
1521886480.16700,0.02200,0.25100,0.15700,14.89300,-89.29400,14.39400
1521886480.19300,-0.03300,0.29400,0.16500,12.70200,-88.64400,15.36400
1521886480.21900,-0.23600,0.40400,0.17300,9.68900,-88.12300,16.53800
1521886480.27700,-0.17200,0.45200,0.35200,7.07300,-87.82200,17.52200
1521886480.27700,-0.47500,0.50800,0.55600,2.27100,-87.11700,19.24500
1521886480.30000,-0.54700,0.56600,0.77100,-1.51100,-86.21800,20.47500
1521886480.32600,-1.74900,0.55700,0.08200,-8.42500,-84.11100,22.57800
1521886480.35000,-1.17400,0.88300,0.57600,-14.24200,-82.79100,24.98500
1521886480.37700,-1.33700,-0.60700,0.16600,-25.00800,-80.07800,28.29300
1521886480.40300,0.12800,-0.79300,0.76700,-33.05600,-77.95200,28.86700
1521886480.42900,-0.02900,0.08900,-0.60400,-36.09400,-77.02600,29.02900
1521886480.45600,-0.28200,-1.18600,0.37400,-36.05900,-75.66000,27.68200
1521886480.48300,-0.19800,-1.25600,0.56900,-33.56600,-75.64100,26.65300
1521886480.50900,-0.14200,-1.12800,0.36900,-29.06700,-75.58900,25.02800
1521886480.56300,-0.28600,-0.90600,0.00500,-23.25900,-75.32500,23.46800
1521886480.56400,-0.31100,-0.75300,0.30000,-18.17600,-74.42300,21.81000
1521886480.58700,-0.32700,-0.54900,0.48900,-9.38000,-72.61700,18.88300
1521886480.61300,-0.35800,-0.36400,0.48500,-3.03700,-71.44000,16.86500
1521886480.63900,-0.14400,0.17500,0.44200,7.13300,-69.62500,13.65900
1521886480.66600,0.12800,0.78800,0.46900,14.35300,-68.61700,11.44100
1521886480.69300,0.49800,1.24100,-0.09300,25.96500,-68.65900,7.64000
1521886480.72100,1.91300,1.35900,-1.71600,37.45700,-71.23200,3.10100
1521886480.74400,2.25000,0.31000,-2.18100,43.03400,-72.67600,0.98800
1521886480.77300,2.57400,-1.37100,-2.02300,47.06100,-74.14500,-0.62700
1521886480.79700,2.69600,0.22400,-1.16400,46.98200,-75.65000,-0.82000
1521886480.82300,-1.71500,0.32400,0.97100,42.66600,-79.36400,-0.58500
1521886480.84900,4.01800,-0.07400,-0.85500,40.02100,-84.41900,-2.89600
1521886480.87600,0.16300,0.41700,-1.45300,34.84800,-85.21000,0.20800
1521886480.90200,0.27200,0.22400,0.01600,31.24100,-87.26600,3.32700
1521886480.92800,0.03800,-0.32300,-0.75600,29.16000,-88.18800,4.44100
1521886480.95400,0.33800,-0.00300,-0.06700,26.74100,-88.39700,5.94400
1521886480.98000,0.28300,-0.16300,0.19500,25.15100,-87.80900,6.42200
1521886481.00700,0.18100,-0.02700,0.02400,23.69200,-87.76500,7.22600
1521886481.03300,0.11700,-0.02400,-0.06100,23.12400,-88.28600,7.98100
1521886481.06200,0.02800,0.05600,-0.17500,22.75500,-88.18900,8.53800
1521886481.08700,0.19300,-0.04000,0.19300,22.00600,-87.60200,9.23700
1521886481.11300,0.13500,0.05400,0.09800,21.53200,-87.55600,9.67000
1521886481.13800,-0.00200,0.09300,-0.10700,20.60000,-87.54000,10.53700
1521886481.19300,0.06700,0.00700,0.05300,19.14400,-87.00300,11.54400
1521886481.19400,-0.00200,0.04500,0.10200,18.02800,-86.72900,12.24700
1521886481.21700,0.18100,0.15200,-0.05500,16.20100,-86.50600,13.58400
1521886481.24300,0.06800,0.27100,0.16000,14.95400,-86.24500,14.44600
1521886481.27000,0.10500,0.25300,0.25800,12.74400,-85.60100,15.72600
1521886481.29600,-0.12000,0.38700,0.21500,9.88500,-85.23500,17.19100
1521886481.32200,-0.16700,0.39000,0.31700,7.51900,-85.20200,18.26800
1521886481.34800,-0.43600,0.54500,0.28800,3.10900,-84.91900,20.11600
1521886481.37400,-0.68600,0.79900,0.84000,-0.41400,-84.27900,21.44300
1521886481.40100,-1.98100,0.56700,0.00700,-6.97200,-81.90400,23.12300
1521886481.45600,-1.00600,0.79300,0.95600,-12.46100,-80.30000,25.04800
1521886481.45700,-1.42200,-0.32200,0.39000,-22.89600,-77.18000,28.55400
1521886481.48100,-0.02200,-0.93800,0.54100,-31.94900,-73.56300,29.36400
1521886481.50800,0.15500,-0.02800,-0.23500,-35.67300,-71.68000,29.26900
1521886481.53400,-0.10100,-1.23700,0.54700,-37.26600,-69.53000,28.55300
1521886481.55900,-0.11600,-1.24800,0.65200,-34.91900,-69.15600,28.07000
1521886481.58500,-0.11300,-1.06100,0.43300,-30.01200,-69.22800,27.70800
1521886481.61100,-0.20900,-0.80000,0.19900,-24.08100,-69.09600,27.14400
1521886481.63700,-0.21700,-0.75600,0.40300,-18.93700,-68.19300,25.94200
1521886481.66600,-0.22900,-0.55700,0.68300,-9.89500,-65.85800,23.14700
1521886481.69200,-0.19200,-0.13100,0.65700,-3.45900,-64.05200,21.01000
1521886481.69300,-0.07000,0.15600,0.60100,6.93000,-61.24500,17.63700
1521886481.71500,0.21600,0.86000,0.50100,14.47400,-59.47200,15.45100
1521886481.74200,0.79400,1.50300,-0.27900,26.41500,-57.71500,12.31800
1521886481.76800,1.62800,1.22000,-1.65200,37.12300,-57.03100,9.75300
1521886481.79500,2.15200,0.04100,-2.23000,41.70800,-56.65300,8.71300
1521886481.82100,2.01600,-1.11200,-2.48100,44.60100,-56.47400,7.97800
1521886481.84800,2.14400,-0.41800,-2.13500,43.60400,-56.87700,8.52700
1521886481.90300,-0.54500,1.94400,4.20500,39.89100,-58.54500,9.04500
1521886481.90300,1.82300,-1.44900,-1.07100,34.30700,-59.68400,10.08300
1521886481.98500,1.37800,0.60900,-1.47800,31.70300,-61.97200,11.76800
1521886481.98500,-0.49000,-0.03600,-0.25600,28.29500,-64.72000,13.03500
1521886481.98600,0.25300,-0.08800,-0.16600,26.60300,-65.15200,14.54100
1521886482.00600,0.33100,0.08800,0.10100,24.44100,-64.30400,15.51300
1521886482.03200,0.27500,-0.06400,0.04200,23.40100,-63.94000,16.05300
1521886482.05800,0.05700,0.01800,0.04400,22.92200,-63.92900,17.08100
1521886482.08500,-0.02800,-0.00200,-0.05500,22.54300,-63.63400,17.94600
1521886482.11000,0.29500,-0.07900,0.22100,22.21500,-63.11800,18.40900
1521886482.13500,0.02600,0.02800,0.01200,21.77900,-62.85800,19.20100
1521886482.16200,-0.03400,-0.02400,-0.01400,21.45200,-62.65900,19.76000
1521886482.18800,0.05500,0.00300,0.08200,20.79100,-62.22300,20.57100
1521886482.21500,0.18400,0.08100,0.15800,19.68000,-61.92300,21.38900
1521886482.24100,0.13600,0.10500,0.11500,18.76400,-61.75700,22.07200
1521886482.26700,0.11800,0.11600,0.12300,17.34400,-61.47900,23.22100
1521886482.29300,-0.07000,0.20600,0.11600,16.27500,-61.28700,24.02400
1521886482.31900,-0.03300,0.20700,0.18800,14.29900,-60.84400,25.34200
1521886482.34600,-0.00600,0.29600,0.36300,12.55900,-60.43300,26.29400
1521886482.37200,-0.01400,0.31200,0.43000,9.19700,-59.87100,27.94600
1521886482.40100,-0.02500,0.29400,0.53300,4.74800,-59.23300,29.90500
1521886482.42600,-0.08300,0.36900,0.77400,1.18500,-58.36500,31.34600
1521886482.47700,-0.50900,0.70800,1.27700,-11.51700,-54.30100,35.69800
1521886482.50300,-0.75500,0.08900,1.77900,-22.85800,-51.21200,39.69600
1521886482.52900,0.30400,-0.27100,1.13000,-34.43200,-47.98900,41.92400
1521886482.55600,-0.48500,-0.80800,-0.23200,-40.07100,-46.83700,42.80500
1521886482.58200,0.41800,-1.32400,0.75300,-43.36200,-41.65000,41.18800
1521886482.60800,0.33200,-1.25100,0.55500,-42.28800,-39.99600,40.09000
