1537006585.52200,-0.03400,0.13200,0.11900,-8.52600,-169.84000,-3.80600
1537006585.52300,-0.14100,0.06300,-0.08200,-9.08400,-170.59600,-2.10300
1537006585.52300,0.09300,0.02100,0.14700,-9.03300,-169.99900,-1.10700
1537006585.52400,0.00000,0.02700,0.07400,-8.93900,-169.08900,0.27500
1537006585.57600,0.12900,-0.06600,0.02800,-8.65900,-168.36000,1.79500
1537006585.57600,0.17500,0.02200,0.01300,-8.71100,-168.16700,2.69600
1537006585.57700,0.04500,0.01800,0.05300,-8.75600,-168.58000,3.87500
1537006585.57800,0.01700,0.03700,0.03000,-8.82000,-169.04000,4.57300
1537006585.65000,-0.01200,0.04500,0.07800,-8.80000,-169.75000,5.62600
1537006585.65100,0.00300,0.03900,0.00600,-8.72700,-170.17400,6.39400
1537006585.65100,0.02300,0.02600,0.00000,-8.48000,-170.78100,7.61100
1537006585.70300,-0.02200,0.02400,0.07500,-8.15800,-171.36900,8.87200
1537006585.70300,-0.02700,0.04700,0.08600,-7.91800,-171.73900,9.79200
1537006585.70400,-0.05000,0.07400,0.11300,-7.35500,-172.16000,11.32100
1537006585.75100,-0.09000,0.12600,-0.04700,-6.93900,-172.54600,12.41200
1537006585.75100,-0.15500,0.09000,0.02100,-6.01600,-173.10400,14.44400
1537006586.02000,-0.19400,0.16600,0.21900,-4.92000,-173.47100,16.92100
1537006586.02100,-0.20800,0.24200,0.23100,-3.95600,-173.66700,18.89200
1537006586.02100,-0.38500,0.19100,0.23100,-1.85900,-174.15800,22.40300
1537006586.02200,-0.56900,0.21100,0.21600,-0.19200,-174.36400,25.19700
1537006586.12800,-1.07800,0.19900,0.53400,2.19700,-175.05800,30.26900
1537006586.12800,-0.42800,0.26700,0.29700,3.36900,-175.61300,33.67200
1537006586.12900,-0.49200,0.04100,0.45300,6.56800,-176.27700,38.59700
1537006586.12900,-0.76400,0.12500,0.33300,9.90800,-176.47900,43.39200
1537006586.25700,-0.45700,-0.02700,0.41100,12.49800,-176.60600,45.81500
1537006586.25700,0.02000,-0.42100,0.57800,17.19700,-177.93200,48.25300
1537006586.25800,-0.51400,-1.32200,0.23600,20.24800,-179.99800,48.31600
1537006586.25900,-0.22400,-1.10500,-0.11900,22.99600,176.96500,45.40500
1537006586.33600,-0.21800,-0.62200,0.17600,22.03000,174.50400,41.68200
1537006586.33700,-0.26200,-0.66700,0.23400,19.96100,172.78800,37.99000
1537006586.33700,-0.46000,-0.57200,0.25500,15.44800,170.42000,31.56400
1537006586.33700,-0.48900,-0.04700,0.07900,11.22300,169.73600,27.20000
1537006586.35900,-0.42200,0.21900,0.09000,4.20100,170.98500,20.34400
1537006586.35900,0.00300,0.50100,-0.16000,-2.17600,175.10700,13.02400
1537006586.36000,-0.17200,0.27500,0.32100,-5.05600,179.44300,7.92400
1537006586.38100,-0.29000,1.23500,-0.21600,-8.92100,-175.30900,-1.59200
1537006586.38200,0.57100,1.50400,-0.15200,-10.94600,-171.63000,-8.40100
1537006586.41300,1.84900,0.89200,-0.68500,-11.69600,-165.50300,-18.74300
1537006586.41300,2.00800,-0.25100,-0.10300,-11.22500,-163.00400,-24.42200
1537006586.41400,2.05200,-1.61800,-0.59100,-12.65000,-162.48200,-30.72300
1537006586.41500,1.32700,-0.79400,-0.12900,-15.07600,-163.51200,-30.55100
1537006586.43000,0.96100,-0.29000,-0.25900,-15.42900,-164.61700,-27.09500
1537006586.45700,-2.72100,2.10100,-0.03100,-14.53000,-162.59800,-21.72800
1537006586.48400,1.04600,-0.18400,-1.37900,-12.53300,-160.58000,-21.04900
1537006586.53900,1.31600,0.02100,-0.16900,-11.23400,-156.42800,-17.48200
1537006586.54000,0.24900,0.76200,-0.45600,-12.15800,-155.13700,-13.27400
1537006586.56100,0.03500,0.11400,-0.03000,-12.98500,-154.40500,-10.98000
1537006586.61700,0.59000,-0.30200,0.12800,-12.02500,-150.68700,-9.46700
1537006586.61700,0.34700,-0.23000,-0.12600,-12.22400,-151.44400,-8.34500
1537006586.88600,-0.20300,0.16700,0.04700,-13.21900,-155.49400,-5.68000
1537006586.88700,-0.15000,-0.03800,0.10600,-13.41500,-157.31300,-4.56300
1537006586.88800,0.04700,0.11000,0.10200,-13.77500,-157.25100,-3.75600
1537006586.88900,-0.03100,-0.12800,0.15800,-13.82500,-156.76300,-2.77600
1537006586.90400,0.16200,0.04000,-0.00100,-13.88800,-156.22300,-2.22300
1537006587.03800,0.09600,-0.04100,-0.00100,-14.13600,-156.52100,-1.06100
1537006587.03900,-0.09500,0.00700,0.15600,-14.20300,-157.55300,-0.22500
1537006587.06500,-0.07500,0.01300,0.07100,-14.34200,-158.52300,0.97900
1537006587.06500,0.02600,0.00400,0.05200,-14.34900,-158.57600,2.18000
1537006587.09600,0.05900,0.01000,0.05900,-14.34100,-158.54700,3.05400
1537006587.09700,0.03100,0.02500,0.07200,-14.34300,-158.76100,4.53700
1537006587.11400,-0.00700,0.04900,0.00400,-14.19200,-159.91300,8.76400
1537006587.14800,-0.02100,0.02900,0.03900,-14.09200,-160.27900,9.82300
1537006587.14900,-0.01600,0.07800,0.00500,-13.98500,-160.79400,11.52100
1537006587.17500,-0.03400,0.13900,0.07500,-13.34600,-162.59600,16.37100
1537006587.17500,-0.09800,0.16100,0.01700,-12.71500,-164.07300,19.00200
1537006587.17500,-0.29400,0.17300,0.14100,-11.48900,-166.18800,21.98700
1537006587.17600,-0.41500,0.26200,0.17400,-10.34700,-167.43800,24.26500
1537006587.19200,-0.77400,0.29300,0.36100,-8.01700,-169.48100,28.32800
1537006587.35900,-0.81100,0.20700,0.22100,-6.12900,-171.10700,31.52900
1537006587.36000,-0.61500,0.13700,0.26000,-2.92300,-173.95900,36.15100
1537006587.36100,-0.72500,-0.03300,0.82000,1.25600,-176.10500,41.13000
1537006587.36200,-0.71200,0.24200,0.44900,3.91700,-177.42700,43.87700
1537006587.42900,-0.53200,-0.13500,0.29400,7.78500,-178.92200,47.34100
1537006587.46300,0.10000,-0.36500,0.63600,11.34500,-179.97200,49.13800
1537006587.46400,-0.59100,-1.17500,0.16500,15.47100,177.59100,49.22800
1537006587.46500,-0.24800,-0.97600,0.00600,17.16400,176.21800,47.66500
1537006587.46600,-0.24500,-0.60500,0.03700,16.42300,174.35700,44.48900
1537006587.51200,-0.43600,-0.70000,0.09300,13.76000,173.04300,39.48400
1537006587.51300,-0.39700,-0.50400,0.17800,10.95700,172.59700,35.30100
1537006587.51400,-0.63600,-0.31900,0.21100,5.67200,173.16100,28.41100
1537006587.64700,-0.36700,0.13600,0.22100,1.85700,174.69500,22.97900
1537006587.64800,-0.23900,0.41600,0.19300,-3.37800,178.45700,14.23200
1537006587.64900,0.01500,0.88000,0.16300,-7.22900,-176.87800,4.78200
1537006587.66500,1.53800,1.57700,-0.83800,-11.30800,-167.77000,-12.36400
1537006587.76900,1.75800,-0.53500,0.18300,-10.36200,-165.57200,-18.04900
1537006587.87600,1.71300,-0.90900,-0.45900,-10.74600,-163.09600,-24.21200
1537006587.96200,1.66300,-0.77700,-0.49600,-11.49300,-162.66900,-25.81200
1537006587.96300,1.09400,-0.35700,-0.58300,-11.74300,-162.26100,-23.25900
1537006587.96400,-0.67100,0.59500,0.14500,-9.89500,-159.49900,-19.86200
1537006587.96400,1.36300,-0.32500,-0.59000,-9.75400,-159.37300,-18.05100
1537006588.06700,0.84400,0.79700,-0.55100,-10.22000,-157.84300,-12.84000
1537006588.06800,-0.09500,-0.00200,-0.31100,-10.05700,-157.62800,-10.32100
1537006588.09300,0.13400,0.17800,0.00300,-11.50700,-156.94500,-5.21000
1537006588.09400,-0.24200,0.08100,0.18800,-12.02700,-158.99900,-3.39200
1537006588.09500,-0.08600,0.00300,0.06400,-12.16900,-159.29800,-2.53500
1537006588.09600,-0.02100,0.08900,0.11100,-12.65500,-158.66200,-1.71800
1537006588.11900,0.00300,-0.07300,0.18900,-12.87300,-158.31800,-0.57800
1537006588.12000,0.11100,0.02700,0.05200,-13.17700,-158.28200,0.21000
1537006588.12100,0.04300,-0.00300,-0.01900,-13.42600,-158.86300,1.25800
1537006588.12200,0.00700,0.01500,-0.01400,-13.62900,-159.42700,1.96700
1537006588.19500,-0.00600,-0.00400,0.10100,-13.83700,-159.94000,2.88500
1537006588.19600,0.01100,0.04100,0.03700,-13.94000,-160.18800,3.44200
1537006588.19700,0.02600,0.01200,0.08800,-13.92200,-160.63700,4.38200
1537006588.21600,-0.06900,-0.05100,0.03700,-13.85400,-161.97400,5.36600
1537006588.24200,-0.01700,0.01800,0.07700,-13.88600,-162.42200,5.96900
1537006588.29600,-0.05200,0.03600,0.03700,-13.83600,-163.32600,6.99000
1537006588.32300,-0.03700,0.01400,0.04700,-13.78700,-163.55500,7.78500
1537006588.32400,-0.04000,0.02600,0.05600,-13.71300,-164.28600,9.08900
1537006588.34700,-0.04300,0.08000,0.06400,-13.57600,-164.72400,10.60200
1537006588.37300,-0.06500,0.04600,0.04200,-13.34300,-165.49800,11.76900
1537006588.39900,-0.07600,0.05600,0.04000,-12.96500,-166.10700,13.68300
1537006588.42600,-0.04900,0.11900,0.04200,-12.69900,-166.91600,15.11900
1537006588.45100,-0.03100,0.10600,0.00900,-12.01100,-167.91900,17.59800
1537006588.47800,-0.14000,0.11600,0.03700,-11.33600,-169.22200,19.37300
1537006588.53400,-0.22600,0.18500,0.12300,-9.97900,-170.73900,22.28600
1537006588.53500,-0.55400,0.20300,0.31800,-8.06100,-172.32600,25.73800
1537006588.58600,-0.66300,0.34900,0.41000,-6.42900,-173.50100,28.46100
1537006588.58600,-1.18000,0.04000,0.23500,-3.07300,-175.80200,33.22200
1537006588.66800,-0.98300,0.17200,0.09800,-1.13800,-177.32900,36.13000
1537006588.66800,-0.55400,0.18800,0.57300,2.77700,-177.97700,41.30100
1537006588.66900,-0.89800,0.11400,0.54800,5.88700,-178.55200,45.57200
1537006588.68800,-0.59900,-0.29800,0.23500,7.84800,-178.23700,47.96500
1537006588.77200,0.12000,-0.13500,0.60100,12.34400,-178.16900,50.78200
1537006588.77300,-0.67400,-1.24200,0.36900,14.30200,-178.26900,51.01800
1537006588.77400,-0.31900,-1.00200,0.10700,16.08700,-179.33900,48.79900
1537006588.85300,-0.22900,-0.58500,0.08600,15.36500,-179.36600,45.46200
1537006588.85300,-0.29900,-0.67800,0.17100,14.11500,-179.34300,41.99600
1537006588.85300,-0.40800,-0.69600,0.34700,11.13600,-179.64400,35.09900
1537006588.97700,-0.37200,-0.41100,0.38600,8.44100,-179.64800,30.09000
1537006589.04100,-0.39100,-0.13300,0.42800,3.99800,-178.73900,21.67600
1537006589.04200,-0.29900,0.28400,0.41600,-0.74600,-176.61100,12.59200
1537006589.04200,-0.13100,0.70400,0.29700,-3.71200,-174.28500,6.09300
1537006589.04300,0.24000,1.51300,0.19900,-7.48700,-169.55600,-4.62600
1537006589.09300,1.27300,2.27700,-0.63500,-9.22800,-165.68800,-12.05800
1537006589.09300,2.08600,-0.48700,-0.33200,-8.29700,-160.98800,-21.59800
1537006589.09300,2.26800,-1.28600,-0.84100,-8.19800,-158.62900,-26.74400
1537006589.09300,2.41000,-1.68300,-0.87800,-9.47200,-156.70800,-28.66100
1537006589.19100,-0.22800,0.39900,-0.68500,-9.51800,-155.92300,-24.15700
1537006589.19100,-2.45700,2.61400,1.17200,-7.97400,-153.11700,-21.39800
1537006589.21500,0.45300,0.55600,-1.52800,-6.91200,-150.54900,-18.50100
1537006589.32700,1.48200,-0.01900,-0.07300,-5.88000,-149.06700,-14.65200
1537006589.32800,0.54800,0.43400,0.06400,-7.84100,-148.65700,-10.10700
1537006589.32900,0.15000,-0.39200,-0.06600,-8.74600,-147.54600,-6.77000
1537006589.32900,0.39600,-0.19700,0.14900,-8.76600,-146.46700,-5.53900
1537006589.45900,0.14500,0.03900,0.17500,-9.33900,-147.75200,-3.57400
1537006589.45900,-0.14800,0.10800,0.15400,-10.03700,-149.13000,-2.31100
1537006589.46000,-0.05900,0.03100,0.06800,-10.35400,-149.20000,-0.91700
1537006589.46100,0.09200,0.01000,0.03100,-10.30900,-148.25200,0.13500
1537006589.47600,-0.04900,0.01100,0.10400,-10.27400,-147.98600,0.94600
1537006589.50500,0.08100,0.02600,0.07600,-10.13000,-147.54300,2.25800
1537006589.56000,0.11500,-0.06500,-0.03100,-9.97000,-147.45300,3.19200
1537006589.56100,-0.01900,0.01600,0.05800,-10.07300,-147.94200,4.32500
1537006589.56200,-0.02300,0.02100,0.06100,-10.12600,-148.19400,5.03500
1537006589.58900,0.01100,0.00400,0.08800,-9.95200,-148.20800,6.12100
1537006589.59000,0.06100,0.03000,0.04900,-9.65900,-148.42300,7.28900
1537006589.59100,-0.01000,-0.02800,0.08500,-9.43100,-149.19700,8.12200
1537006589.60700,-0.01800,0.09200,0.09200,-8.77700,-150.53700,10.21300
1537006589.63300,-0.10600,0.09500,0.03000,-8.02900,-150.98100,11.71100
1537006589.71900,-0.19900,0.10600,0.04500,-7.17500,-151.67300,13.51700
1537006589.71900,-0.19200,0.16400,0.05300,-6.58400,-152.02700,14.99600
1537006589.71900,-0.17700,0.21700,0.15600,-5.41400,-152.70900,17.74600
1537006589.73900,-0.19700,0.23800,0.36900,-4.30000,-153.04400,19.96500
1537006589.76500,-0.43700,0.31700,0.47000,-2.14500,-154.01100,23.95400
1537006589.82100,-0.70300,0.31800,0.64500,-0.24900,-154.78600,27.23700
1537006589.82100,-1.11500,0.18400,0.79600,3.14200,-156.43400,33.17400
1537006589.95700,-0.48400,0.10700,0.47300,7.08100,-158.41600,38.22800
1537006589.95800,-0.38800,-0.04300,0.83500,9.79600,-158.46800,41.58600
1537006589.95900,-0.56500,0.00600,0.66000,13.40900,-157.22900,46.13500
1537006589.96000,0.22400,-0.20400,0.67400,15.61900,-156.24900,48.36500
1537006590.06000,0.03000,-0.74300,0.44700,19.95700,-156.40000,50.10300
1537006590.06000,-0.22500,-1.29500,0.23900,22.58800,-157.66300,47.79200
1537006590.06100,-0.16800,-1.00900,0.02400,23.00100,-158.15700,45.54800
1537006590.08000,-0.08800,-0.46500,0.27800,20.58600,-158.73700,41.13100
1537006590.29900,-0.09000,-0.71100,0.36300,18.39100,-158.38400,37.18200
1537006590.29900,-0.13000,-0.38600,0.65100,13.04300,-156.31700,30.81000
1537006590.30000,-0.07000,0.03900,0.74700,8.83100,-153.87400,26.33200
1537006590.30100,0.18000,0.33200,0.62400,3.04000,-148.60600,19.07400
1537006590.32000,0.33500,0.51500,0.41200,-1.38600,-142.58300,11.08800
1537006590.32000,0.32900,0.64800,0.51100,-3.56000,-138.58500,5.18100
1537006590.37800,0.63900,1.35800,0.16900,-6.30900,-132.10400,-4.46500
1537006590.37800,1.45800,0.95400,-0.75700,-7.16100,-127.32600,-10.99800
1537006590.37900,1.07300,0.23300,-1.71700,-7.56400,-122.79900,-19.79100
1537006590.37900,1.25800,-1.14400,-0.85200,-9.02300,-123.12700,-26.08300
1537006590.40100,0.98600,-0.76400,-1.45900,-11.96500,-123.97900,-27.73300
1537006590.40200,0.53600,-0.44700,-0.96400,-14.05700,-125.20900,-26.22700
1537006590.40300,0.30200,-0.16900,-0.96100,-14.49000,-125.13900,-23.41000
1537006590.42300,-0.76000,0.61000,-0.31200,-14.54900,-123.91500,-18.35600
1537006590.42400,-2.31400,1.04600,1.91300,-13.95800,-122.07000,-15.99800
1537006590.50500,-0.55800,-0.24700,-0.81400,-12.15800,-117.87000,-14.97400
1537006590.50600,1.41200,0.63000,-1.25600,-10.82600,-112.22100,-11.68200
1537006590.50700,-0.31900,0.54300,-0.27900,-11.66100,-111.60700,-9.28900
1537006590.52600,0.31900,-0.43300,0.02900,-12.04700,-110.07100,-7.23900
1537006590.61000,0.16600,-0.33400,-0.23700,-11.41400,-108.42700,-6.45900
1537006590.61100,0.04400,0.10300,-0.30600,-12.28000,-108.87200,-5.30800
1537006590.63300,-0.10700,-0.08400,0.24300,-12.88200,-112.53300,-2.68800
1537006590.65700,0.03200,-0.00400,0.13500,-13.28900,-112.45000,-1.80800
1537006590.68300,-0.04200,-0.00800,0.09000,-13.46300,-111.82400,-1.29600
1537006590.73800,0.02700,0.05400,0.09000,-13.51000,-110.49700,-0.57700
1537006590.73900,0.06800,-0.05300,-0.10200,-13.47600,-109.22600,0.48300
1537006590.76200,-0.04300,-0.02000,-0.01800,-13.50500,-109.46200,1.23900
1537006590.87600,-0.04000,0.06900,0.04200,-13.62300,-108.98800,2.08700
1537006590.87700,0.02800,0.00900,0.02700,-13.57200,-109.00600,2.71200
1537006590.87700,0.03600,-0.00900,0.03300,-13.45000,-108.74000,3.70200
1537006590.87700,0.00700,0.01100,0.02400,-13.30200,-108.64700,4.61500
1537006590.89300,0.01600,-0.04300,0.07400,-13.21000,-109.02000,5.21700
1537006590.91900,-0.02700,0.01000,0.05400,-13.05400,-109.00400,6.26700
1537006591.00400,-0.01900,0.01200,0.04500,-12.88600,-109.10700,7.01000
1537006591.00500,0.00900,0.02000,0.03000,-12.47900,-108.84900,8.12400
1537006591.00500,0.02500,0.03900,0.07600,-12.13800,-108.82400,8.87500
1537006591.11400,-0.01700,0.05400,0.07800,-11.53400,-108.69900,10.07100
1537006591.11400,0.00400,0.02300,0.06600,-10.71500,-108.94800,11.50500
1537006591.11400,0.09100,0.10500,0.12000,-10.15100,-109.10000,12.54100
1537006591.11500,0.01600,0.14700,0.11900,-9.09900,-109.71100,14.30700
1537006591.12900,-0.05100,0.19000,0.17200,-8.09100,-110.06000,15.62500
1537006591.39200,-0.03800,0.28300,0.36800,-6.35100,-110.80400,18.00400
1537006591.48100,-0.09200,0.30300,0.44400,-4.07700,-110.76900,21.19200
1537006591.48100,-0.03000,0.22300,0.54400,-2.18400,-111.09200,23.85200
1537006591.61300,0.09800,0.41300,0.42700,4.11500,-112.80100,37.22000
1537006591.61400,0.21400,-0.17700,0.73200,7.84600,-113.53500,41.19700
1537006591.61400,-0.00100,-0.01500,0.66800,10.08900,-114.01400,43.44600
1537006591.61500,0.51300,-0.16500,0.41400,13.82300,-115.06600,46.08800
1537006591.63800,0.04000,-1.15300,0.78900,17.26000,-116.54800,47.05300
1537006591.63800,-0.19400,-1.12000,0.69400,20.60200,-119.53900,45.62000
1537006591.63900,-0.04400,-0.64500,0.26600,21.36600,-120.51200,44.01500
1537006591.63900,0.00900,-0.49800,0.35100,19.03100,-120.75500,40.94700
1537006591.66300,0.15200,-0.52100,0.43100,14.86300,-119.96900,36.26100
1537006591.66400,0.14200,-0.36900,0.52400,11.52500,-118.79500,32.73000
1537006591.66500,0.25600,-0.00600,0.45400,5.81300,-115.55000,26.52800
1537006591.66600,0.37500,0.19700,0.43600,2.04600,-112.45900,21.82400
1537006591.69000,0.33800,0.35600,0.04900,-2.62500,-106.40300,14.80600
1537006591.69100,0.76800,0.27800,0.11200,-5.71600,-99.35800,6.74700
1537006591.69200,0.55600,0.88600,0.05000,-7.96000,-95.44400,0.89100
1537006591.69200,0.26900,1.07300,-0.59400,-10.25800,-89.13600,-8.38400
1537006591.71000,0.28500,0.68500,-1.13500,-10.84800,-85.41200,-14.48000
1537006591.71100,-0.38000,0.10700,-1.70300,-12.17300,-82.21300,-22.60700
1537006591.73300,-0.00200,-0.86400,-1.23800,-13.31500,-82.91900,-26.75400
1537006591.75900,-0.48000,-0.75400,-1.53800,-17.46000,-84.68600,-30.01700
1537006591.78500,-0.23700,-0.61900,-0.86100,-18.81200,-85.47200,-28.81500
1537006591.81100,-0.38800,-0.24000,-0.93700,-18.74900,-85.60400,-26.02600
1537006591.83800,-0.44000,0.13200,-0.71400,-18.37800,-84.88000,-20.60500
1537006591.86500,-0.04100,0.97900,2.36400,-18.13600,-83.82700,-17.83100
1537006591.89000,-0.83900,-0.17000,-0.10400,-16.53700,-82.19600,-16.43000
1537006591.91600,-0.08300,0.55700,-1.55600,-15.14900,-77.88700,-13.38300
1537006591.94300,-0.77400,0.67300,-0.26900,-14.99100,-76.22800,-10.79400
1537006591.97000,0.14100,-0.60700,-0.21400,-14.74100,-75.49600,-7.78400
1537006591.99500,0.22100,-0.31000,-0.18300,-14.40200,-73.72600,-6.53800
1537006592.02300,-0.28100,0.11000,-0.34400,-15.48200,-73.50800,-5.38300
1537006592.10600,0.07000,0.19500,0.00200,-16.11200,-74.92000,-4.13000
1537006592.10700,0.06800,-0.09700,0.27700,-16.41000,-78.65600,-1.89300
1537006592.10700,0.02400,0.02900,0.13300,-16.58000,-80.04700,-0.58500
1537006592.12700,0.00000,0.09700,0.08700,-16.89500,-79.71200,-0.04400
1537006592.18200,0.09700,-0.03100,-0.02800,-16.94700,-78.37600,0.55100
1537006592.18300,-0.03900,0.02800,-0.21400,-17.10600,-77.71600,0.99500
1537006592.23400,0.03900,-0.11800,-0.05600,-16.90300,-78.15100,1.78500
1537006592.23500,-0.03400,0.07200,0.09800,-17.13800,-79.09800,2.53200
1537006592.25800,0.03300,0.04500,0.12800,-17.16400,-79.70400,3.04700
1537006592.28500,0.01800,-0.03000,0.03700,-17.04100,-80.14600,3.88200
1537006592.34100,0.04300,0.00300,-0.00900,-16.98300,-80.35400,4.44600
1537006592.34200,0.00800,-0.00300,0.06000,-16.84700,-80.72900,5.39400
1537006592.39200,0.00400,-0.01100,0.08600,-16.72100,-81.22900,6.13300
1537006592.47700,0.00900,0.02200,0.09800,-16.54100,-81.49500,7.30800
1537006592.47700,0.00800,0.02500,0.04700,-16.33400,-81.52900,8.60200
1537006592.47800,0.03200,0.05300,0.00700,-16.11300,-81.52200,9.53500
1537006592.47900,0.02600,0.05800,0.03300,-15.72800,-81.59200,11.09400
1537006592.52300,-0.12400,0.09300,0.11500,-15.44200,-81.96100,12.24200
1537006592.52400,-0.14400,0.11600,0.07200,-14.96900,-82.63200,14.15100
1537006592.60500,-0.03400,0.11900,0.05900,-14.31400,-83.41100,16.41000
1537006592.60500,-0.01100,0.09700,0.12300,-13.69900,-84.12700,18.12700
1537006592.60600,0.06800,0.21200,0.26300,-12.50800,-85.62900,20.87300
1537006592.62600,0.14800,0.23500,0.41300,-11.33700,-86.66700,22.95600
1537006592.73200,0.21500,0.29700,0.62500,-8.93800,-88.32000,26.67300
1537006592.81900,0.18700,0.19700,0.95200,-6.82200,-89.45000,29.71400
1537006592.81900,0.14200,-0.00100,1.07500,-3.36300,-91.03500,35.05600
1537006592.82000,0.43400,0.34000,0.37100,-0.22900,-91.98000,40.24000
1537006592.82100,0.40800,0.11000,1.16100,2.35300,-91.90800,43.74400
1537006592.84300,0.33800,-0.06600,0.61100,4.94900,-91.53300,47.87400
1537006592.84300,0.58600,-0.10200,-0.06100,7.18300,-91.11200,50.22400
1537006592.84300,0.43100,-1.12100,0.62900,11.69000,-91.02200,52.60300
1537006592.86300,0.04100,-1.03200,0.29200,14.63500,-91.87700,51.13500
1537006592.97500,0.02700,-0.87900,0.24400,15.45300,-92.33700,49.34800
1537006592.97600,0.15000,-0.65600,0.23500,14.66800,-93.06000,45.25100
1537006592.97700,0.28300,-0.72000,0.40400,13.37200,-93.56500,41.26200
1537006592.97800,0.30700,-0.51700,0.41500,9.84500,-94.07500,34.33200
1537006593.05200,0.37800,-0.23500,0.50000,5.16200,-93.35400,26.45500
1537006593.05200,0.37400,0.14700,0.46400,1.64100,-91.86900,20.76700
1537006593.05200,0.38700,0.59300,0.31300,-3.51200,-87.84300,11.76300
1537006593.07200,0.35400,1.05000,0.09100,-6.36400,-83.99100,5.20600
1537006593.15600,0.29900,1.73100,-0.52300,-9.64800,-76.84400,-5.67600
1537006593.15700,-0.13300,1.82500,-1.59600,-10.62900,-71.41400,-13.12800
1537006593.15700,-0.34800,-0.54500,-1.86200,-9.54300,-65.29200,-22.47400
1537006593.23200,-0.89000,-1.41600,-2.33900,-10.16800,-62.96100,-28.12800
1537006593.23300,-0.66800,-0.90000,-1.79100,-11.71500,-62.65300,-28.52000
1537006593.25800,-0.66000,0.32700,-0.01800,-11.88600,-62.39900,-24.65700
1537006593.25900,-0.65100,-0.39700,0.86500,-11.18200,-60.01700,-21.22400
1537006593.34200,-1.39400,0.11600,-0.39700,-9.12500,-56.66700,-19.32100
1537006593.34300,-0.71200,0.04000,-2.18800,-7.74100,-52.56200,-14.14600
1537006593.34400,-0.40800,0.72900,-0.03500,-9.36200,-51.51700,-11.05000
1537006593.94800,0.00700,-0.58600,-0.07000,-10.59700,-50.53800,-7.86700
1537006593.94800,0.18900,-0.32700,-0.45400,-9.85500,-48.56500,-6.59900
1537006593.94900,0.03600,0.02800,-0.12500,-11.05200,-48.59500,-5.05000
1537006593.95000,-0.05900,0.09700,0.30500,-12.07400,-50.29100,-2.87400
1537006594.02100,0.18200,-0.00600,0.11000,-12.29700,-50.66400,-1.74200
1537006594.02200,-0.13000,0.05900,0.17000,-12.52800,-49.95000,-0.20400
1537006594.07600,0.11200,-0.02700,-0.04400,-12.23300,-48.79000,0.59500
1537006594.07600,-0.02700,0.10100,-0.08900,-12.18800,-47.36300,1.99100
1537006594.07700,-0.17300,-0.08200,-0.03400,-12.02600,-46.81400,3.08800
1537006594.09700,-0.05800,0.03400,0.03200,-11.88200,-46.69300,4.43800
1537006594.18500,0.00700,0.09500,0.02700,-11.84000,-46.92900,5.48700
1537006594.18500,0.03200,0.03700,0.02000,-11.75400,-47.00100,6.31200
1537006594.18500,-0.00800,0.02300,-0.00200,-11.39000,-46.96500,7.45000
1537006594.18600,-0.01500,0.03000,0.03800,-11.18600,-47.21300,8.16200
1537006594.28300,-0.00900,-0.00900,0.04800,-10.78100,-47.41700,9.29100
1537006594.28300,0.09600,0.03200,-0.01900,-10.28100,-47.80700,10.48400
1537006594.31500,0.01500,0.07100,0.01600,-9.87700,-47.80700,11.31100
1537006594.31500,0.04100,0.10700,0.11300,-9.04200,-48.30100,12.69900
1537006594.31600,0.01600,0.09100,0.20300,-8.36800,-48.57900,13.83500
1537006594.31700,0.09000,0.11700,0.18700,-7.25700,-49.01400,15.98500
1537006594.34200,0.18000,0.16100,0.09500,-5.90000,-49.10000,18.64700
1537006594.34200,0.30200,0.22600,0.11700,-4.76900,-49.07200,20.70500
1537006594.34300,1.01500,0.26500,0.59100,1.73200,-51.26500,31.74800
1537006594.34400,0.56500,-0.04100,0.23500,3.90300,-52.25000,34.64500
1537006594.42000,1.03400,-0.00700,0.05200,7.34900,-51.54000,39.87100
1537006594.42000,0.61500,0.02100,0.28300,8.92200,-49.16100,44.61600
1537006594.42100,0.44700,-0.06500,0.07300,10.41300,-47.32700,47.03800
1537006594.42200,0.55000,-0.76600,0.00800,14.14600,-46.68700,49.23700
1537006594.44600,0.60500,-1.31100,0.14600,16.06000,-47.07500,48.69100
1537006594.44700,0.10700,-0.99100,0.16200,17.61200,-47.70900,45.90800
1537006594.44800,0.33000,-0.47800,-0.10500,15.57700,-47.63700,41.95200
1537006594.44900,0.47300,-0.72300,-0.08200,14.00300,-47.92200,37.75300
1537006594.47200,0.58300,-0.52400,0.03700,10.35600,-48.61300,30.72000
1537006594.47300,0.59500,-0.08400,0.00700,6.84200,-48.00300,25.83700
1537006594.47400,0.55400,0.30700,-0.07900,0.91500,-44.60600,17.91600
1537006594.47500,0.37500,0.54600,-0.19700,-2.93400,-40.94200,12.28300
1537006594.49800,0.14200,0.88600,-0.31600,-7.59600,-33.84600,2.74500
1537006594.49900,-0.42400,1.69800,-0.44200,-10.75100,-26.24500,-8.01100
1537006594.50000,-1.32100,1.77400,-0.70800,-11.78800,-21.07100,-15.44400
1537006594.50100,-1.45100,-0.93400,-1.04800,-11.10400,-16.34300,-25.20800
1537006594.51800,-2.50500,-1.50800,-0.67300,-12.81900,-16.03100,-29.29700
1537006594.57800,-1.37200,-0.84400,-0.40600,-15.52700,-15.48600,-30.30900
1537006594.57800,-0.47900,0.26300,0.20100,-15.08300,-15.25000,-24.98400
1537006594.57900,1.39000,1.53200,1.12300,-14.28300,-12.76400,-21.48200
1537006594.57900,-0.97100,0.06700,0.82000,-12.02300,-10.35900,-19.28800
1537006594.67500,-1.69400,-0.11600,-0.87100,-10.82600,-8.17400,-15.65400
1537006594.81100,0.13500,1.06100,1.05500,-12.50000,-6.85700,-11.25600
1537006594.81100,-0.28200,-0.47000,0.06400,-12.44600,-6.11800,-9.07800
1537006595.25100,-0.30600,-0.29400,-0.45000,-11.80000,-4.21700,-7.31600
1537006595.28700,-0.05300,0.11200,-0.26200,-12.93700,-5.80300,-5.58800
1537006595.28800,0.09600,0.12200,0.00800,-13.54300,-7.06000,-4.53300
1537006595.28800,-0.00900,0.10100,0.02200,-13.80800,-7.17300,-3.60500
1537006595.28900,0.02000,-0.04500,-0.09000,-13.80500,-6.87800,-3.03700
1537006595.41800,0.16800,-0.03500,0.06500,-13.74900,-6.86900,-2.16700
1537006595.41900,-0.08700,0.03000,-0.01100,-13.78700,-6.22300,-1.27500
1537006595.41900,-0.25000,-0.00100,0.11600,-13.74400,-6.17200,-0.55700
1537006595.42000,0.04800,-0.02800,-0.01200,-13.85800,-6.72500,0.60900
1537006595.48900,0.06900,0.03700,-0.00400,-13.98800,-6.95300,1.35700
1537006595.60200,0.00600,0.03000,0.02400,-13.87400,-6.96600,2.50000
1537006595.60200,-0.01300,-0.00700,-0.00100,-13.68400,-6.92100,3.35400
1537006595.60300,0.03600,0.04500,0.01000,-13.39500,-7.02600,4.75500
1537006595.60400,-0.00200,0.06900,-0.03500,-12.86200,-6.25200,6.24300
1537006595.62400,0.00200,0.04000,-0.02100,-12.38700,-6.46400,7.34600
1537006595.62500,0.03900,0.13400,0.10200,-11.56000,-6.32700,9.10000
1537006595.65400,0.12400,0.07200,0.03900,-10.76800,-6.77700,10.40800
1537006595.65400,0.16100,0.11900,0.09300,-9.52200,-6.50900,12.63400
1537006595.65500,0.22500,0.19100,0.02000,-8.09700,-6.83700,15.39700
1537006595.65600,0.28000,0.20000,-0.05600,-6.92000,-6.25500,17.67200
1537006595.67600,0.49100,0.25000,-0.08500,-4.89800,-6.31200,21.80700
1537006595.67700,0.74200,0.28300,-0.18100,-3.42800,-6.05300,25.15600
1537006595.67800,0.45300,0.03000,-0.28000,10.99900,-9.00500,46.17200
1537006595.88900,0.34200,-0.56600,-0.38400,15.09400,-9.64000,48.31100
1537006595.89000,0.86200,-1.24100,-0.05700,17.44300,-11.32000,47.87700
1537006595.89100,0.11200,-0.99900,0.07800,19.28900,-12.60500,45.53300
1537006595.89200,0.22900,-0.56600,-0.24700,17.19700,-14.14900,41.68400
1537006596.14400,0.28400,-0.67700,-0.22000,15.02200,-15.63100,37.76600
1537006596.20500,0.56300,-0.58700,-0.04100,9.95800,-17.15400,31.46000
1537006596.20500,0.46600,-0.02400,0.01400,5.26500,-16.97000,26.96300
1537006596.20600,0.40500,0.12500,0.00200,-1.84000,-14.68900,19.48400
1537006596.28500,-2.30000,0.09300,0.50900,-16.53000,7.55400,-23.05700
1537006596.28600,-1.82600,-1.17000,0.31500,-16.38800,10.03900,-28.29600
1537006596.28700,-2.14200,-1.25900,0.25800,-16.86300,12.37100,-31.35700
1537006596.36500,0.26000,0.95800,-0.12300,-14.47000,14.65900,-25.14700
1537006596.36500,-1.14500,0.70800,0.53200,-14.78200,14.24100,-20.96500
1537006596.36500,-0.81300,0.06000,0.09800,-14.08300,14.10600,-17.84800
1537006596.36800,-0.11900,0.08200,0.11400,-15.68000,12.95800,-13.26500
1537006596.38600,0.04300,-0.23500,-0.09400,-16.36400,13.59500,-10.59800
1537006596.38700,-0.33800,-0.20300,0.00300,-16.54400,13.80600,-10.01300
1537006596.38800,-0.18000,0.27200,0.01200,-17.29200,12.74100,-8.42000
1537006596.44300,0.20600,-0.18100,-0.03000,-17.56900,10.89100,-7.16600
1537006596.44300,0.06000,-0.10000,0.12300,-18.14400,9.70300,-6.05500
1537006596.44400,0.01800,0.16300,-0.07500,-18.57200,9.65600,-5.64200
1537006596.44400,0.03200,-0.06200,-0.09300,-18.59100,9.39900,-4.62700
1537006596.46800,-0.10100,0.05000,-0.04200,-18.97800,8.96200,-3.40400
1537006596.46900,0.00100,0.02800,0.01300,-19.07500,8.23200,-2.48400
1537006596.47000,0.10300,0.06500,-0.02900,-18.75800,3.33800,5.07300
1537006596.49400,-0.04300,0.07000,0.12200,-18.24200,2.38100,7.93400
1537006596.49400,0.11100,-0.00600,0.04300,-17.78200,1.90900,10.05300
1537006596.49500,0.08900,0.04500,0.04500,-17.52300,1.30500,11.63300
1537006596.49600,0.05700,0.18700,0.06700,-17.17200,0.77500,14.32000
1537006596.57200,0.13300,0.17100,-0.03000,-16.76300,0.04700,16.36800
1537006596.57300,0.20800,0.19800,0.04500,-15.88100,-1.38300,19.97400
1537006596.57400,0.49000,0.30800,-0.07100,-15.11100,-2.78500,22.71100
1537006596.57400,0.80900,0.39100,0.11100,-13.16600,-5.06300,27.74200
1537006596.59900,1.35700,0.24500,0.18000,-10.63200,-8.13300,33.56200
1537006596.60000,0.70900,0.35400,0.07900,-8.37100,-9.93400,37.28500
1537006596.60100,1.23700,0.09600,-0.50800,-4.45200,-11.68600,42.99900
1537006596.60200,0.92600,0.08900,-0.17000,-1.85600,-12.98900,45.87300
1537006596.61900,0.69400,-0.33600,-0.28300,2.33500,-13.40900,49.80700
1537006596.61900,1.03100,-1.30300,-0.06300,6.92800,-14.29400,51.36300
1537006596.67100,0.56300,-1.19400,-0.00500,9.49200,-14.93000,50.17700
1537006596.67100,0.21600,-0.99300,0.07200,10.94700,-15.32500,47.35900
1537006596.78300,0.23600,-0.77700,0.01400,10.04200,-15.26100,44.65500
1537006596.78300,0.33600,-0.75500,-0.07300,7.33200,-14.98600,38.65400
1537006596.78400,0.49700,-0.65300,-0.21600,4.79000,-14.69800,33.61400
1537006596.78500,0.56800,-0.37500,-0.17200,0.27700,-13.79100,24.80100
1537006596.82900,0.41300,0.73200,-0.11400,-7.02600,-9.97100,7.70800
1537006596.85200,-0.19200,1.50200,-0.05400,-10.46300,-4.80400,-3.45900
1537006596.93700,-0.86700,1.96500,-0.31300,-11.77000,-0.22300,-11.49100
1537006596.93700,-2.36600,-0.38800,0.03800,-11.26200,6.42400,-22.05000
1537006596.93800,-2.46000,-1.45100,-0.19200,-10.68800,10.55800,-29.71900
1537006596.95700,-2.62100,-1.72700,0.19000,-11.49400,12.19300,-30.80300
1537006596.98300,-0.33400,0.07300,0.71500,-11.39100,12.72200,-26.90800
1537006597.00900,0.37300,-0.54200,0.74400,-10.19700,15.01500,-23.30300
1537006597.09400,-1.18500,0.23400,1.46400,-8.61900,17.29900,-20.87500
1537006597.09500,-1.58300,-0.18700,-0.35900,-7.74500,19.55700,-15.01600
1537006597.09600,-0.76300,0.37000,-0.19800,-9.79900,20.08800,-12.49400
1537006597.11400,-0.15600,-0.33900,0.13600,-11.36400,21.07200,-9.42400
1537006597.38200,-0.39300,-0.39100,-0.15100,-10.77500,21.64300,-8.45600
1537006597.38200,-0.21500,-0.02100,-0.16000,-11.90100,20.37200,-6.71100
1537006597.45700,0.22100,0.04300,0.26800,-12.54600,18.96300,-5.66600
1537006597.51700,-0.07000,0.25500,0.10600,-12.72500,18.63300,-4.72300
1537006597.51800,0.00000,-0.06500,-0.16600,-12.53100,19.23600,-3.69200
1537006597.51900,0.08400,-0.06500,-0.08900,-12.46400,19.49800,-2.98900
1537006597.51900,-0.26400,0.00700,0.23200,-12.31900,20.20200,-2.16600
1537006597.54400,0.03400,-0.01200,0.00000,-12.49000,19.94800,-1.38600
1537006597.54500,0.09500,0.00200,-0.12900,-12.84700,19.39100,-0.06800
1537006597.57100,-0.03700,0.02400,-0.04600,-12.53300,19.60400,3.64900
1537006597.57100,-0.03600,0.08100,-0.03700,-12.38900,19.40100,4.86700
1537006597.57100,-0.03200,0.07700,0.07500,-11.89400,19.00800,6.75100
1537006597.57200,0.06400,0.11800,0.02900,-11.39300,18.53100,8.07000
1537006597.59100,0.12300,0.13400,0.04300,-10.51800,17.77500,10.30100
1537006597.59100,0.22100,0.12700,0.09900,-9.39400,17.01400,12.85600
1537006597.64500,0.19100,0.22400,-0.07100,-8.61700,16.96300,14.89300
1537006597.64600,0.30900,0.30500,-0.38800,-7.14500,16.64900,18.60400
1537006597.64700,0.42600,0.33000,-0.23900,-5.79200,16.34700,21.59000
1537006597.66600,0.85200,0.27800,-0.46700,-3.54100,15.69400,27.19900
1537006597.72100,0.95300,0.37900,-0.56300,-1.23000,13.94000,33.03200
1537006597.72200,0.50600,0.29800,-0.40800,0.95000,12.52900,36.35900
1537006597.77600,0.93000,-0.24800,-0.47500,5.19700,11.75900,41.53700
1537006597.77700,0.38400,0.21200,-0.45800,7.39600,11.83000,44.49300
1537006597.77800,-0.29900,-0.11400,-0.75600,11.20400,11.42300,47.51800
1537006597.93700,0.70900,-1.33200,-0.41200,14.52100,9.53100,48.23600
1537006597.93800,0.35800,-1.13500,0.06900,18.43100,6.38900,46.26500
1537006597.93900,0.11300,-0.66500,-0.13300,18.46600,4.81200,43.33800
1537006597.94000,0.19200,-0.71300,-0.20900,16.62900,3.67100,40.16900
1537006597.95800,0.37600,-0.77800,-0.32600,12.45800,2.29000,34.02400
1537006597.95800,0.39300,-0.42800,-0.28600,8.42300,2.15100,29.58600
1537006597.98200,0.39600,0.12900,-0.25500,1.38300,3.48900,21.97300
1537006598.00700,0.18300,0.29600,-0.11000,-4.85000,6.52100,13.52200
1537006598.03600,0.15700,0.48700,-0.06300,-8.37700,9.23800,7.45000
1537006598.03700,-0.13100,1.34500,0.09300,-12.92200,14.18500,-2.91000
1537006598.05900,-0.85500,1.88900,0.53000,-15.33700,18.02400,-10.42300
1537006598.11700,-2.11500,-0.00200,1.28200,-16.70600,22.80200,-21.27500
1537006598.11700,-1.92900,-0.86900,0.94000,-17.40800,25.05000,-29.67700
1537006598.14000,-2.58600,-2.07600,1.42600,-19.04800,25.64500,-31.92800
1537006598.16500,-0.74300,-0.34500,0.62500,-19.52700,25.54000,-29.46700
1537006598.19000,1.78600,1.62700,-0.35400,-18.15500,26.83800,-25.72300
1537006598.27600,-0.59100,-0.46500,1.53100,-16.18100,28.56400,-24.00700
1537006598.27600,-1.35700,-0.06700,0.22900,-15.36200,30.64700,-21.05400
1537006598.27700,-0.80600,0.50800,0.00100,-15.01800,31.76900,-16.53800
1537006598.29700,0.04800,-0.00600,0.05100,-15.91200,33.64300,-12.98600
1537006598.35300,-0.61200,-0.31200,0.09700,-15.40900,36.11900,-12.11100
1537006598.35300,-0.49200,-0.19500,0.17900,-15.41000,35.45200,-10.52500
1537006598.40400,0.08800,0.13100,0.08700,-16.03400,32.49000,-8.72700
1537006598.40400,0.15500,0.01300,-0.05900,-16.45000,29.15200,-6.89000
1537006598.42700,-0.02200,0.13600,0.03000,-16.71800,28.85700,-6.34600
1537006598.48200,0.08600,-0.08100,-0.23100,-16.74600,29.16500,-5.62300
1537006598.48300,-0.24400,0.08300,0.16200,-16.64500,29.98800,-5.05300
1537006598.53500,-0.04100,-0.06400,0.01300,-16.61200,29.72800,-4.24700
1537006598.53600,0.09400,0.03000,-0.05900,-16.68000,28.34100,-2.91200
1537006598.55800,0.02600,-0.00100,-0.01500,-16.64200,27.94200,-2.10300
1537006598.61800,0.05200,0.00700,-0.00500,-16.44900,27.88300,-0.88200
1537006598.63900,-0.08600,0.03200,0.01800,-16.26400,27.93100,0.52300
1537006598.64000,-0.00600,0.01900,0.02000,-16.10100,27.73800,1.62700
1537006598.66300,0.00500,0.04600,0.00500,-15.80800,27.41700,3.35900
1537006598.71800,-0.05500,0.05900,0.04300,-15.53400,25.78400,4.61700
1537006598.71900,0.02300,0.04100,0.03200,-14.94700,25.31000,6.65500
1537006598.74200,0.04100,0.11400,0.07000,-14.18600,23.39500,8.80800
1537006598.76800,0.10700,0.17200,0.06600,-13.70200,22.91600,10.38600
1537006598.90800,0.10500,0.19400,-0.07100,-12.78800,20.77000,13.20000
1537006598.90900,0.22900,0.33400,-0.04300,-12.04200,20.04700,15.41300
1537006598.98700,1.07100,0.23000,-0.56500,-5.56500,13.28700,28.37600
1537006598.98800,0.62300,0.21000,-0.50900,-2.62600,10.91100,33.98100
1537006598.98900,0.28500,0.22100,-0.45500,-0.45700,10.30600,37.48600
1537006598.98900,0.77400,0.13100,-0.61100,2.95600,10.05900,42.55000
1537006599.03400,0.43300,-0.08200,-0.48100,5.16100,8.83100,44.90200
1537006599.03500,-0.26100,-0.37200,-0.70300,10.03200,7.81100,47.79900
1537006599.11500,0.76200,-1.33600,-0.36900,13.75600,5.69400,47.46700
1537006599.11500,0.20100,-1.01700,0.10700,15.70800,4.69100,45.88700
1537006599.11600,0.19500,-0.69300,-0.16700,15.20600,3.97100,42.88000
1537006599.13500,0.24000,-0.68600,-0.17400,13.57400,3.86400,39.64300
1537006599.16200,0.31900,-0.64600,-0.43200,9.70700,4.43700,33.23000
1537006599.18800,0.25100,-0.30100,-0.43900,6.16100,5.50700,28.45100
1537006599.27300,0.36300,-0.03000,-0.54000,0.94900,8.17700,20.16600
1537006599.27300,0.13400,0.57400,-0.34700,-4.09600,12.33600,10.96300
1537006599.27400,-0.04800,0.88600,-0.30700,-6.89600,16.15100,4.44600
1537006599.50600,-0.46600,1.56700,-0.05700,-10.21700,22.95600,-6.27400
1537006599.53600,-1.80100,1.56400,1.57600,-11.58100,28.35600,-13.79600
1537006599.53600,-1.99600,-0.76700,0.99100,-10.36800,35.49200,-23.28500
1537006599.53700,-1.75600,-1.18500,1.05000,-9.61300,40.50600,-29.70300
1537006599.56300,-2.08000,-1.36400,1.43700,-9.77500,43.14300,-30.41800
1537006599.56300,-0.09400,-0.13400,1.19900,-8.83200,45.99400,-27.19900
1537006599.56300,0.67500,0.90300,-0.24400,-7.47000,49.27600,-24.00400
1537006599.64400,-0.54600,0.25400,2.35300,-6.13900,51.58400,-20.94400
1537006599.64600,-1.37100,-0.23400,0.06000,-6.35500,52.43300,-15.29200
1537006599.64600,0.73200,0.62100,0.36600,-9.10200,52.42100,-12.98100
1537006599.64700,-0.33300,-0.42100,0.12500,-9.26200,54.35600,-10.45400
1537006599.77600,0.01800,-0.02500,0.10000,-8.97700,54.79800,-9.86100
1537006599.77600,-0.09500,0.10600,0.01900,-10.22300,54.41000,-8.85300
1537006599.77600,0.11400,0.00600,-0.05200,-10.97700,53.60000,-8.06300
1537006599.77700,-0.06500,0.08100,-0.06900,-11.32400,53.56100,-6.93000
1537006600.14300,0.01700,-0.01800,-0.04500,-11.31300,54.11000,-5.91300
1537006600.14400,-0.01300,-0.08200,-0.04100,-11.13900,54.48800,-5.20300
1537006600.14500,-0.06300,0.03900,0.12800,-11.32800,55.23000,-4.08700
1537006600.14600,-0.08400,-0.01300,-0.02000,-11.38900,55.39400,-3.26700
1537006600.26800,-0.07900,-0.00300,-0.01600,-11.60700,55.27000,-2.03600
1537006600.26900,-0.03900,0.01200,0.04500,-11.70500,55.06300,-0.84000
1537006600.31800,-0.02800,-0.00100,0.05700,-11.72200,54.89800,-0.06000
1537006600.69500,-0.03800,0.00500,0.01300,-11.71100,54.66200,1.13200
1537006600.69600,-0.03400,0.04700,0.00100,-11.63900,54.51200,1.91500
1537006600.69600,-0.02800,0.05100,0.04100,-11.28400,54.23800,3.23200
1537006600.69700,-0.00100,0.09900,0.01000,-10.90000,53.90900,4.22000
1537006600.74600,0.00800,0.11600,-0.06400,-10.03300,52.34100,5.89400
1537006600.74700,0.06700,0.14900,-0.03300,-8.84400,50.73600,7.94700
1537006600.74800,0.09300,0.14900,-0.00900,-7.82400,50.20900,9.56700
1537006600.74800,0.01300,0.21800,-0.11500,-6.07000,48.91000,12.29100
1537006600.82500,-0.02100,0.22200,-0.39700,-4.67300,48.45700,14.33900
1537006600.82500,0.10100,0.19800,-0.49200,-2.22400,47.23600,17.87500
1537006600.82600,0.31700,0.25200,-0.64300,0.46700,46.75300,22.23100
1537006600.87700,0.50400,0.22500,-0.68600,2.23100,46.48400,25.53200
1537006600.87800,0.29600,0.40900,-0.42500,4.03500,46.39700,30.30600
1537006600.87900,-0.24400,-0.10900,-1.07200,6.17600,47.08800,33.89700
1537006600.88000,0.14800,0.16900,-0.88600,7.73900,48.98400,39.04600
1537006601.06100,0.03500,0.00600,-0.40000,8.81600,50.78700,42.80100
1537006601.06200,-0.18400,-0.37200,-0.28700,11.39900,50.86300,44.71200
1537006601.06300,0.22300,-1.28000,-0.96800,14.34500,50.14800,45.45400
1537006601.06400,0.08500,-0.85600,-0.25000,15.17200,50.13600,44.38000
1537006601.07900,-0.24300,-0.45200,-0.21100,14.19600,51.00600,42.21400
1537006601.11300,-0.19500,-0.73300,-0.39500,13.12800,51.12500,39.30100
1537006601.11400,-0.07400,-0.04900,-0.47000,3.48200,51.60800,20.98300
1537006601.11500,0.50300,-0.10100,2.82400,-4.99600,90.27500,-21.48100
1537006601.11600,-0.57500,-0.20000,0.62300,-5.45100,92.36700,-15.76800
1537006601.18900,0.55500,0.19600,0.16400,-7.20000,92.44000,-12.96800
1537006601.18900,-0.24300,-0.48800,0.34600,-8.47900,94.00800,-10.45800
1537006601.23900,0.03300,0.06200,0.21000,-8.99600,94.15100,-9.67100
1537006601.23900,-0.18100,0.13400,0.08000,-10.31800,92.40000,-8.94000
1537006601.39400,-0.01900,0.05900,-0.17800,-11.06000,90.02800,-7.69900
1537006601.42900,-0.04200,-0.10300,-0.11800,-11.19900,89.29000,-6.83600
1537006601.42900,-0.16600,-0.03000,-0.05300,-11.56600,89.61600,-6.06400
1537006601.43000,0.04900,0.09200,0.05300,-11.95700,90.04100,-5.62700
1537006601.43100,-0.13100,-0.01000,0.12600,-12.06100,90.96100,-4.90700
1537006601.47600,-0.04600,-0.04300,0.03300,-12.16800,91.00800,-4.10000
1537006601.47700,-0.11900,0.01100,-0.06900,-12.66200,90.31100,-2.85500
1537006601.49900,-0.14400,-0.00200,-0.04300,-12.91100,90.15200,-1.69400
1537006601.64000,0.02100,0.04600,0.06300,-13.01000,90.18200,-0.80600
1537006601.64100,0.03600,0.01300,0.10700,-12.90100,90.23400,0.62300
1537006601.64100,-0.07800,-0.00600,0.06800,-12.75300,90.16300,1.56700
1537006601.64200,-0.08200,0.04800,0.00500,-12.63000,89.66200,3.03100
1537006601.71800,0.00800,0.04900,0.04200,-12.26200,89.13800,4.54200
1537006601.71900,-0.03700,0.04200,-0.00700,-11.90300,89.76700,5.61700
1537006601.71900,0.09400,0.09000,-0.01200,-11.40800,89.19300,7.37800
1537006601.72000,-0.01700,0.15900,-0.02000,-11.05000,89.80100,8.74200
1537006601.82300,-0.00100,0.15600,-0.04700,-10.31000,88.96400,11.29800
1537006601.82400,-0.10500,0.27300,-0.15700,-9.20400,88.26000,14.38700
1537006601.82400,-0.11500,0.26200,-0.34900,-8.07300,87.16800,16.83500
1537006601.82500,-0.11300,0.28300,-0.58300,-5.78800,86.28400,21.21100
1537006602.08100,-0.14700,0.33800,-0.73600,-3.77800,85.18300,24.71200
1537006602.32100,-0.12900,0.23400,-1.21400,-1.10100,83.28100,30.43000
1537006602.32100,-0.13900,0.31700,-0.47500,0.80100,82.24700,33.80200
1537006602.34000,-0.59200,0.10200,-0.93200,4.10800,81.82500,39.25000
1537006602.40100,-0.29000,0.00400,-0.61900,7.37600,81.44900,43.24800
1537006602.40100,-0.17300,-0.19500,-0.51500,10.17300,81.19600,45.50200
1537006602.40100,-0.37200,-1.06300,-0.56400,14.79000,79.91500,47.11700
1537006602.40200,-0.03100,-1.14000,-0.24800,16.56200,78.57700,45.77900
1537006602.44400,0.04000,-0.96100,-0.21400,17.20100,76.86200,42.67500
1537006602.47800,-0.16900,-0.63400,-0.19400,15.31600,75.55000,38.00400
1537006602.47800,-0.22700,-0.44800,-0.40500,8.88600,73.94700,26.62300
1537006602.47900,-0.18200,-0.08400,-0.51400,5.22200,74.42500,21.54800
1537006602.50300,-0.21100,0.17300,-0.39100,-0.30100,76.97600,13.22200
1537006602.50300,-0.18300,0.69300,-0.15600,-5.32900,81.56800,4.25100
1537006602.50400,-0.33800,1.06500,0.12600,-7.94000,85.56900,-2.39200
1537006602.63800,-0.29000,1.54200,0.62400,-10.60800,92.67700,-13.37300
1537006602.63900,0.51500,0.72700,2.24100,-10.97200,97.60000,-20.28400
1537006602.64000,-0.28700,-0.80200,1.74400,-10.07100,101.74300,-28.80000
1537006602.84400,0.20300,-1.03100,1.77800,-13.22400,103.59000,-32.88800
1537006602.84500,0.61700,0.25300,0.45700,-13.00500,104.05800,-28.18400
1537006602.84600,0.51800,2.26300,-2.06200,-11.68000,106.55800,-25.20000
1537006602.89600,-0.07900,-0.05600,0.10700,-11.84900,113.33600,-5.69200
1537006602.89700,-0.12900,-0.01100,-0.00700,-12.26200,114.11100,-1.71500
1537006602.89800,-0.05900,-0.02300,0.12900,-12.10700,114.38900,-0.56500
1537006602.92800,-0.06100,0.02400,0.07100,-11.70000,115.35800,1.42300
1537006602.92800,-0.03100,-0.00700,0.03700,-11.50300,115.80700,2.35500
1537006602.92800,0.15100,0.07000,0.03400,-11.16300,115.68100,3.65900
1537006602.92800,-0.10700,0.05900,0.03100,-10.92000,115.98100,4.52200
1537006603.00300,-0.12800,-0.00800,0.00800,-10.37300,115.49100,6.11600
1537006603.00400,-0.02300,0.11200,0.07900,-9.79000,115.58100,7.83700
1537006603.00500,0.04200,0.17700,0.02400,-9.33600,114.97600,9.16000
1537006603.00600,0.06000,0.14800,-0.02300,-8.33000,113.75600,11.50000
1537006603.03000,-0.10900,0.26100,-0.15100,-7.53700,112.52700,13.26100
1537006603.03100,-0.23300,0.33100,-0.25200,-5.91500,110.47600,16.34200
1537006603.03100,-0.35600,0.42700,-0.53200,-3.43400,108.23800,20.35900
1537006603.13500,-0.32900,0.05800,-1.07500,2.55500,104.80000,29.20500
1537006603.13600,-0.74000,0.01800,-0.11800,4.38100,104.30200,32.47500
1537006603.13700,-0.56400,0.12000,-0.58400,7.11000,105.56800,37.82000
1537006603.13700,-0.61400,0.07400,-0.27300,8.10100,107.41200,42.15500
1537006603.16100,-0.65200,-1.21900,-0.60900,13.54200,108.78800,45.76200
1537006603.16200,-0.21400,-0.99700,-0.27400,15.29800,109.00700,44.63300
1537006603.21400,-0.60000,-0.77600,-0.15300,13.09600,113.42000,34.43700
1537006603.21400,-0.59700,-0.30900,0.20800,9.43200,116.72700,28.24400
1537006603.21500,-0.59300,-0.13500,0.32300,6.99400,119.14700,23.53200
1537006603.21600,-0.65000,0.00600,0.24100,3.56100,122.64500,15.88100
1537006603.24000,-0.48800,0.40400,0.24700,1.17500,125.37500,10.52500
1537006603.24000,-0.38400,0.71400,0.37100,-2.17800,131.00700,1.68800
1537006603.24100,-0.02000,1.30100,0.58100,-4.55600,137.43600,-8.04400
1537006603.26500,1.32200,0.11900,1.06700,-4.44900,147.18200,-23.19700
1537006603.26600,1.23200,-1.01400,1.06600,-4.15800,149.16600,-27.78500
1537006603.26700,1.72300,-1.28900,1.07800,-5.40100,150.59500,-31.04000
1537006603.26800,1.01500,-0.55500,0.55000,-5.50600,152.07800,-28.72700
1537006603.28300,0.41800,0.43900,-0.19600,-4.91700,153.32400,-25.01800
1537006603.33800,-0.83400,0.93700,-0.53700,-3.94900,156.35800,-21.21200
1537006603.36500,1.29600,0.09400,0.54100,-3.32400,157.64500,-19.31500
1537006603.36600,1.49500,0.27900,1.57000,-2.50700,161.86200,-13.64600
1537006603.38800,-0.09700,0.50400,-0.68600,-4.40800,162.40000,-10.78600
1537006603.50300,0.12200,-0.59500,0.01300,-5.00500,163.30800,-8.18200
1537006603.50300,0.22600,-0.14800,0.16900,-5.27500,164.53300,-6.92300
1537006603.50400,0.04300,0.20200,0.06300,-6.35900,164.50000,-6.41200
1537006603.52000,0.00900,-0.05200,0.03000,-7.20300,164.15800,-4.62100
1537006603.63300,0.05000,0.09600,0.03800,-7.85200,164.81700,-3.68200
1537006603.63400,-0.02900,0.05500,0.07800,-7.96500,165.60300,-3.09100
1537006603.63400,-0.08500,-0.01700,0.20700,-7.98600,165.96400,-2.52500
1537006603.76600,0.03200,0.01200,0.01300,-8.22100,165.56300,-0.87600
1537006603.76600,-0.03900,0.05300,0.05600,-8.37100,165.28200,0.02900
1537006603.76600,-0.02400,-0.04100,0.07800,-8.39000,165.25400,0.80200
1537006603.76700,-0.00800,-0.01900,0.10900,-8.33000,165.52000,1.82100
1537006603.78600,0.04700,0.04600,0.06400,-8.16700,166.83700,2.80000
1537006603.78600,-0.04400,0.02800,0.08000,-8.01500,166.69400,3.55700
1537006603.80800,-0.05100,-0.01700,0.05100,-7.67600,167.43500,4.87700
1537006603.89300,0.01400,0.03900,0.07000,-7.38800,167.44100,5.77600
1537006603.89400,-0.04100,0.05800,0.11200,-6.90100,168.31900,7.16700
1537006603.89400,-0.01500,0.04000,0.11900,-6.25400,168.07000,8.72400
1537006603.94200,-0.05400,0.05500,0.12600,-5.69600,168.70700,9.80900
1537006603.94300,0.01100,0.11600,-0.03600,-4.65800,168.10200,11.56500
1537006603.99500,-0.09900,0.12000,0.10700,-3.81300,168.37100,12.89800
1537006603.99500,-0.14900,0.20400,0.12100,-2.31600,167.64400,15.02500
1537006604.01800,-0.26100,0.24800,0.00200,-0.29500,167.47900,17.56300
1537006604.04700,-0.43700,0.19500,0.04200,1.43300,166.95200,19.68700
1537006604.29600,-0.69900,0.21000,0.22700,4.09200,167.15400,23.48700
1537006604.29600,-0.94800,0.08200,0.19700,5.69400,167.29600,26.61600
1537006604.29700,-0.72300,0.35400,0.25600,6.94000,168.07300,31.48700
1537006604.29700,-0.52800,0.13900,0.49400,10.42300,167.96000,36.39700
1537006604.34300,-1.01600,-0.25600,0.38200,13.12700,168.18900,39.86800
1537006604.34300,-0.56800,0.08200,0.38000,14.99600,169.33400,43.96500
1537006604.47500,-0.10800,-0.03600,0.63500,16.79500,170.17600,46.04100
1537006604.47600,-1.06200,-1.16300,0.14700,21.00400,168.59300,47.72000
1537006604.47600,-0.37000,-0.89500,-0.06600,22.46500,168.24700,46.88000
1537006604.47600,-0.17700,-0.67800,0.14500,22.55100,168.10500,45.00000
1537006604.55900,-0.28900,-0.67300,0.25200,19.93000,167.89200,41.32300
1537006604.60800,-0.46500,-0.78900,0.18100,17.48300,167.55400,37.64400
1537006604.60900,-0.42200,-0.40400,0.16700,12.18000,168.12900,31.56600
1537006604.60900,-0.38600,-0.18400,0.21100,8.20700,169.42300,26.86800
1537006604.63100,-0.36900,-0.04000,0.22400,2.70500,172.19400,18.88200
1537006604.63100,-0.26100,0.32800,0.18500,-2.03200,176.07100,10.01900
1537006604.63200,-0.14500,0.81500,0.26200,-4.69500,179.26800,3.33500
1537006604.63300,0.25700,1.80000,0.07900,-8.08300,-175.25900,-7.48300
1537006604.92000,2.65900,1.15700,-0.69500,-9.06500,-170.85700,-15.08800
1537006604.92100,1.82300,-0.83500,0.30700,-7.29500,-166.43200,-24.21400
1537006604.92200,2.64400,-1.70600,-0.85400,-7.81900,-164.51600,-28.66800
1537006604.92300,1.91300,-1.02900,-0.47400,-8.29000,-162.43500,-28.98900
1537006604.93800,-2.29700,2.87700,1.22000,-6.82200,-160.05700,-23.97400
1537006604.99900,0.13900,-0.91400,-0.63800,-5.26700,-159.23200,-22.54300
1537006605.00000,1.15500,0.48400,-0.49200,-6.04200,-158.64000,-17.78200
1537006605.00100,0.84200,-0.05300,0.26600,-5.47800,-158.87200,-14.43100
1537006605.02000,0.19900,-0.34400,0.20400,-8.51400,-157.77900,-7.99500
1537006605.02100,0.41200,0.07100,-0.16300,-8.71600,-157.45000,-7.35000
1537006605.15400,0.12000,0.11000,0.23400,-9.50300,-158.71000,-5.83100
1537006605.17800,0.06200,0.05500,0.09000,-10.38200,-160.23500,-2.84000
1537006605.31400,-0.01100,-0.02900,0.10400,-10.49200,-160.02700,-2.25400
1537006605.31400,0.08400,0.01800,0.17400,-10.71800,-159.78300,-1.27000
1537006605.31500,0.02900,-0.05700,0.07300,-10.73300,-160.10000,-0.40300
1537006605.31600,-0.04300,0.04800,-0.06900,-10.84900,-160.84900,0.80000
1537006605.41100,-0.03800,0.02300,0.11400,-10.90300,-161.05200,1.56500
1537006605.52100,-0.02300,0.00600,0.08300,-10.94000,-161.15700,2.91900
1537006605.52100,0.05000,-0.03800,0.03800,-10.83100,-161.04200,4.34100
1537006605.60300,0.04000,0.01400,0.02300,-10.77400,-160.96100,5.27100
1537006605.60300,-0.01200,0.05300,0.06300,-10.71400,-161.44600,6.78400
1537006605.60400,0.01000,0.00000,0.11400,-10.52200,-161.56600,7.90800
1537006605.60500,-0.01600,0.04800,0.15900,-10.27400,-162.17300,9.62100
1537006605.68200,-0.07100,0.11300,-0.06800,-10.09500,-162.44100,10.92500
1537006605.68200,-0.03400,0.19800,0.07200,-9.66600,-163.36000,13.12400
1537006605.68300,-0.07700,0.22400,0.16300,-8.87000,-164.48200,15.74300
1537006605.73400,-0.42200,0.22000,0.18800,-6.03600,-167.47100,21.04800
1537006605.73500,-0.60200,0.23600,0.36500,-4.36200,-168.49600,23.71700
1537006605.73500,-0.77500,0.16200,0.45500,-1.50900,-169.58300,28.38500
1537006605.73600,-0.79200,0.22900,0.50100,0.59600,-170.42200,33.73500
1537006605.75600,-0.39900,0.27900,0.34400,2.53800,-171.52500,37.06400
1537006605.75700,-0.69800,-0.12500,0.88500,6.87400,-172.75000,42.38100
1537006605.75800,-0.96500,0.03900,0.51800,9.35300,-173.69400,45.18100
1537006605.78000,-0.39600,-0.10200,0.34400,13.88700,-174.63100,48.48800
1537006605.81200,-0.54800,-0.97800,0.48200,19.30600,-176.90500,50.72600
1537006605.81300,-0.85100,-1.42900,0.30800,21.58100,-179.04000,50.06300
1537006605.81400,-0.27800,-0.96600,-0.11200,22.45200,178.57800,47.31800
1537006605.81500,-0.31700,-0.69600,0.00100,20.67800,177.27600,44.87800
1537006605.96300,-0.57000,-0.81400,0.02500,16.66300,175.45700,39.33500
1537006606.12000,-0.62500,-0.49500,-0.03100,13.02500,174.58000,34.85800
1537006606.23400,-0.60700,-0.19600,-0.02000,6.71100,174.54300,27.30400
1537006606.23500,-0.61100,0.23600,0.02800,0.76000,176.33000,18.64100
1537006606.23600,-0.42200,0.47200,0.00500,-2.61800,178.52700,12.37100
1537006606.23600,-0.02800,1.17400,0.11600,-6.63500,-176.97100,2.15400
1537006606.26000,1.45400,2.17900,-0.62300,-8.77100,-172.99800,-5.01300
1537006606.26100,2.80200,0.53500,-0.60500,-9.11000,-165.53100,-15.38100
1537006606.26100,2.37700,-1.15700,-0.33100,-6.72400,-158.68600,-22.67600
1537006606.33200,-2.24000,2.14200,1.01400,-5.01400,-152.04900,-20.92600
1537006606.33300,1.30500,-0.72000,-1.95900,-4.18100,-151.98100,-19.18700
1537006606.44300,0.86700,0.82800,0.23700,-5.79700,-152.67100,-14.17000
1537006606.44400,0.11100,-0.22200,-0.10100,-5.54000,-153.70000,-11.35300
1537006606.44400,-0.06500,-0.08900,0.07000,-7.72400,-155.14900,-7.72900
1537006606.44500,0.24000,-0.06900,0.24500,-8.96500,-154.91100,-5.62200
1537006606.49300,0.16300,0.12200,-0.12000,-9.53100,-154.34600,-5.25200
1537006606.49300,0.11700,0.02100,0.14300,-9.91500,-154.50500,-4.24000
1537006606.49400,-0.15000,-0.11700,0.07800,-10.25300,-155.21900,-3.29600
1537006606.57500,0.07300,0.06800,0.13100,-10.90900,-155.25700,-2.39600
1537006606.57500,0.00400,0.00600,0.08000,-11.30100,-154.72900,-1.89600
1537006606.57500,0.02600,-0.03000,0.10000,-11.40900,-154.60700,-1.44400
1537006606.57600,0.01600,0.00200,0.10500,-11.87600,-154.90900,-0.42600
1537006606.59200,0.02100,-0.00900,0.07600,-13.13900,-155.46500,1.02100
1537006606.73100,0.03600,0.03500,0.03600,-13.47000,-155.73200,2.25100
1537006606.73200,-0.01400,0.01500,0.05300,-13.65900,-156.00100,3.14900
1537006606.73300,0.05200,-0.03200,0.05700,-13.72100,-156.57900,4.44900
1537006606.73400,-0.02800,0.03900,-0.00100,-13.74300,-157.04000,5.29600
1537006606.75900,-0.04300,0.04000,0.02400,-13.72600,-157.72000,6.60800
1537006606.75900,-0.02500,0.02300,0.08600,-13.64300,-157.99800,7.53000
1537006606.76000,-0.07000,0.07200,0.09000,-13.55600,-158.23500,9.05400
1537006606.76100,-0.11700,0.13400,0.00400,-13.43000,-158.74500,10.96400
1537006607.28300,-0.05800,0.17100,-0.09600,-13.31400,-159.08300,12.53600
1537006607.28400,-0.03500,0.14700,0.11700,-12.88200,-159.90300,15.31000
1537006607.28500,-0.13500,0.25300,0.27200,-12.40900,-160.51800,17.32400
1537006607.28600,-0.25900,0.26600,0.19200,-11.36500,-162.22100,20.71000
1537006607.30900,-0.52200,0.29900,0.36900,-9.70300,-164.02400,24.84500
1537006607.31000,-0.71700,0.34800,0.34300,-8.23900,-165.23600,28.08600
1537006607.31100,-1.11200,0.26600,0.12900,-5.28400,-167.66800,33.52500
1537006607.31100,-0.40100,0.33600,0.19800,-3.19300,-169.60700,36.70700
1537006607.33500,-0.74600,-0.12500,0.72100,0.95800,-171.75500,41.85600
1537006607.33600,-0.62900,0.05600,0.38500,3.92300,-173.31900,44.59400
1537006607.33700,-0.49600,-0.13800,0.41300,8.64300,-175.05500,47.99500
1537006607.33700,-0.37600,-0.91200,0.63000,14.58000,-177.26100,50.33900
1537006607.41500,-0.60500,-1.15700,0.20000,17.08800,-179.32000,49.72600
1537006607.41500,-0.26600,-0.72800,0.11200,18.90800,177.97100,46.92300
1537006607.41500,-0.23900,-0.52700,0.09500,18.39000,175.89500,44.26600
1537006607.41600,-0.45700,-0.59800,0.05600,15.76700,173.18900,39.27600
1537006607.44000,-0.37900,-0.14200,0.06300,10.72100,171.72500,33.22400
1537006607.44000,-0.22300,-0.12300,0.09500,6.85500,171.72000,28.80000
1537006607.44100,-0.29500,-0.19100,0.12400,1.85600,172.66300,21.90700
1537006607.44200,-0.24000,-0.06800,0.10200,-1.49600,173.92800,17.26500
1537006607.46600,-0.15900,0.17400,0.09700,-5.87600,176.47700,9.78400
1537006607.46700,-0.16000,0.83800,-0.09300,-9.87400,179.56500,1.09600
1537006607.46800,0.52300,-0.34400,0.10500,-10.42500,-152.92100,-9.86300
1537006607.54500,0.47100,-0.20700,-0.23900,-10.55900,-152.87700,-9.14400
1537006607.54500,-0.14000,0.12600,0.22200,-11.51600,-156.04100,-7.15500
1537006607.54600,-0.06400,0.10100,-0.03700,-12.00200,-158.19500,-6.06500
1537006607.54700,-0.08100,-0.01700,0.09600,-12.20200,-159.19800,-4.89000
1537006607.57100,-0.17100,-0.01300,0.21600,-12.44000,-159.07400,-4.26000
1537006607.57200,0.15900,-0.04300,0.15000,-12.62700,-157.89300,-3.37000
1537006607.57300,0.32900,0.10600,-0.10700,-12.89300,-156.78400,-2.52900
1537006607.57300,0.10700,-0.01000,-0.05800,-12.85700,-157.26100,-1.82100
1537006607.58900,-0.09200,0.02500,0.11400,-12.90400,-158.99000,-0.81100
1537006607.64600,-0.10400,-0.02400,0.13100,-12.89400,-159.78200,-0.12100
1537006607.64700,-0.07000,-0.03300,0.12100,-12.81200,-160.30500,0.97100
1537006607.64800,-0.05500,-0.02900,0.00100,-12.80400,-160.27600,2.14100
1537006607.66700,0.00900,0.04000,0.03100,-12.82000,-161.06800,3.06200
1537006607.69300,0.04500,0.02500,0.00600,-12.87500,-160.93600,4.62100
1537006607.71900,0.01800,0.00000,0.03400,-12.85600,-161.83900,5.76400
1537006607.77500,0.00700,0.07200,0.07900,-12.74000,-161.99800,7.48900
1537006607.77600,0.01200,0.07600,0.08000,-12.33700,-163.12700,9.33600
1537006607.79800,-0.05300,0.10100,-0.03700,-11.97000,-163.49800,10.68000
1537006607.82400,-0.07900,0.17600,-0.05500,-11.30200,-164.95400,12.82400
1537006607.85100,-0.11800,0.22400,0.01400,-10.81900,-165.56700,14.48200
1537006607.90600,-0.17900,0.23200,0.12900,-9.59800,-167.56900,17.44800
1537006607.90700,-0.37400,0.22000,0.33600,-8.44600,-168.58900,19.69100
1537006607.92900,-0.51800,0.29300,0.16600,-6.09900,-170.44200,23.67600
1537006607.98500,-0.81800,0.13600,0.24200,-3.09100,-172.06300,28.38500
1537006607.98600,-0.97500,0.15300,0.19000,-1.49500,-173.19800,31.68500
1537006608.00900,-0.41400,0.20100,0.21300,1.19200,-174.39700,36.36000
1537006608.03500,-0.74900,0.01200,0.64500,3.30400,-174.36000,39.78600
1537006608.09000,-0.61300,0.03400,0.44300,6.21900,-174.50600,43.69100
1537006608.09100,-0.25700,-0.09800,0.60200,9.72000,-175.18200,46.98000
1537006608.16700,-0.13000,-0.66900,0.66200,12.56300,-175.66800,48.08700
1537006608.19600,-0.45500,-0.98600,0.15700,15.70400,-177.47200,46.67000
1537006608.19700,-0.16600,-0.85700,0.04500,16.81400,-178.21900,45.14500
1537006608.22100,-0.17500,-0.63200,0.21400,16.56100,-179.62900,40.78900
1537006608.22200,-0.33100,-0.70900,0.29600,15.61100,179.10100,36.54900
1537006608.27200,-0.50000,-0.48200,0.37600,12.13200,177.84600,29.88800
1537006608.30000,-0.35800,-0.10100,0.32800,7.10800,178.66200,22.76900
1537006608.30100,-0.28800,0.11100,0.40000,3.50300,-179.56800,17.75000
1537006608.51700,-0.15800,0.39400,0.33200,-1.57800,-175.56500,9.79500
1537006608.51800,-0.00400,0.74600,0.19600,-4.48300,-172.06500,3.81200
1537006608.51800,0.17900,1.31700,-0.08200,-7.87800,-166.17600,-6.38300
1537006608.51900,1.30900,1.39900,-0.38200,-8.92100,-159.82600,-17.00500
1537006608.53500,1.87400,0.49100,-0.53800,-7.92500,-155.58300,-22.90200
1537006608.56900,1.80200,-1.13300,-0.83100,-7.20800,-151.83300,-30.53800
1537006608.56900,2.04300,-1.73500,-1.05400,-7.96300,-150.70000,-32.38200
1537006608.57000,1.15400,-0.66000,-0.48700,-8.57100,-149.80100,-30.15800
1537006608.57100,-0.70400,1.16800,-0.00800,-7.85200,-148.86900,-26.16700
1537006608.58900,-0.99400,1.27400,0.36800,-6.36500,-146.16800,-22.71000
1537006608.58900,-0.01000,0.39700,-0.86400,-5.37400,-143.63600,-19.38500
1537006608.69800,2.10400,0.01900,-0.71700,-4.55600,-141.59800,-16.05400
1537006608.69800,-0.03000,0.80100,-0.19300,-7.59100,-141.73600,-12.08800
1537006608.69900,0.14300,-0.63400,-0.04400,-7.90000,-142.12000,-9.97600
1537006608.72000,0.44900,-0.34600,0.20000,-7.66700,-140.39300,-8.31200
1537006608.72000,0.01100,0.19500,-0.04200,-9.35700,-140.74800,-7.33400
1537006608.80200,0.13100,0.27900,0.03200,-9.83700,-141.48400,-6.32300
1537006608.80200,-0.05500,-0.12800,0.03600,-9.82800,-142.32100,-5.05400
1537006608.80300,0.08200,0.01600,0.11400,-10.24500,-142.31900,-4.47900
1537006608.82300,-0.09000,0.07600,0.14300,-10.77100,-142.22900,-3.63400
1537006608.87800,0.20100,-0.03100,0.09500,-10.88800,-141.67700,-2.65200
1537006608.87800,0.15500,-0.04100,-0.00900,-10.99100,-141.66100,-1.85500
1537006608.92900,-0.01400,0.03100,0.06200,-11.25800,-142.18000,-0.83700
1537006608.95600,-0.01000,0.07000,0.00300,-11.41200,-142.46800,-0.13600
1537006608.95600,0.07600,-0.04500,0.09200,-11.39100,-142.65200,0.96100
1537006608.98000,0.10600,-0.00800,0.13700,-11.37700,-142.66400,1.67800
1537006609.00600,0.14400,-0.03000,0.01800,-11.17700,-142.69100,2.85000
1537006609.03200,-0.01000,0.04200,-0.08500,-10.85100,-143.02000,3.72800
1537006609.06100,0.02400,0.07100,0.06700,-10.64700,-143.29600,4.31200
1537006609.06200,-0.05000,0.04300,0.07300,-10.15200,-143.68100,5.39600
1537006609.11400,-0.02300,0.09700,0.07000,-9.65500,-143.72500,6.15500
1537006609.11400,0.01000,0.12800,0.10200,-8.78500,-144.03200,7.66400
1537006609.19500,-0.14600,0.13400,-0.04700,-7.76700,-144.90000,9.71700
1537006609.19600,-0.15300,0.14100,-0.02200,-6.93200,-145.45600,11.38700
1537006609.19600,-0.14800,0.19000,0.09500,-5.49200,-146.41700,14.15800
1537006609.21600,-0.12800,0.17900,0.20300,-4.22200,-147.00000,16.33300
1537006609.24200,-0.22900,0.19800,0.32900,-1.81200,-147.98300,19.90800
1537006609.32600,-0.42700,0.09700,0.61000,0.09700,-148.57300,22.57500
1537006609.32700,-0.42900,0.07200,0.89500,2.58900,-149.16000,26.99800
1537006609.32800,-0.55300,0.14100,0.68900,4.83800,-149.71200,31.34700
1537006609.42600,-0.09000,0.26300,0.52500,7.42900,-149.65900,34.61900
1537006609.47900,-0.55100,-0.16300,1.06000,10.95600,-148.49000,39.75700
1537006609.51700,-0.22500,-0.04800,0.74000,12.06100,-146.84400,42.64000
1537006609.51700,0.38000,0.00200,0.40900,14.17000,-143.88600,46.51400
1537006609.51700,-0.47700,-1.32000,0.82900,17.04700,-142.02100,48.21600
1537006609.51700,-0.22600,-1.07200,0.38600,18.00700,-141.11700,47.18500
1537006609.53400,0.07800,-0.61300,0.32200,17.71000,-138.97700,45.35800
1537006609.53400,0.23800,-0.50500,0.35200,16.90900,-137.52500,42.86100
1537006609.61600,0.20700,-0.71800,0.68700,15.05500,-135.65800,37.10500
1537006609.61600,0.38700,-0.39200,0.72900,12.88300,-134.11200,32.71800
1537006609.61700,0.49700,-0.11300,0.62800,8.95700,-130.80000,25.85900
1537006609.66500,0.52100,0.19800,0.58200,4.71200,-126.69900,18.66500
1537006609.69100,0.60200,0.34000,0.31700,2.04400,-123.55600,13.58900
1537006609.69200,0.63400,0.62300,0.08100,-1.55900,-117.77600,5.57800
1537006609.71500,0.61000,0.53200,0.18200,-3.25100,-113.67600,0.10000
1537006609.79900,0.78800,0.91600,-0.35700,-5.79700,-107.69500,-8.91400
1537006609.80000,0.13900,0.90100,-1.78500,-7.16400,-101.89100,-17.49100
1537006609.80000,0.86600,-0.51200,-1.57900,-6.43000,-99.20300,-22.16400
1537006609.81900,0.57800,-0.77300,-1.40300,-7.56900,-97.25300,-27.51000
1537006609.84600,0.07800,-1.03300,-1.96800,-8.82900,-96.42600,-27.86000
1537006609.87200,-0.53600,-0.00800,-0.80200,-10.04600,-96.53100,-25.21100
1537006609.92700,-0.35100,0.31100,0.51600,-8.50200,-94.07000,-21.16300
1537006609.92800,-0.82500,-0.05700,-1.07200,-7.72000,-92.87800,-19.60600
1537006609.95100,0.99000,0.22800,-1.20400,-7.60000,-90.79000,-14.34600
1537006610.00700,-0.04900,0.58500,-0.27400,-8.99400,-89.89300,-11.66700
1537006610.00700,0.18400,-0.56600,-0.33300,-8.89700,-87.45300,-8.88000
1537006610.05900,0.05600,-0.06000,-0.43300,-8.93500,-86.27100,-7.87500
1537006610.05900,-0.02400,0.10100,-0.30200,-10.09400,-87.85000,-6.15800
1537006610.08200,-0.01100,0.09400,0.26700,-10.78200,-90.96100,-4.17800
1537006610.10800,0.04300,-0.03800,0.07200,-10.91100,-91.35100,-3.53000
1537006610.13400,0.02700,0.04500,-0.02800,-11.31500,-90.48300,-3.02900
1537006610.18800,0.11100,0.04400,0.08100,-11.55000,-90.00000,-2.68400
1537006610.21600,0.06700,0.06500,-0.20500,-11.83700,-89.41000,-2.14000
1537006610.21700,0.06400,-0.13200,-0.00600,-11.76400,-90.04900,-1.29900
1537006610.24100,0.03500,0.08400,0.08300,-12.05400,-90.78800,-0.77200
1537006610.26600,0.07700,0.00900,0.13100,-12.19300,-91.42800,0.21200
1537006610.29200,0.10100,-0.03000,0.08200,-12.19100,-91.55300,0.98500
1537006610.31800,0.07800,-0.03300,0.00400,-12.22800,-91.48200,2.27100
1537006610.34500,0.02800,0.04800,0.01900,-12.32800,-91.11800,3.23900
1537006610.37000,0.06100,0.04400,0.08300,-12.38700,-91.40600,4.77800
1537006610.45300,0.01100,0.06000,-0.07100,-12.28100,-91.61700,6.51400
1537006610.45400,0.04200,0.06400,-0.03800,-12.05400,-91.94900,7.73600
1537006610.47800,0.02200,0.09000,0.06300,-11.50200,-92.61600,9.57100
1537006610.47900,-0.08500,0.08000,0.05000,-11.06700,-93.16900,10.95500
1537006610.77300,0.00800,0.10100,0.07200,-10.31700,-93.78400,13.30600
1537006610.77400,0.11600,0.13000,0.12300,-9.70000,-94.35800,15.04400
1537006610.77500,0.10900,0.22700,0.17400,-8.53100,-95.49900,17.77300
1537006610.77600,0.14800,0.22300,0.40000,-6.72200,-96.76800,20.97900
1537006610.82400,0.23000,0.33000,0.75600,-5.12000,-97.77200,23.52900
1537006610.82500,0.00100,0.32300,0.98400,-2.03000,-99.41300,28.22800
1537006610.82600,0.07000,-0.00800,1.04900,0.29300,-100.29400,31.83000
1537006610.93200,0.09500,0.30600,0.45600,3.00400,-101.10600,36.67300
1537006610.93200,0.17300,-0.01400,0.99700,6.58400,-100.93000,41.82200
1537006610.93300,0.35600,0.05700,0.86000,8.30900,-100.60200,44.46000
1537006610.93400,0.37000,-0.09900,0.36000,11.83200,-100.49000,47.64900
1537006610.98400,0.25500,-1.11500,0.69800,15.15800,-100.34900,49.32100
1537006610.98400,0.10400,-1.21900,0.58000,17.83100,-101.02700,48.29100
1537006610.98500,0.05800,-0.68300,0.20600,18.06200,-100.69500,45.97300
1537006610.98600,0.21000,-0.56900,0.23500,16.97300,-100.53600,43.50700
1537006611.00300,0.25800,-0.65600,0.37100,14.55600,-100.54100,37.75100
1537006611.03100,0.37800,-0.45000,0.43400,12.02000,-100.23500,33.43100
1537006611.03200,0.43200,-0.15000,0.36500,7.48600,-98.45300,26.06500
1537006611.08400,0.46200,0.22300,0.29400,2.43700,-95.49300,18.00900
1537006611.08400,0.41400,0.41300,0.06800,-0.53100,-92.53300,12.69100
1537006611.10600,0.56200,0.80400,0.00900,-4.17900,-87.15100,3.73000
1537006611.14100,0.42500,1.38100,-0.32400,-6.46900,-83.28900,-2.86500
1537006611.14200,-0.04600,1.45600,-1.16200,-8.43100,-77.12400,-13.25900
1537006611.14300,-0.62300,0.19900,-1.98600,-8.55300,-73.96300,-19.45900
1537006611.14400,0.08200,-1.09200,-1.67200,-9.36100,-73.11900,-27.23200
1537006611.16000,-0.72400,-1.13400,-2.00200,-13.16300,-74.18400,-30.92100
1537006611.18500,-0.41100,-0.80000,-1.40300,-14.47900,-74.97700,-30.17400
1537006611.21300,-0.52000,-0.17400,-1.05700,-15.22600,-76.05800,-25.52900
1537006611.21400,-0.45500,0.39600,-0.27400,-15.10500,-75.81400,-21.46100
1537006611.26600,0.27900,1.45100,3.14900,-14.08400,-73.48800,-17.90200
1537006611.26600,-1.41500,-0.05800,-0.80800,-12.46400,-69.92600,-17.00100
1537006611.31900,-0.22500,0.70300,-1.93100,-10.95900,-65.60100,-14.16800
1537006611.31900,-0.52200,0.58400,0.09300,-12.18000,-64.84200,-10.60900
1537006611.37300,0.36900,-0.49500,-0.22000,-12.61500,-64.38300,-8.73200
1537006611.37300,0.09700,-0.30200,-0.43500,-11.99100,-61.96100,-7.32500
1537006611.42400,-0.21100,0.14700,-0.21700,-12.50200,-62.13500,-6.50400
1537006611.42400,0.03000,0.22600,0.06000,-13.19300,-64.97400,-4.45800
1537006611.50500,0.08700,-0.11000,0.18400,-13.16200,-66.96000,-3.11100
1537006611.50600,0.08700,0.03900,0.08800,-13.47700,-66.89900,-2.59000
1537006611.50700,0.13800,-0.03000,0.05500,-13.74300,-66.06800,-1.75100
1537006611.52500,0.01300,0.11100,-0.22600,-13.86300,-65.25100,-1.38000
