1537008076.75600,-0.21600,-0.23200,0.00700,88.11600,47.69100,-62.67300
1537008076.75700,-0.15500,-0.24000,0.04300,88.72700,51.78800,-59.89000
1537008076.75800,-0.08000,-0.26000,0.10400,89.31300,136.93300,23.41200
1537008076.75900,-0.03200,-0.15200,0.04800,89.71100,-162.06500,82.79300
1537008076.77600,-0.01200,-0.13200,0.03600,89.95200,-154.63100,89.19600
1537008076.77600,0.02000,-0.09200,0.07300,90.25200,-149.28600,93.08200
1537008076.79900,0.03800,-0.04400,0.05200,90.45500,-146.47300,95.01200
1537008076.85400,0.00500,-0.01300,0.02100,90.74500,-142.56600,97.54000
1537008076.85500,-0.04900,-0.02800,0.00300,90.92200,-140.20900,98.44300
1537008076.87800,-0.04900,-0.03000,0.05400,90.98900,-139.44600,98.27800
1537008076.90400,-0.04900,-0.08200,0.10200,91.09800,-138.36500,98.11500
1537008076.93100,-0.04200,-0.03200,0.08100,91.16000,-137.64400,98.14300
1537008076.98600,-0.06600,0.03600,0.04700,91.25800,-136.54900,98.07800
1537008076.98600,-0.00500,0.00200,0.07600,91.48800,-134.74400,98.76900
1537008077.03800,0.00400,0.00600,0.08100,91.75300,-132.75800,100.11500
1537008077.03900,-0.02600,0.01800,0.05400,92.27100,-128.96200,103.03200
1537008077.06200,-0.00700,-0.00100,0.06400,92.45900,-127.38100,103.96700
1537008077.08800,-0.00600,0.00300,0.05300,92.74900,-124.01000,105.42200
1537008077.17400,-0.03100,-0.00100,0.03500,92.97000,-122.23700,106.63000
1537008077.17400,-0.01700,-0.01500,0.05500,93.32100,-118.69500,108.41200
1537008077.17400,0.01300,-0.01700,0.06800,93.48900,-117.11400,109.13600
1537008077.19400,-0.00300,-0.03900,0.07300,93.61100,-115.12400,109.80200
1537008077.27800,-0.00700,-0.03100,0.03600,93.66400,-113.95000,110.21900
1537008077.27900,-0.00700,-0.03800,0.04500,93.82500,-111.50800,111.42100
1537008077.28000,-0.00700,-0.02600,0.04800,93.88100,-110.36700,111.80300
1537008077.29800,0.02700,-0.03900,0.06700,93.73200,-109.69900,111.12800
1537008077.35400,0.02300,-0.03100,0.06500,93.66800,-108.92900,111.50900
1537008077.35400,-0.00900,-0.00800,0.04600,93.55200,-106.76100,112.47300
1537008077.37700,0.01700,0.00300,0.06400,93.40400,-106.49300,112.42700
1537008077.46200,0.06100,0.00900,0.08800,93.18300,-105.43100,112.81200
1537008077.46200,0.03000,0.04400,0.09400,93.19600,-100.08700,117.53200
1537008077.46300,-0.04200,0.00600,0.02100,93.35100,-93.10300,124.37600
1537008077.48200,-0.05900,0.02200,-0.05600,93.55600,-83.95200,132.85000
1537008077.56600,-0.01000,0.00000,0.01400,93.39200,-86.96600,129.65900
1537008077.56700,0.01100,0.00900,0.06700,92.85800,-96.09400,119.94400
1537008077.56800,0.00900,0.00100,0.06400,92.40700,-100.67200,115.05200
1537008077.58700,0.01100,-0.00700,0.03200,92.19900,-100.79500,114.25900
1537008077.64200,0.01300,0.00000,-0.00600,91.89000,-101.92900,112.68100
1537008077.64300,0.02400,0.00200,0.02000,91.69200,-103.25900,110.80300
1537008077.66700,0.01700,-0.02100,0.01800,91.51800,-104.63900,109.13100
1537008077.72100,-0.01900,0.01700,-0.01100,91.38900,-105.42100,107.81000
1537008077.72400,-0.03600,0.01900,0.01000,91.23100,-107.87400,105.12500
1537008077.74500,-0.02900,0.02300,0.04200,90.93000,-112.17500,100.38700
1537008077.77100,-0.04300,0.02700,0.07800,90.75600,-114.26300,98.13700
1537008077.82700,-0.06100,0.05700,0.07700,90.51500,-116.44400,95.51800
1537008077.82700,-0.02400,-0.05700,0.17500,90.34000,-117.92000,93.78600
1537008077.84900,0.03600,-0.03700,0.27800,90.20200,-119.27300,92.54900
1537008077.87500,0.34400,0.10200,0.25300,90.11700,-119.80500,92.34100
1537008077.90200,-0.08900,-0.00300,-0.14600,90.27800,-113.09900,99.66000
1537008077.92800,-0.13600,0.03600,-0.03300,89.71000,-133.33900,79.31300
1537008077.95800,0.02800,0.01700,-0.06300,89.15700,-142.23000,70.94900
1537008077.98300,-0.00500,0.07000,-0.03900,88.59500,-146.27200,67.30900
1537008077.98400,0.02300,0.06800,0.04200,88.36500,-147.08200,66.45100
1537008078.03600,0.14200,0.04900,0.05700,88.48800,-147.49900,66.06000
1537008078.03700,0.00300,0.05400,-0.00800,88.92800,-153.04400,60.46700
1537008078.06000,-0.00200,0.04100,-0.01700,89.13900,-159.84800,53.69600
1537008078.11600,-0.01200,0.00400,0.03500,89.27900,-165.16400,48.26600
1537008078.11600,0.03000,0.03300,0.09200,89.33400,-161.47500,51.89900
1537008078.13800,0.01900,0.01300,0.07500,89.38100,-157.63900,55.86200
1537008078.16400,0.00900,0.01000,0.03500,89.41400,-155.04200,58.31100
1537008078.22000,0.00700,0.00000,0.02600,89.42500,-156.42400,56.96400
1537008078.22000,0.00200,0.01000,0.02100,89.42800,-161.44300,51.78200
1537008078.24400,-0.02500,0.01900,0.00300,89.41000,-168.98400,44.23400
1537008078.26900,-0.01700,0.03400,0.00700,89.35100,-169.71500,43.22000
1537008078.32400,0.01700,0.03400,0.07800,89.18900,-164.95700,47.83600
1537008078.32500,0.04300,0.01000,0.08300,89.17100,-161.83500,50.84500
1537008078.34800,0.01300,0.00300,0.02800,89.27900,-164.48600,48.05900
1537008078.40300,0.01100,0.02800,0.04200,89.37400,-165.04300,47.39600
1537008078.40400,0.02000,0.02300,0.05000,89.43600,-160.45400,51.98500
1537008078.42700,-0.00600,0.02200,0.03100,89.54900,-151.54700,60.87900
1537008078.45300,-0.01800,0.01400,0.01800,89.69700,-141.03000,71.39600
1537008078.53800,-0.01500,0.02700,0.02400,89.86800,-128.08100,84.18900
1537008078.53800,-0.01700,-0.01000,0.01900,89.91400,-124.85900,87.22100
1537008078.53900,-0.04600,-0.07500,-0.02600,89.92500,-123.99400,87.78900
1537008078.55800,-0.07300,-0.04000,-0.03500,89.61100,-131.45500,79.67900
1537008078.58400,0.00500,0.04200,0.03600,89.04800,-137.93100,72.58500
1537008078.61100,0.13600,0.02500,0.19200,87.70600,-142.37400,67.34400
1537008078.63700,0.38900,-0.06200,0.38000,86.88800,-146.35500,63.21400
1537008078.69200,0.44500,-0.00800,0.36100,87.12900,-155.06800,55.52100
1537008078.69300,0.92500,-0.22900,0.92100,88.13100,76.75500,-68.77600
1537008078.71500,0.53300,-1.38800,1.09500,88.52100,54.84600,-85.73600
1537008078.74300,-1.33300,-3.15900,-0.70100,88.14800,42.62700,-88.83100
1537008078.79700,-2.63600,0.78300,-2.41000,-47.24100,38.49600,-87.08300
1537008078.79800,0.68900,3.69300,-0.10300,-78.96300,25.55400,-74.86700
1537008078.85100,2.36200,0.58300,1.64700,-79.57900,9.26800,-56.44300
1537008078.85100,0.39700,0.68300,0.43500,-82.39700,27.58900,-74.38000
1537008078.87300,-0.54100,-0.73600,-0.91800,-82.42400,35.39200,-84.34500
1537008078.89900,-1.24100,-1.51100,-0.34600,-79.56900,36.27600,-85.36900
1537008078.92500,-0.27300,0.15100,-0.01600,-77.45800,36.44100,-82.97600
1537008079.04000,0.13200,0.41800,-0.02400,-80.41500,35.00900,-81.29800
1537008079.04000,0.22600,0.40300,0.17000,-81.30000,34.35900,-79.88500
1537008079.04100,0.28900,0.31900,0.26500,-81.75400,35.34800,-79.31000
1537008079.04200,0.25500,0.10600,0.06000,-81.43600,36.88300,-79.96800
1537008079.11500,0.05500,0.00600,-0.00700,-81.12100,39.59000,-81.99300
1537008079.11600,-0.14700,-0.19600,0.00300,-81.17300,41.32200,-83.58200
1537008079.11700,-0.05000,-0.01800,0.08400,-81.66000,41.97400,-84.31700
1537008079.13500,0.18700,0.41400,0.14600,-81.92000,42.86900,-85.06400
1537008079.16200,0.62200,1.43000,0.58900,-81.67800,43.90600,-86.00900
1537008079.19000,-0.61500,1.87500,-1.01000,-54.20100,45.35300,-87.77300
1537008079.21400,-2.24200,-0.93600,-1.64800,91.77600,47.13200,-91.64600
1537008079.24200,0.32600,-2.93700,-0.31800,91.82900,41.86900,-101.22900
1537008079.26800,1.17400,0.30800,1.56700,86.28700,-129.81600,83.82800
1537008079.29300,0.82500,0.21100,0.68900,85.20500,-130.24200,83.92200
1537008079.32000,-0.00900,-0.30000,0.42600,85.55300,-135.86900,78.50800
1537008079.37600,-0.51400,0.14800,-0.24000,86.09200,107.27100,-39.58700
1537008079.37600,-0.66100,0.21900,-0.80700,88.13500,68.79000,-78.73400
1537008079.39800,-0.23400,-0.09800,-0.31800,89.36900,61.45600,-85.15400
1537008079.42600,-0.09400,-0.13100,0.00300,89.13700,78.55300,-68.34700
1537008079.48000,0.20300,-0.15400,0.26700,88.29600,-136.69100,76.85600
1537008079.48000,0.47100,0.07800,0.43400,88.02700,-133.12200,81.88000
1537008079.50300,0.32900,-0.05400,0.26200,88.28400,-132.48900,83.01800
1537008079.52900,-0.07900,-0.08400,-0.09000,89.02700,-131.62400,83.10100
1537008079.55500,-0.27900,-0.00700,-0.20000,89.59100,-130.74900,83.45500
1537008079.58300,-0.25100,0.04900,-0.20700,90.10400,-101.19400,113.16400
1537008079.60900,-0.05900,-0.02900,-0.01500,89.76900,-130.06200,84.52700
1537008079.66400,0.06900,-0.03400,0.09600,89.26700,-132.19900,82.49400
1537008079.66400,0.18600,0.00400,0.21100,88.73500,-132.84400,82.10200
1537008079.68700,0.11400,0.02800,0.11700,88.65600,-133.31400,81.75400
1537008079.71400,-0.03600,0.01100,-0.02700,88.80200,-134.71100,80.23000
1537008079.77000,-0.05200,0.01200,-0.06100,88.95500,-135.92500,78.90200
1537008079.77000,-0.02800,0.00700,-0.03500,89.03900,-137.66900,77.10000
1537008079.79200,-0.01000,0.00800,0.01900,88.96400,-137.37500,77.46100
1537008079.81800,0.00700,0.01300,0.05000,88.84900,-136.69300,78.22100
1537008079.87400,0.02500,0.02800,0.06000,88.64100,-136.41800,78.55700
1537008079.87400,0.01000,0.01600,0.04600,88.52700,-136.82300,78.14000
1537008079.89800,-0.02900,0.02200,0.02100,88.46200,-137.94100,76.91800
1537008079.95300,-0.03000,0.00800,-0.00300,88.49600,-138.63200,76.06700
1537008079.95300,-0.01900,0.01400,0.01100,88.48900,-138.77800,75.86300
1537008079.97600,-0.01400,0.01700,0.03300,88.47100,-138.50400,76.06800
1537008080.00400,0.01000,0.00400,0.03500,88.50300,-137.72600,76.84100
1537008080.06000,-0.00500,0.01400,0.03400,88.51400,-137.05300,77.48800
1537008080.06100,-0.00200,0.00700,0.02800,88.52600,-136.84900,77.65700
1537008080.06200,0.00400,0.01000,0.02100,88.54800,-136.81700,77.68800
1537008080.10700,-0.00700,-0.00200,0.01300,88.57600,-136.72200,77.76800
1537008080.16600,-0.00400,0.00600,0.01300,88.60900,-136.42200,78.09000
1537008080.16600,0.00800,0.00100,0.01700,88.65200,-135.84600,78.65900
1537008080.16700,-0.00600,0.00100,0.02300,88.65500,-135.50300,78.99100
1537008080.21400,0.01700,-0.00200,0.03200,88.66600,-135.23600,79.25200
1537008080.21500,0.00400,-0.00600,0.02200,88.62900,-135.35500,79.10500
1537008080.23900,-0.02300,0.00500,0.00900,88.60500,-135.57000,78.89000
1537008080.26500,-0.00600,0.02600,0.02800,88.57000,-135.62100,78.86900
1537008080.29000,0.00400,0.01100,0.03100,88.50300,-135.67800,78.80100
1537008080.34600,0.00600,0.01300,0.03100,88.49200,-135.59100,78.92600
1537008080.34600,-0.00500,0.02700,0.02400,88.47200,-135.64000,78.94100
1537008080.37200,-0.01000,0.02500,0.02500,88.47200,-135.51500,79.05300
1537008080.39700,0.00500,0.01700,0.02200,88.47800,-135.15300,79.43100
1537008080.45100,0.02000,0.00800,0.03200,88.46400,-134.99000,79.63400
1537008080.45200,0.00500,0.01800,0.03100,88.41800,-135.18800,79.45800
1537008080.47400,-0.01400,0.02200,0.01800,88.38900,-135.21800,79.42300
1537008080.50100,0.01100,0.00600,0.04800,88.38200,-135.10700,79.53500
1537008080.52700,0.03300,0.01100,0.06500,88.50400,-134.58600,80.22600
1537008080.58300,0.02700,-0.01800,0.07000,88.67100,-134.17900,80.83400
1537008080.58300,-0.03000,-0.03300,-0.00800,88.89600,-134.64200,80.58700
1537008080.63600,-0.06800,0.00100,-0.09600,88.88300,-136.17400,78.87600
1537008080.63600,-0.03500,-0.01400,-0.05200,88.71700,-136.96500,77.98900
1537008080.65800,0.00900,-0.01000,0.02300,88.28600,-138.10700,76.55200
1537008080.68500,0.07100,-0.12400,0.06100,87.97700,-138.70000,75.77100
1537008080.74000,0.13000,-0.21200,0.03500,87.40200,-140.90200,73.43100
1537008080.74000,0.30700,-0.25100,0.10600,86.07500,-151.62000,62.91900
1537008080.79300,0.27000,-0.15500,0.10300,84.92400,-170.46800,45.05100
1537008080.79300,0.41500,0.17400,0.01800,81.73500,109.11600,-32.98700
1537008080.81500,0.33800,-1.27100,1.04600,78.75800,75.63500,-64.51600
1537008080.84200,-1.19600,-1.31100,-0.43000,61.95300,55.36200,-76.76400
1537008080.86800,-0.94800,0.84100,-1.36300,-58.65900,42.38200,-74.92500
1537008080.92200,-0.26700,1.98400,-1.01900,-72.50100,32.40200,-70.11700
1537008080.94800,1.20200,1.11100,1.15800,-77.11500,28.66700,-64.79400
1537008080.97600,0.65200,0.91700,0.38900,-76.31800,36.14500,-72.09700
1537008080.97700,-0.12500,0.26400,-0.15900,-71.28800,40.40400,-79.14500
1537008081.02900,-1.14800,-1.48900,-0.16300,-60.92700,41.42600,-79.12300
1537008081.02900,-0.41700,-0.39200,-0.07000,-65.38100,40.74200,-78.31400
1537008081.05200,0.11300,0.42600,-0.13400,-73.36400,39.12300,-77.54200
1537008081.07800,0.29100,0.42000,-0.02300,-75.57600,38.27800,-76.44100
1537008081.16300,0.44300,0.40900,0.26600,-76.98500,38.88500,-76.24600
1537008081.16400,0.25000,0.27500,0.11400,-76.06300,41.13100,-77.80600
1537008081.16500,0.01000,-0.01300,-0.06200,-73.71700,42.78400,-78.81700
1537008081.18300,-0.20500,-0.07600,-0.13300,-66.47500,45.11300,-79.63200
1537008081.26800,0.14100,0.41200,-0.00600,-55.63300,46.92000,-79.74900
1537008081.26800,0.45900,1.54200,0.02900,11.70100,50.48800,-79.78200
1537008081.26900,-2.29700,-0.56900,-1.54800,74.68800,58.15000,-78.29800
1537008081.31900,-1.15400,-3.33500,-0.45700,82.00100,75.48800,-66.89400
1537008081.31900,1.40000,-0.70600,1.25500,78.23600,-146.36400,65.16700
1537008081.37100,0.97600,-0.16200,1.19500,76.13600,-140.35400,71.76500
1537008081.37100,0.74500,0.36600,0.35300,75.94500,-152.27600,61.11900
1537008081.42300,-0.88500,-0.25700,-0.18800,75.67600,170.36600,24.51000
1537008081.42300,-0.51700,0.03800,-0.49100,78.76200,122.57900,-22.71200
1537008081.44600,-0.03800,-0.04900,-0.32800,79.98400,122.50000,-22.62200
1537008081.47300,-0.09500,-0.04000,-0.14100,80.14000,139.70500,-5.41000
1537008081.49800,-0.02900,-0.05200,0.06200,79.79300,175.09200,30.01500
1537008081.52600,0.16500,-0.01000,0.27600,79.31100,-171.61200,43.86200
1537008081.55200,0.32600,-0.00600,0.21000,79.77200,-168.87700,47.10300
1537008081.66400,0.10100,-0.00300,-0.09400,80.42800,176.15400,31.62300
1537008081.66500,-0.21000,-0.00100,-0.17300,80.63700,161.45700,16.67600
1537008081.66600,-0.21300,0.01700,-0.16600,80.83400,154.34100,9.50900
1537008081.66600,0.01800,-0.04500,0.01000,80.77800,163.46100,18.57100
1537008081.71100,0.14400,-0.04600,0.12400,80.48600,178.37300,33.30200
1537008081.71200,0.06700,-0.01700,0.13200,80.07300,-178.75400,36.04100
1537008081.73500,0.02800,-0.02200,-0.00700,79.94300,177.38700,32.10400
1537008081.76100,-0.05800,0.04500,-0.01500,79.57700,168.16500,22.49500
1537008081.78700,-0.02200,0.04600,-0.01700,79.46500,165.06500,19.18600
1537008081.81300,0.01200,0.05700,-0.00600,79.32000,167.80500,21.65300
1537008081.83900,0.03700,0.09800,0.07500,79.19400,172.98900,26.67600
1537008081.89500,0.04000,0.09100,0.09200,79.32900,175.23500,29.06000
1537008081.89600,0.01400,0.03300,0.02500,79.69300,176.12800,30.11800
1537008081.91800,-0.00500,0.03600,-0.01200,79.88500,175.58900,29.56700
1537008081.94500,-0.01700,0.02000,-0.01600,80.15900,174.63400,28.63400
1537008082.00000,-0.02500,-0.00800,-0.02900,80.47200,175.94700,29.97200
1537008082.00000,-0.00400,-0.01300,-0.00500,80.62800,178.08700,32.07700
1537008082.05200,0.00500,0.01800,0.02200,80.88200,-179.12100,34.83400
1537008082.05300,-0.00200,-0.00600,0.02900,81.08200,-178.10800,35.83200
1537008082.10400,-0.01600,-0.02200,0.00400,81.39200,-177.32800,36.56500
1537008082.10500,-0.03000,-0.01300,0.00500,81.57000,-176.75400,37.03700
1537008082.12800,-0.02500,0.00100,0.00700,81.63700,-176.28300,37.42900
1537008082.15400,0.03600,-0.04100,-0.00500,81.72500,-175.18600,38.47000
1537008082.18000,0.05400,-0.08100,-0.01200,81.71800,-175.24800,38.42900
1537008082.23600,0.03100,-0.07100,-0.01200,81.58900,-178.81800,35.03300
1537008082.23700,-0.02900,-0.03500,0.01800,81.36900,176.49000,30.35100
1537008082.28900,-0.04800,0.01100,0.03500,80.97500,171.66100,25.48700
1537008082.28900,0.01800,0.06000,0.06100,80.62500,172.27300,26.05500
1537008082.34400,0.01700,0.08000,0.05900,80.44200,173.34200,27.20800
1537008082.34400,0.00700,0.08500,0.04400,80.32300,173.68600,27.71800
1537008082.34500,0.02200,0.08100,0.01000,80.32400,173.01400,27.17300
1537008082.39400,0.02000,0.08600,0.00000,80.35900,171.48200,25.81000
1537008082.39500,0.00200,0.04700,-0.02800,80.48500,170.54700,25.01300
1537008082.41700,-0.00800,0.03200,-0.03300,80.56300,170.64300,25.14400
1537008082.44300,-0.01200,0.01000,-0.00400,80.65400,171.95800,26.44400
1537008082.47000,0.01000,-0.01200,-0.00100,80.72400,173.44300,27.90900
1537008082.52500,0.00700,-0.01200,0.00600,80.77500,175.08700,29.46100
1537008082.52600,-0.01100,-0.00500,0.01200,80.85000,175.44200,29.68000
1537008082.57800,-0.00600,-0.01600,-0.00300,80.91400,175.58600,29.73100
1537008082.57800,-0.00900,-0.00600,0.00400,80.98400,176.00900,30.01100
1537008082.63000,0.01900,-0.01200,0.00800,81.04300,176.65000,30.57400
1537008082.63000,0.01300,0.00300,0.01400,81.13100,177.40100,31.21800
1537008082.68000,-0.00600,0.00100,0.02500,81.20400,177.64900,31.36500
1537008082.70800,0.00900,0.00400,0.02200,81.24600,178.03000,31.71000
1537008082.70900,0.01000,0.00400,0.01600,81.27000,178.03300,31.68400
1537008082.73200,-0.01200,0.00100,0.01100,81.28200,177.35200,30.98100
1537008082.75800,0.00200,0.00700,0.00900,81.31000,177.24900,30.86300
1537008082.78400,0.00700,0.01100,0.02400,81.30800,178.11900,31.70500
1537008082.81000,0.00300,0.00900,0.01700,81.32100,178.34800,31.94300
1537008082.86600,-0.00700,-0.00500,-0.00400,81.34800,177.88600,31.49300
1537008082.86700,-0.00900,-0.00500,-0.00500,81.36800,177.44900,31.04800
1537008082.92000,0.00300,-0.04100,-0.00700,81.39800,177.17400,30.75800
1537008082.92000,-0.02800,-0.03300,-0.01300,81.32200,175.79700,29.28000
1537008083.00200,-0.02700,-0.02200,0.00800,81.20400,174.42000,27.76800
1537008083.00200,-0.01600,0.03200,0.01100,80.94300,173.24000,26.37000
1537008083.00200,0.00900,0.02400,0.03400,80.77600,173.25900,26.23500
1537008083.02200,0.02200,0.02400,0.03400,80.63300,173.26900,26.05700
1537008083.10000,0.03700,0.02000,0.04300,80.58900,172.24800,24.96200
1537008083.13100,0.13400,-0.05200,0.07600,80.67100,170.96200,23.74600
1537008083.13200,0.32400,-0.16100,0.17500,80.53000,157.93900,11.42600
1537008083.13300,0.41700,-0.16200,0.36200,79.80700,129.80700,-15.73200
1537008083.15200,0.35000,-0.70000,0.60900,78.63700,79.44400,-62.94900
1537008083.29200,-0.80900,-1.67600,-0.38500,75.98700,63.07500,-75.49900
1537008083.29300,-1.36000,-0.13000,-1.10600,13.35300,51.94500,-80.01000
1537008083.29400,0.28700,1.71600,-0.14900,-76.57800,42.94600,-77.60600
1537008083.31200,-0.02800,0.66200,-0.01000,-80.43900,37.18700,-72.22900
1537008083.31300,0.13400,0.71300,-0.09600,-78.38000,40.25800,-77.39700
1537008083.39500,-0.74100,-0.91400,-0.60800,-71.70000,42.55400,-80.84800
1537008083.39500,-0.13200,-0.52700,-0.07100,-65.96100,43.13700,-80.27100
1537008083.39600,-0.08200,-0.00400,-0.12700,-70.00100,42.76300,-80.63500
1537008083.41400,-0.07100,0.24800,-0.13200,-75.21100,41.85900,-80.21000
1537008083.47000,0.27000,0.48100,0.09200,-76.89300,41.39800,-79.31600
1537008083.47100,0.44400,0.62000,0.15900,-76.76000,42.22200,-78.48100
1537008083.55300,0.23700,1.01500,-0.05400,-72.48100,45.25300,-80.39500
1537008083.55300,0.01400,0.88900,-0.14500,-53.46900,47.97900,-81.41300
1537008083.55400,-2.03200,0.45900,-1.20300,69.24000,55.36400,-79.28600
1537008083.60300,-0.93800,-2.46700,-0.41300,79.68700,65.67300,-72.83300
1537008083.60300,1.64700,-0.93600,1.20600,81.90100,-162.02100,53.75100
1537008083.65400,1.17400,0.50300,0.85600,79.10700,-142.69900,71.12800
1537008083.65500,0.26100,0.00900,0.38400,79.41300,-146.46900,67.95300
1537008083.67800,-1.05200,-0.12000,-0.08600,79.20600,174.13100,29.86500
1537008083.70400,-0.48200,0.15600,-0.33000,79.30000,120.88200,-22.63500
1537008083.76000,-0.16500,0.23000,-0.36600,80.47700,88.69300,-54.85400
1537008083.76000,0.08000,-0.02700,-0.06000,81.03700,86.79200,-55.94200
1537008083.84000,-0.03200,-0.08300,0.01500,81.45400,94.17200,-48.77500
1537008083.84100,0.05300,-0.02900,0.09700,81.39100,129.23400,-14.22000
1537008083.84200,0.28000,-0.01300,0.18300,80.92400,161.26800,17.72400
1537008083.86000,0.19900,0.01500,0.18000,80.61100,172.65000,29.39000
1537008083.88700,-0.06800,-0.01300,-0.06600,80.87200,150.85800,7.84500
1537008083.94200,-0.20300,-0.03500,-0.07300,80.87900,130.75000,-12.17000
1537008083.94300,-0.14400,0.04100,-0.09000,80.77500,115.92200,-27.16000
1537008083.99500,-0.04600,0.03600,-0.03400,80.75000,116.18400,-27.06200
1537008083.99500,0.03000,-0.02200,0.01100,80.79200,127.75300,-15.80600
1537008084.04700,0.11000,-0.03000,0.05400,80.82800,138.65100,-5.07700
1537008084.04800,0.12100,-0.00300,0.05700,80.97500,148.55300,4.71500
1537008084.07100,0.04000,0.01800,0.01100,81.21200,144.68600,0.86700
1537008084.09700,-0.05300,0.00700,-0.03900,81.33500,137.14800,-6.68600
1537008084.12300,-0.05700,0.02100,-0.04000,81.50700,128.12600,-15.85700
1537008084.14900,-0.04400,0.02200,0.00700,81.61300,127.64300,-16.43300
1537008084.17500,0.01400,0.01300,0.04100,81.66400,131.51300,-12.61700
1537008084.23100,0.02300,-0.00700,0.03500,81.66500,137.76600,-6.40900
1537008084.23100,0.01300,-0.00100,0.02700,81.62100,139.64600,-4.55000
1537008084.28500,0.01900,0.00000,0.00800,81.64000,139.27400,-4.92200
1537008084.28500,0.00400,0.01300,-0.00500,81.66600,137.03900,-7.13600
1537008084.33600,-0.01600,0.00400,-0.01900,81.69100,135.58100,-8.57900
1537008084.33700,-0.01600,0.01300,-0.00900,81.69000,135.53600,-8.62400
1537008084.35900,-0.00100,0.00900,0.01500,81.68300,136.85900,-7.31600
1537008084.38600,0.01100,0.00100,0.01700,81.67900,139.11300,-5.09700
1537008084.41300,0.00600,-0.01300,0.00800,81.66100,139.80600,-4.46100
1537008084.43800,0.00400,0.00100,-0.00200,81.66500,138.90200,-5.41500
1537008084.46400,0.00000,0.00500,-0.00300,81.67400,137.63400,-6.79000
1537008084.52000,0.01400,0.00500,-0.00700,81.70000,137.80100,-6.67400
1537008084.52100,0.01400,0.00900,0.00600,81.72400,138.43000,-6.13000
1537008084.54300,0.00500,0.00900,0.00800,81.72500,138.49700,-6.10500
1537008084.57000,0.01100,0.00500,0.00900,81.71700,139.04000,-5.64100
1537008084.68300,-0.00300,0.00800,0.02100,81.67800,139.48200,-5.25600
1537008084.68400,-0.02100,0.00900,0.03500,81.62600,139.15300,-5.60500
1537008084.72700,-0.02100,0.02600,0.00700,81.13100,129.88200,-14.82300
1537008084.75900,-0.03600,0.01400,-0.03200,80.88600,129.25100,-15.51400
1537008084.76000,0.00200,0.02000,-0.00200,80.71200,131.74000,-13.04500
1537008084.76000,0.03100,0.03200,0.00900,80.50100,136.03600,-8.72700
1537008084.80900,0.00700,0.02900,-0.01000,80.39500,137.33100,-7.45200
1537008084.81000,0.01500,0.01800,-0.02600,80.38900,138.07100,-6.74700
1537008084.83300,0.03100,-0.00200,-0.00500,80.53000,139.84400,-4.92700
1537008084.85800,0.02300,0.00600,-0.00500,80.64200,140.44300,-4.32400
1537008084.91400,0.01000,-0.00200,-0.00700,80.87600,140.05600,-4.75600
1537008084.91400,-0.00300,0.00100,-0.00600,81.06500,139.86000,-4.99700
1537008084.96600,-0.01200,0.00600,-0.00900,81.36600,140.55300,-4.38000
1537008084.96700,0.00200,0.01000,0.01500,81.66500,141.85200,-3.19900
1537008085.04800,-0.01100,0.01400,0.03300,81.79300,142.14000,-3.00500
1537008085.04900,-0.03800,0.02400,0.01600,81.84500,141.95800,-3.37900
1537008085.04900,-0.02200,0.01100,0.00700,81.87700,142.72500,-2.74900
1537008085.06800,-0.01000,0.02500,0.00600,81.81400,144.64900,-1.00800
1537008085.15200,-0.01800,0.00900,-0.01400,81.77300,145.64500,-0.11900
1537008085.15300,-0.01100,0.01600,-0.02700,81.75600,145.83400,0.02800
1537008085.15400,0.00600,0.01900,0.02900,81.63700,145.66600,-0.21600
1537008085.20200,0.00800,0.00600,0.03600,81.51900,144.94000,-0.94800
1537008085.20300,-0.00700,-0.00900,0.00300,81.35800,143.08600,-2.84300
1537008085.22600,-0.01700,-0.00100,-0.01400,81.26100,142.72900,-3.41800
1537008085.25200,-0.00100,-0.01300,-0.01700,81.20800,144.04900,-2.18400
1537008085.33600,0.03600,-0.02500,-0.00300,81.19800,146.53900,0.24200
1537008085.33700,0.03100,-0.02000,0.00100,81.21200,147.39300,1.02500
1537008085.33800,0.04300,-0.00600,0.01000,81.24800,147.23700,0.74100
1537008085.35700,0.05000,-0.00100,0.00800,81.37100,146.75600,0.23000
1537008085.38300,0.01600,0.00000,-0.00500,81.48100,145.68200,-0.83100
1537008085.43800,0.00500,-0.00200,0.00500,81.65800,144.43900,-2.05500
1537008085.43900,0.00200,0.00100,0.00800,81.76400,144.38000,-2.08700
1537008085.49100,0.00300,-0.00600,0.00900,81.92900,144.98600,-1.44000
1537008085.49100,0.00100,0.00100,0.01600,82.02200,145.30000,-1.08500
1537008085.51500,0.00600,0.00600,0.01900,82.15400,145.14300,-1.17100
1537008085.54100,-0.02100,0.03900,0.02100,82.26900,144.16700,-2.07800
1537008085.62500,-0.02100,0.06400,0.04100,82.44700,144.47000,-1.73500
1537008085.62600,0.03100,0.04100,0.04500,82.86400,146.62500,0.62900
1537008085.62700,0.03900,0.04300,0.03600,83.15100,147.05800,1.24300
1537008085.64500,0.01000,0.01400,-0.00500,83.64900,145.88500,0.35700
1537008085.73000,0.01800,-0.02400,-0.01200,84.06700,145.30800,0.03900
1537008085.73100,0.01000,-0.02800,-0.01400,84.23500,145.50700,0.40100
1537008085.77900,0.00400,-0.04600,-0.02000,84.45800,148.96100,4.10100
1537008085.78000,-0.00500,-0.03900,-0.01800,84.42600,151.13800,6.33600
1537008085.80400,-0.00800,-0.04000,-0.00500,84.35300,152.61100,7.79500
1537008085.82900,0.00000,-0.03600,-0.00600,84.28000,153.20600,8.37000
1537008085.88500,-0.01000,-0.00800,0.00300,84.13200,152.41700,7.46700
1537008085.88600,-0.01500,0.02900,0.01400,84.01200,151.66400,6.57400
1537008085.90800,-0.01900,0.08000,0.02200,83.82000,152.38800,7.08600
1537008085.93500,-0.00500,0.08700,0.05600,83.89000,156.75500,11.34700
1537008086.02000,0.06500,0.04300,0.06700,84.16700,161.07500,15.75100
1537008086.02100,0.02400,0.03800,0.00400,84.68900,165.78700,20.60100
1537008086.04000,-0.01200,-0.02300,-0.02600,85.50000,171.93700,26.89500
1537008086.12200,-0.03200,-0.03400,-0.00800,85.65500,175.63600,30.58700
1537008086.12200,-0.00100,-0.05100,-0.01700,85.65400,178.19400,33.05400
1537008086.17400,-0.00400,-0.02800,0.00800,85.61500,179.79900,34.58900
1537008086.17400,-0.01700,-0.00900,0.01600,85.60100,-178.96000,35.72400
1537008086.19700,-0.00400,-0.01400,0.01100,85.63900,-177.69700,36.90200
1537008086.22400,0.00800,-0.00200,0.01400,85.65800,-177.57400,36.98200
1537008086.27700,-0.03000,0.00900,0.00700,85.71300,-179.04500,35.43900
1537008086.30400,-0.02300,0.00600,0.00200,85.79900,-179.49400,34.94000
1537008086.30500,0.01700,-0.00800,0.00800,85.90800,-178.90600,35.44900
1537008086.32900,0.02000,0.00400,0.01500,85.96400,-179.25300,35.04500
1537008086.41300,-0.00800,-0.00900,0.00200,86.06700,179.74300,33.92600
1537008086.41400,0.01600,0.00200,0.01400,86.12500,-179.95100,34.10400
1537008086.41500,0.01300,-0.00900,0.01900,86.14600,-179.65100,34.33300
1537008086.46200,0.02000,-0.00500,0.01300,86.17300,-179.90400,34.00800
1537008086.46300,0.01100,-0.01100,0.01200,86.16100,179.32000,33.19600
1537008086.48600,0.02400,-0.04200,0.02100,86.18700,177.02000,30.87500
1537008086.51200,0.13200,-0.04000,0.08400,86.01100,162.03300,15.95700
1537008086.56600,0.16300,-0.01500,0.11400,85.69800,129.40500,-16.55000
1537008086.59300,0.06400,-0.11900,0.10600,85.28100,85.22800,-60.50500
1537008086.59400,-0.19100,-0.25800,-0.05400,85.01500,73.78900,-71.67000
1537008086.64600,-0.41000,-0.36200,-0.09800,84.28200,66.01500,-79.13000
1537008086.64600,-0.16300,-0.78200,-0.13000,83.19400,61.03500,-84.23600
1537008086.66900,-0.63900,-0.94500,-0.43800,79.15700,59.84500,-85.84200
1537008086.75700,-0.41800,0.62300,-0.14600,-82.52500,60.08200,-88.10800
1537008086.75800,0.84700,1.09400,0.22000,-90.18900,61.84600,-90.13500
1537008086.75800,1.19600,0.38300,0.67600,-94.86400,67.56200,-96.68300
1537008086.75900,0.48600,0.23900,0.67300,-99.45500,69.41300,-102.71400
1537008086.80500,-0.51600,0.47400,0.05000,-102.86900,64.65800,-103.26800
1537008086.80500,-0.82500,-0.62400,-0.71700,-107.73200,58.27600,-103.05100
1537008086.85600,-0.39200,0.08400,-0.18700,-107.90100,58.08600,-103.73700
1537008086.85700,0.05100,0.28000,0.01300,-106.56300,60.90000,-106.42400
1537008086.88200,0.20400,0.14600,0.29500,-105.96900,64.51000,-109.23900
1537008086.90600,0.17000,0.14000,0.20000,-105.66800,64.90300,-109.08300
1537008086.93200,0.04900,0.20500,-0.08700,-105.54600,62.54500,-106.59700
1537008086.95800,-0.05100,-0.09100,0.02800,-105.86900,61.21800,-105.28000
1537008087.01400,0.03200,-0.16600,0.17400,-105.29500,59.51900,-102.95100
1537008087.01400,0.09300,0.08100,0.23400,-104.45800,56.73700,-99.56800
1537008087.09500,0.51800,0.71400,0.36500,-103.74800,54.48700,-96.49100
1537008087.09600,-1.31500,1.97300,-0.88000,-92.99600,53.05500,-90.05600
1537008087.09700,-1.86700,0.13500,-1.76600,86.65600,50.64700,-88.25900
1537008087.14500,0.38500,-2.35700,-0.54500,91.24300,42.57300,-98.64600
1537008087.14600,1.32000,-0.01900,1.39600,87.48000,-133.13700,85.84900
1537008087.16800,0.91900,0.35000,1.29900,84.72100,-135.32400,82.96300
1537008087.19500,0.37800,0.24600,0.85700,80.15300,-156.76400,59.13300
1537008087.27900,-2.12900,-0.33500,-0.20200,79.11400,133.20600,-9.11100
1537008087.27900,-0.65200,0.31800,-0.83100,80.18300,90.86200,-51.02500
1537008087.28000,-0.22800,0.01400,-0.34900,80.65400,91.73600,-50.02600
1537008087.29900,-0.10200,-0.07500,0.02500,80.89800,127.48900,-14.54100
1537008087.38500,0.19400,-0.12000,0.27100,80.72700,-173.97900,43.60200
1537008087.38500,0.54300,0.01200,0.37800,81.38900,-160.59700,57.63600
1537008087.38500,0.27400,-0.10300,0.09000,83.00500,-160.41600,58.40400
1537008087.43300,-0.22400,-0.06200,-0.17300,83.62700,-176.47500,41.85200
1537008087.43400,-0.37200,0.01100,-0.16200,84.43500,124.07400,-17.67600
1537008087.45700,-0.23100,0.04500,-0.19600,85.25600,102.77300,-39.03900
1537008087.48300,-0.13000,-0.03300,-0.06300,85.58000,118.36400,-23.51700
1537008087.53800,0.16400,-0.07000,0.13000,86.01500,-177.98900,39.76200
1537008087.53900,0.20000,-0.04000,0.15200,86.36700,-159.35400,58.19300
1537008087.56300,0.12800,-0.04400,0.08900,86.79100,-154.63500,62.99200
1537008087.58900,-0.00600,-0.05000,-0.03200,87.07800,-165.51400,52.14800
1537008087.67200,-0.09500,-0.00900,-0.08000,87.22900,176.44200,34.01500
1537008087.67300,-0.08800,0.00100,-0.04700,87.39300,151.48800,8.88600
1537008087.67400,-0.03100,0.00000,-0.00900,87.51300,157.54700,14.87400
1537008087.72200,0.03500,-0.00300,0.05500,87.57600,-177.28600,39.92300
1537008087.72300,0.05400,0.01700,0.04700,87.50600,-166.58000,50.47700
1537008087.77500,0.04100,0.01700,0.03500,87.44400,-166.73100,50.27600
1537008087.77600,-0.00100,0.02200,-0.00600,87.36700,-173.53100,43.38900
1537008087.82900,-0.01900,0.02300,-0.00700,87.31900,-179.99100,36.89200
1537008087.82900,-0.01100,0.02400,-0.00800,87.28700,174.53200,31.35500
1537008087.85100,-0.00300,0.01000,-0.00400,87.26900,177.00400,33.76400
1537008087.87700,-0.00300,0.01900,0.01300,87.23200,-179.68800,37.03100
1537008087.93300,0.00800,0.00200,0.03200,87.21000,-175.99700,40.68100
1537008087.93300,0.01300,0.01400,0.01500,87.21100,-175.48500,41.18600
1537008087.95700,0.00200,0.01100,0.00200,87.18100,-178.08400,38.52900
1537008087.98200,-0.00700,0.00000,0.00100,87.17600,179.48500,36.11900
1537008088.00800,0.01000,0.00600,0.01100,87.18800,179.94700,36.58100
1537008088.03400,0.01700,-0.00300,0.01400,87.20700,-178.09700,38.56600
1537008088.06100,-0.00700,-0.00500,0.00600,87.20600,-177.76900,38.92200
1537008088.14700,0.00300,0.00300,0.00200,87.20200,-178.62400,38.09600
1537008088.14700,-0.00100,-0.00500,0.00200,87.18400,-178.59100,38.15100
1537008088.14700,-0.00100,-0.01000,0.00700,87.16900,-178.24200,38.47900
1537008088.16700,0.00400,-0.01200,0.00200,87.12900,-178.01900,38.70100
1537008088.22100,0.00300,-0.01800,0.01000,87.09200,-178.46500,38.25600
1537008088.22200,0.02000,-0.01200,0.00800,87.05800,-178.59300,38.07800
1537008088.24400,-0.00300,-0.01700,0.00500,87.00800,-179.03000,37.64100
1537008088.27100,-0.00300,0.00000,0.00800,86.94900,179.47500,36.09700
1537008088.35500,0.00500,-0.00600,0.00500,86.89500,178.80700,35.37100
1537008088.35600,0.00300,0.00400,0.00600,86.83100,178.33900,34.86700
1537008088.35700,0.01100,0.00100,0.01400,86.75200,177.70400,34.20500
1537008088.43400,0.00800,0.00200,0.00600,86.70800,177.29300,33.75800
1537008088.43500,0.00000,0.00100,-0.00300,86.65800,175.56700,31.98300
1537008088.43600,-0.01000,0.00800,0.00500,86.59300,173.77100,30.10900
1537008088.45400,0.00500,-0.00500,0.01200,86.57300,174.22000,30.52900
1537008088.51000,0.00900,0.01600,0.01800,86.53300,175.19600,31.42100
1537008088.51000,-0.00300,0.00300,0.00500,86.51700,174.63600,30.80300
1537008088.53300,-0.00300,0.00200,0.00400,86.54000,174.53700,30.61900
1537008088.56000,0.00900,-0.00200,0.00700,86.52700,175.22900,31.20400
1537008088.61300,-0.00800,0.00200,0.01000,86.51500,174.42600,30.33700
1537008088.64200,-0.00600,-0.02000,0.00700,86.52600,172.92800,28.76100
1537008088.64200,-0.00300,-0.04000,0.00800,86.56000,172.21700,27.97800
1537008088.69100,0.14400,-0.24100,0.09200,86.56900,164.02600,19.81500
1537008088.71900,0.36200,-0.40800,0.15000,85.83100,102.20900,-41.23500
1537008088.72000,0.91900,-0.23500,0.71000,84.91500,70.92400,-71.20700
1537008088.74400,-0.21600,-2.57500,0.00600,81.52500,55.21300,-83.30500
1537008088.82700,-1.50700,0.40900,-1.41200,18.22500,51.70700,-84.66100
1537008088.82900,0.68800,2.54300,-0.45500,-88.94600,49.23500,-88.79000
1537008088.82900,1.63000,0.37200,1.44100,-94.79500,64.27000,-106.75600
1537008088.84800,-0.49900,0.63100,0.80300,-96.01400,62.12400,-104.76600
1537008088.93600,0.38100,1.13500,0.57700,-95.97300,46.53000,-96.05300
1537008088.93600,-1.23500,-1.52300,-0.92400,-97.58300,42.74000,-94.72800
1537008088.93700,-0.34900,0.00700,-0.38400,-94.98900,43.41500,-93.05000
1537008089.00900,0.05900,0.47800,0.13100,-90.57900,45.10100,-90.51400
1537008089.01000,0.89600,1.56700,0.32300,-84.66400,47.77200,-86.56500
1537008089.03200,-0.83800,3.00600,-1.19400,-57.28700,50.67900,-82.30400
1537008089.06300,-2.68500,-1.66200,-1.95900,80.36600,55.31100,-80.87900
1537008089.08400,-0.27200,-3.15500,-0.44200,85.11800,78.26600,-61.12100
1537008089.14300,2.79300,0.14500,2.13800,83.86300,-138.79900,77.26600
1537008089.14300,1.23800,-0.49300,0.72700,82.87700,-146.84600,66.74900
1537008089.14400,-0.56800,-0.25200,0.13100,80.18800,129.03400,-18.30100
1537008089.19200,-0.59800,0.48500,-0.53500,77.54300,78.78900,-68.08800
1537008089.19300,-0.56900,0.49200,-0.63600,78.88400,74.49400,-72.86600
1537008089.21600,-0.09300,0.05200,-0.33000,79.76500,77.64100,-68.59900
1537008089.24200,-0.14500,-0.13100,0.15600,80.34900,95.82500,-50.63900
1537008089.29800,0.27800,-0.17800,0.34500,80.36100,127.81600,-18.37000
1537008089.29800,0.59400,-0.03400,0.35400,80.62900,159.09100,14.26400
1537008089.32100,0.32500,-0.07700,0.17200,80.73600,139.89000,-4.59200
1537008089.37600,-0.42500,-0.03700,0.01900,80.79600,95.91200,-48.52600
1537008089.37600,-0.29800,0.17700,-0.23900,80.73200,82.64200,-61.93100
1537008089.43000,-0.26700,0.16500,-0.20500,80.64700,81.53100,-62.94000
1537008089.43000,-0.04400,-0.01800,-0.01300,80.81200,87.11600,-57.43100
1537008089.47800,0.16900,-0.07700,0.19000,80.86600,95.69500,-48.88000
1537008089.53600,0.21300,-0.07800,0.16600,81.03600,108.13900,-36.47800
1537008089.53700,0.16300,-0.04400,0.08100,81.30400,104.55200,-39.94900
1537008089.53800,-0.01000,-0.03300,0.01700,81.39300,97.15000,-47.18400
1537008089.58400,-0.01400,0.03100,-0.08200,81.58800,88.71700,-55.63600
1537008089.61200,-0.09200,0.03700,-0.05400,81.73100,86.25600,-58.15200
1537008089.61300,-0.03000,0.00800,-0.01800,82.07200,86.05600,-58.32900
1537008089.72300,0.03100,-0.02500,0.04300,82.36200,88.59300,-55.76700
1537008089.72400,0.05200,-0.01800,0.05100,82.44200,90.67600,-53.68600
1537008089.72400,0.05200,-0.02700,0.04100,82.47900,91.55300,-52.86400
1537008089.72500,0.02600,-0.01400,0.01700,82.52000,90.31800,-54.17900
1537008089.76900,0.00700,-0.00700,0.00000,82.57600,87.98800,-56.62400
1537008089.77000,-0.00300,0.00500,0.00300,82.62300,86.97900,-57.69700
1537008089.82300,-0.00700,0.00000,-0.00600,82.73200,86.58300,-58.16600
1537008089.82300,0.03500,-0.00700,0.00100,82.83900,87.36900,-57.46000
1537008089.90500,0.03700,-0.00900,0.02700,82.86300,88.10700,-56.77100
1537008089.90500,0.04400,-0.01100,0.02900,82.89000,88.52200,-56.44500
1537008089.90600,0.03000,-0.01200,0.00800,82.87100,88.30700,-56.75700
1537008089.92500,0.01100,0.00400,0.00600,82.83800,87.97500,-57.13600
1537008089.95200,0.01200,-0.00300,-0.00100,82.85600,87.65600,-57.53100
1537008089.97700,0.02000,-0.00700,-0.00500,82.88700,87.73600,-57.51000
1537008090.00300,0.02100,0.00200,0.01300,82.90700,88.25400,-57.07400
1537008090.05800,0.03900,-0.01300,0.02300,82.90400,88.71900,-56.57600
1537008090.05900,0.04500,-0.01300,0.02600,82.86300,88.97100,-56.37400
1537008090.11100,0.00700,0.00000,0.00700,82.77700,88.43300,-56.94100
1537008090.11200,-0.01600,0.01400,-0.01000,82.72500,88.11000,-57.32400
1537008090.16400,0.00900,0.01300,0.01300,82.68300,88.63100,-56.83300
1537008090.16400,0.06100,-0.02300,0.04000,82.67600,89.33800,-56.09500
1537008090.18700,0.02900,-0.01000,0.03000,82.61200,89.70100,-55.66200
1537008090.21300,-0.00700,0.00200,0.00000,82.53800,89.16300,-56.22900
1537008090.24000,-0.00300,0.00100,-0.00400,82.50300,89.03200,-56.35800
1537008090.29500,0.02300,-0.01100,0.01100,82.46500,89.32800,-56.04800
1537008090.29600,0.01100,-0.03000,0.01200,82.43800,89.45100,-55.92600
1537008090.40500,0.01600,-0.02700,0.01000,82.39400,89.46900,-55.96900
1537008090.40600,0.01600,-0.04200,0.01900,82.30100,89.49500,-56.01900
1537008090.40700,0.02000,-0.06800,0.03300,82.22900,89.36900,-56.17700
1537008090.40800,0.06600,-0.13600,0.06600,82.09600,88.25800,-57.20400
1537008090.51100,0.15600,-0.18100,0.15100,81.72000,86.95100,-58.28700
1537008090.51100,0.23200,-0.35100,0.19800,80.41400,81.98400,-62.53800
1537008090.51200,0.13800,-0.47800,0.25400,77.56100,74.35700,-68.56300
1537008090.51300,-0.18600,-0.56700,0.15700,74.24600,69.21500,-72.18600
1537008090.52800,-0.25400,-0.68200,0.04200,60.90900,61.86800,-75.78000
1537008090.58400,-0.16200,-0.72800,-0.16600,19.63700,56.87200,-76.15400
1537008090.58500,-0.42600,-0.42300,-0.57400,-60.79200,47.63500,-74.06700
1537008090.63600,-0.03300,1.14600,-0.59200,-77.22800,34.60600,-69.72300
1537008090.63700,1.06400,1.30300,0.29700,-80.82300,18.34400,-58.87200
1537008090.68900,0.80600,0.40400,0.67100,-83.67800,9.09900,-53.06400
1537008090.69000,0.07800,0.48200,0.14300,-84.73800,24.35300,-71.18700
1537008090.76600,-0.20800,0.20800,-0.70900,-83.41200,25.64100,-77.54600
1537008090.79600,-1.74700,-0.20900,-0.05700,-83.57600,23.93300,-78.36100
1537008090.79700,-0.23200,0.55800,0.29800,-83.35000,19.22300,-74.44100
1537008090.79800,0.07000,0.37000,0.39100,-83.86500,10.59100,-66.96100
1537008090.90400,0.09900,0.39400,0.34400,-84.14600,7.46100,-63.42600
1537008090.90500,0.28500,0.33700,0.10500,-83.30400,7.94700,-63.12900
1537008090.92600,0.03600,0.01800,0.06200,-82.80800,21.89000,-74.71800
1537008090.97700,0.33800,0.59800,0.25600,-82.54300,25.62200,-76.79300
1537008090.97800,0.18900,0.76700,0.06700,-80.83100,33.57600,-80.29000
1537008091.00100,0.71800,2.01600,-0.02500,-71.21900,37.62500,-79.19500
1537008091.05600,-1.27700,0.30800,-1.59200,44.27500,45.44100,-76.35700
1537008091.05700,-0.03800,-1.37500,0.36000,76.74400,69.21100,-64.11000
1537008091.16700,0.70200,-0.84700,1.03800,76.70300,125.00200,-12.18300
1537008091.16800,0.41500,-1.08000,0.26500,77.19600,174.43500,33.23500
1537008091.16900,0.33100,-0.28800,0.03700,76.99400,150.96900,8.21500
1537008091.18500,0.10300,0.05300,-0.27200,75.20900,92.71500,-53.68000
1537008091.24300,-0.12500,0.04000,-0.28600,76.19900,89.97900,-56.85100
1537008091.24400,-0.15600,-0.06400,-0.11400,77.43300,94.37400,-52.73000
1537008091.24400,0.13800,-0.24000,0.14400,77.93800,104.47100,-42.79500
1537008091.26300,0.41100,-0.20700,0.28600,78.81500,122.63800,-24.04200
1537008091.31900,0.24500,-0.18000,0.15400,79.93600,117.42600,-28.54800
1537008091.31900,-0.05300,-0.11700,-0.06100,80.67600,102.34300,-43.52300
1537008091.34200,-0.21500,0.02300,-0.16500,81.47000,87.89200,-57.84100
1537008091.36800,-0.17600,0.03300,-0.16900,81.71100,85.39900,-60.16200
1537008091.42400,-0.01400,-0.03000,0.02100,81.83400,89.57000,-55.96300
1537008091.42500,0.11100,-0.06300,0.13600,81.97300,98.56200,-47.08700
1537008091.47700,0.10700,-0.05700,0.12800,82.03800,102.60000,-43.09300
1537008091.47700,0.05700,-0.02600,0.03500,82.14300,99.96100,-45.70300
1537008091.52900,-0.02100,-0.00400,-0.03800,82.24900,95.14100,-50.48000
1537008091.52900,-0.02100,0.01400,-0.05500,82.38700,90.26200,-55.38100
1537008091.55200,0.02200,0.00600,-0.03800,82.49300,89.73300,-55.98700
1537008091.63600,0.03200,0.00100,0.00400,82.52600,91.12200,-54.68500
1537008091.63700,0.06400,-0.01500,0.03400,82.59500,93.41000,-52.46100
1537008091.63800,0.06100,-0.02100,0.02400,82.65000,93.96400,-51.95300
1537008091.65700,0.01900,0.00300,0.01200,82.69100,92.66100,-53.36500
1537008091.71200,-0.00300,0.00200,-0.00100,82.73500,90.92200,-55.24500
1537008091.71300,-0.00300,0.00700,0.00900,82.75200,90.62300,-55.66400
1537008091.76500,0.02500,-0.00800,0.01900,82.80300,91.10200,-55.35200
1537008091.76500,0.03900,-0.00300,0.02500,82.82400,91.71300,-54.85800
1537008091.81800,0.00600,-0.02000,0.02300,82.87600,92.03100,-54.68600
1537008091.81900,0.01800,-0.01200,0.01800,82.94800,91.82200,-54.98000
1537008091.87000,0.01600,-0.03500,0.01800,83.08400,90.88900,-56.06200
1537008091.87100,0.01300,-0.07500,0.01500,83.23100,89.36500,-57.66700
1537008091.89300,0.15300,-0.35800,0.08600,83.29000,88.15200,-58.88800
1537008091.92000,0.23600,-0.53600,0.05400,82.93300,83.98100,-62.70200
1537008091.94600,0.60000,-0.54600,0.53600,81.81800,78.75300,-67.10400
1537008092.03000,-0.18100,-2.22000,0.23100,78.41400,66.33500,-77.10100
1537008092.03100,-1.65500,-0.32300,-0.83000,18.54800,57.81100,-80.81500
1537008092.03100,-0.60400,1.59300,-0.60100,-74.89000,52.64800,-79.98400
1537008092.05300,0.58800,0.42800,0.30900,-84.24500,36.96400,-70.61400
1537008092.10600,0.27500,0.74500,0.62300,-86.11800,21.39200,-56.69700
1537008092.10700,0.99600,0.96600,0.56400,-85.38700,39.01600,-75.26200
1537008092.12900,0.10300,0.57900,-0.40700,-83.80800,42.32800,-81.38100
1537008092.15600,-1.19300,-0.74500,-0.69800,-83.80900,44.42100,-83.64100
1537008092.18200,-0.13700,0.40600,-0.00200,-84.61300,44.11000,-83.48500
1537008092.23800,0.09700,0.40900,0.24600,-85.14000,42.28900,-81.99400
1537008092.23800,0.55500,0.24300,0.40800,-84.84200,37.56900,-76.32500
1537008092.29000,0.57700,0.23300,0.38700,-84.14200,36.17400,-73.63000
1537008092.29100,0.20200,0.53300,0.11000,-83.56100,39.76500,-76.81500
1537008092.34200,0.14700,0.69900,-0.13100,-81.13400,45.15900,-80.57400
1537008092.34300,-0.20000,0.70200,-0.30500,-76.48100,48.58300,-81.47900
1537008092.45300,0.05100,0.97900,-0.45100,-16.93000,55.22700,-81.06300
1537008092.45400,-1.78600,-0.92000,-1.09600,75.14400,64.47100,-77.91900
1537008092.45500,0.56000,-1.63400,0.01100,80.53500,78.11100,-68.07300
1537008092.47200,0.55400,-0.37600,0.53900,80.14600,-168.57600,42.79200
1537008092.49800,-0.38100,0.25500,0.21600,79.00200,126.42000,-23.82300
1537008092.58200,0.00900,0.01200,-0.42500,78.52300,94.49300,-56.37800
1537008092.58200,-0.13600,0.07000,-0.27300,79.47800,85.20500,-65.67500
1537008092.58300,-0.10400,-0.01300,-0.06600,80.28600,85.07000,-65.86400
1537008092.63100,-0.00600,-0.12100,0.07000,80.49600,89.73500,-61.38900
1537008092.63200,0.13700,-0.14000,0.10300,80.21900,106.75000,-44.23800
1537008092.65500,0.34600,-0.14300,0.16300,80.45500,121.34300,-28.83000
1537008092.68100,0.10700,-0.10700,0.04500,80.76900,112.92100,-37.01000
1537008092.73700,-0.10300,-0.03400,-0.08700,81.24100,95.35600,-54.73600
1537008092.73700,-0.24300,0.06000,-0.13600,81.36400,90.31200,-59.79700
1537008092.84600,-0.11400,-0.00900,-0.07500,81.41300,91.93800,-58.20700
1537008092.84700,0.13400,-0.08500,0.09300,81.33600,98.48800,-51.69400
1537008092.84800,0.16200,-0.05700,0.14200,81.30800,107.76200,-42.54100
1537008092.86500,0.02700,-0.06100,0.03800,81.65400,100.41700,-49.66600
1537008092.91900,-0.02200,-0.03400,-0.01700,81.97300,94.21000,-55.86700
1537008092.92100,-0.01500,0.00600,-0.06100,82.14100,92.46900,-57.66700
1537008092.94300,-0.01900,0.01800,-0.05800,82.27400,93.16300,-57.12200
1537008092.97000,0.04200,0.01300,0.00800,82.35300,95.81500,-54.52800
1537008093.02500,0.06900,0.01200,0.05600,82.38400,97.08700,-53.25500
1537008093.02600,0.03800,0.02000,0.03900,82.43900,96.54300,-53.82500
1537008093.13600,-0.01200,0.03300,-0.00300,82.48400,95.14900,-55.32800
1537008093.13600,-0.03800,0.02600,-0.01100,82.56700,93.80800,-56.82700
1537008093.13700,0.01100,-0.01100,0.00700,82.67900,94.26200,-56.47700
1537008093.13800,0.03400,-0.02500,0.02400,82.76500,94.77300,-56.06200
1537008093.21100,0.04700,-0.05600,0.04100,82.90000,94.07600,-56.82300
1537008093.21200,0.02700,-0.05300,0.02900,83.03700,92.45900,-58.44900
1537008093.26100,0.12300,-0.17700,0.10300,83.52500,86.46100,-64.00100
1537008093.26100,0.22100,-0.35200,0.14600,83.61500,82.93300,-66.88700
1537008093.28500,0.30400,-0.60000,0.16500,83.03800,75.83600,-72.18100
1537008093.34300,0.51300,-0.63200,0.66100,81.33200,70.62800,-75.43600
1537008093.34300,-0.89900,-2.01200,-0.15800,74.51700,60.32600,-81.58200
1537008093.34400,-1.40100,0.72400,-1.35000,-70.58500,52.63800,-83.01600
1537008093.38900,0.14300,2.13700,-0.51400,-83.71600,47.47300,-82.07100
1537008093.41900,-0.03800,0.17300,0.83500,-87.64600,25.26700,-64.34900
1537008093.41900,1.41500,0.27900,1.27200,-88.96200,-7.23000,-32.43500
1537008093.47100,-0.13500,0.67400,-0.08000,-87.36700,40.12900,-82.45300
1537008093.47200,-0.46500,0.26100,-0.66500,-85.26700,38.93900,-84.44400
1537008093.55300,-0.98800,-0.79800,-0.31000,-84.67100,39.74000,-84.73800
1537008093.55400,-0.27800,0.26700,-0.02700,-85.16000,38.78800,-84.22300
1537008093.55500,0.14800,0.36100,-0.02200,-84.63100,36.61300,-81.92000
1537008093.60200,0.22800,0.30100,0.10700,-84.23600,34.13700,-78.22500
1537008093.60300,0.40100,0.27300,0.21200,-83.76700,34.20500,-76.98500
1537008093.68400,0.32200,0.57400,0.19700,-82.55700,39.19900,-79.45900
1537008093.68400,-0.19800,0.62500,-0.31100,-76.36700,44.81800,-81.11300
1537008093.68500,-0.18900,1.58900,-0.62400,-51.56000,49.00800,-80.13300
1537008093.70400,-2.03100,-0.01500,-1.07000,66.66100,58.12900,-76.25200
1537008093.76000,-0.35300,-1.21300,-0.25600,78.99200,64.88800,-72.71900
1537008093.76000,1.53200,-1.11300,0.29000,83.74700,140.47800,0.12100
1537008093.78300,0.47300,-0.71100,0.47900,84.11700,177.65200,36.05500
1537008093.81000,-0.05900,-0.32500,-0.08600,83.79200,99.11600,-44.38400
1537008093.83700,-0.08700,0.33800,0.23700,82.61000,72.63400,-73.96800
1537008093.95000,0.09800,0.13500,-0.26200,82.96400,69.31300,-77.14100
1537008093.95000,-0.08800,0.11800,-0.08700,84.05400,68.61600,-78.83200
1537008093.95100,-0.06900,-0.04200,-0.02200,85.37500,70.20900,-78.56600
1537008093.95100,0.01500,-0.15500,0.02700,85.82000,73.22800,-75.94700
1537008093.99600,0.41400,-0.22600,0.19100,86.29400,78.53700,-69.93600
1537008093.99700,0.19800,-0.16900,0.12500,86.59700,76.82900,-71.13700
1537008094.04700,0.00200,-0.12300,-0.00500,87.02500,69.14700,-79.05800
1537008094.07600,-0.24400,0.06300,-0.12800,87.14200,65.99700,-82.31400
1537008094.07600,-0.23900,0.07500,-0.10500,87.11800,65.63400,-82.56200
1537008094.09800,-0.09200,-0.03600,-0.04500,87.30700,66.26500,-81.81400
1537008094.15400,0.06700,-0.10400,0.05300,87.47200,67.24500,-80.79400
1537008094.15400,0.12000,-0.09000,0.12300,87.61200,68.23900,-79.69300
1537008094.17700,0.04700,-0.03500,0.05000,87.73600,66.75600,-80.93100
1537008094.23200,0.00300,0.01700,0.01500,87.82600,65.42900,-82.19300
1537008094.23300,-0.03000,0.03300,-0.02000,87.99700,64.10500,-83.50500
1537008094.28600,0.02000,0.00800,-0.02800,88.09400,63.73100,-83.85600
1537008094.28600,0.03700,-0.00300,-0.00500,88.15500,63.73800,-83.77800
1537008094.36300,0.05500,-0.02700,0.00400,88.12100,64.09400,-83.30400
1537008094.39500,0.05800,-0.02200,0.00700,88.02800,64.45100,-82.88000
1537008094.39500,0.01800,-0.00600,-0.00400,87.86000,64.80100,-82.45200
1537008094.39500,-0.01500,-0.00400,-0.02000,87.75200,64.94500,-82.29000
1537008094.46700,-0.00300,-0.00100,-0.02800,87.60200,65.21100,-81.98000
1537008094.52700,0.00400,-0.01200,-0.01000,87.52800,65.39500,-81.77400
1537008094.52800,0.01800,-0.00300,0.00500,87.54800,65.35300,-81.82900
1537008094.52800,0.01500,-0.00200,0.00000,87.52200,65.50700,-81.69900
1537008094.52900,0.01800,0.00600,-0.00400,87.46700,65.71800,-81.52400
1537008094.54500,0.01600,0.00300,0.00500,87.35300,66.06300,-81.19700
1537008094.57100,0.00800,0.01400,0.00700,87.21700,66.52400,-80.75000
1537008094.62600,0.01100,-0.00200,0.01100,87.10600,66.97700,-80.33400
1537008094.62700,0.01700,-0.00400,0.00600,86.91200,67.74500,-79.58400
1537008094.67900,0.03600,-0.01200,-0.01300,86.77600,68.22100,-79.07300
1537008094.67900,0.04000,-0.02100,-0.00600,86.57900,68.82200,-78.42100
1537008094.73100,0.00200,-0.01400,-0.02500,86.42200,69.22700,-78.02700
1537008094.73200,-0.03400,0.02400,-0.01900,86.10100,70.14900,-77.16900
1537008094.75400,-0.01600,0.00600,0.00600,85.82200,71.36200,-76.14500
1537008094.78100,0.01300,0.00100,0.00800,85.70000,72.13100,-75.50300
1537008094.83600,0.02600,-0.00100,0.02100,85.60100,72.95000,-74.89700
1537008094.83700,0.01100,0.01300,0.01300,85.60400,73.19600,-74.83100
1537008094.86000,0.00900,0.01900,0.00600,85.71400,73.22000,-75.11000
1537008094.91500,0.02100,0.02500,0.01300,85.90900,73.03000,-75.59000
1537008094.91500,0.01500,0.00400,0.02900,86.05400,72.86300,-75.93100
1537008094.96800,0.00800,-0.02700,0.01400,86.31600,72.42300,-76.57100
1537008094.96800,0.01300,-0.02400,0.01000,86.45400,72.21800,-76.92200
1537008095.02100,0.01300,-0.00700,0.02800,86.60700,71.84900,-77.51100
1537008095.02100,0.03000,-0.03900,0.03000,86.76600,71.04500,-78.45700
1537008095.04300,0.02400,-0.04400,0.02700,86.81300,70.54400,-78.98400
1537008095.07000,-0.00700,-0.03200,0.00600,86.81300,70.18700,-79.28300
1537008095.14900,-0.02800,0.00000,0.00700,86.74900,70.50200,-78.95600
1537008095.17900,-0.04300,0.02900,0.00100,86.54700,71.55600,-77.92500
1537008095.17900,-0.01100,-0.01800,0.00500,86.36600,72.71800,-76.78800
1537008095.20400,0.02500,-0.04500,0.01800,86.24700,73.38200,-76.09200
1537008095.20400,0.05000,-0.05000,0.02400,86.02300,73.88500,-75.46500
1537008095.25600,0.05500,-0.03600,0.04700,85.84200,73.80100,-75.35300
1537008095.25700,0.05900,-0.04400,0.01300,85.76300,73.04400,-75.81000
1537008095.30700,0.13200,-0.09600,0.10800,85.75200,72.49400,-76.06700
1537008095.33500,0.39300,-0.38300,0.24100,85.77000,70.56000,-76.97600
1537008095.33500,0.51000,-0.47000,0.10700,85.05500,66.40400,-78.32500
1537008095.35800,0.91900,-0.94300,0.78000,82.99200,62.08100,-79.46800
1537008095.38400,-0.87000,-2.27000,-0.51300,71.17600,52.15400,-82.94100
1537008095.41200,-1.26100,1.36400,-1.82100,-77.50100,44.01900,-81.35900
1537008095.43700,0.09000,2.48400,-0.33500,-85.74300,36.52600,-79.74300
1537008095.52400,0.87300,1.42100,2.28700,-90.33700,55.28800,-103.69900
1537008095.52500,0.15500,0.65000,0.05300,-87.93500,32.39600,-81.07800
1537008095.52600,0.33900,0.96500,-0.10400,-84.73400,30.90500,-83.88800
1537008095.52700,-1.21600,-1.34900,-0.41700,-83.64100,32.82200,-85.18400
1537008095.62900,-0.64900,0.28400,-0.02600,-86.10000,37.36000,-86.71200
1537008095.63000,0.22200,0.40800,-0.07700,-83.77200,33.48800,-81.98300
1537008095.63100,0.48000,0.50100,0.16400,-83.04500,31.29800,-78.22500
1537008095.63100,0.55600,0.37400,0.48100,-83.35500,31.92400,-76.94700
1537008095.73400,0.27100,0.54000,0.22800,-83.48900,35.67100,-79.27100
1537008095.73500,-0.12600,0.79900,-0.07600,-82.05400,42.41900,-82.85600
1537008095.73600,0.09000,1.33400,-0.43800,-61.38700,48.77900,-82.56000
1537008095.73700,-1.61100,0.71800,-1.47100,52.39600,54.54200,-79.66900
1537008095.75200,-0.14200,-1.93400,0.29900,78.92700,67.81500,-70.78700
1537008095.77800,2.16800,-0.68500,1.54500,82.28300,104.72700,-36.94300
1537008095.80500,0.72700,-0.57400,0.65300,82.04800,-179.14800,37.58700
1537008095.83000,-0.48100,-0.40400,-0.22600,79.78500,104.96800,-39.73900
1537008095.85700,-0.83300,0.19000,-0.20200,77.63500,85.43000,-61.15300
1537008095.91200,-0.01300,0.30400,-0.12500,75.41000,78.54400,-67.75400
1537008095.91300,0.44100,-0.02800,-0.38300,74.87900,78.13900,-66.00300
1537008095.93900,-0.02700,0.07000,0.16400,75.63300,82.23700,-62.71500
1537008095.99100,0.06900,-0.05900,0.01600,77.07600,88.23600,-58.88500
1537008095.99200,0.20100,-0.11200,0.04700,77.52100,92.94800,-54.27000
1537008096.01400,0.20700,-0.03800,0.05900,77.90500,95.09400,-51.08400
1537008096.04100,0.02800,-0.03500,-0.02500,78.04200,91.78700,-53.75600
1537008096.06700,-0.03500,0.00100,-0.06800,78.15000,84.34400,-60.86600
1537008096.09300,-0.20300,0.13300,-0.09200,77.99900,80.24800,-64.89500
1537008096.14600,0.07100,-0.08300,0.04800,78.64300,83.90100,-61.64700
1537008096.17200,0.15000,-0.09700,0.08200,79.03200,86.98600,-58.74200
1537008096.19800,0.11100,-0.07400,0.05500,79.43300,88.25900,-57.37300
1537008096.22400,-0.04300,0.00400,-0.03100,79.66800,85.01300,-60.35500
1537008096.27800,-0.06300,0.02500,-0.05100,79.81000,82.63000,-62.54600
1537008096.30400,-0.05900,0.06100,-0.08600,80.11100,80.66600,-64.27500
1537008096.33300,-0.03400,0.05000,-0.05900,80.29100,80.84300,-64.07100
1537008096.33400,-0.03100,0.03400,-0.03200,80.40400,83.24600,-61.64500
1537008096.41400,0.00300,-0.01000,0.02700,80.46300,86.42400,-58.63700
1537008096.41400,0.05200,-0.03800,0.03500,80.52900,87.33300,-57.88500
1537008096.41500,0.01100,-0.03900,0.01500,80.61400,86.60600,-58.70600
1537008096.46400,-0.02800,-0.04400,-0.01800,80.74600,85.50400,-59.90600
1537008096.46500,-0.01400,-0.03700,-0.01300,81.01800,84.37700,-61.27200
1537008096.48700,-0.01900,-0.05300,-0.00200,81.20500,84.09700,-61.71300
1537008096.51300,0.00000,-0.04400,0.00600,81.47700,84.07200,-61.94200
1537008096.56900,0.05200,-0.06700,0.02200,81.64600,84.23700,-61.88800
1537008096.56900,0.03100,-0.04900,0.01200,81.67600,83.91900,-62.18800
1537008096.62200,-0.04000,-0.00100,-0.02900,81.68300,82.85200,-63.29000
1537008096.62200,-0.04100,0.03100,-0.03800,81.68200,82.62300,-63.52300
1537008096.67300,-0.00100,0.02000,-0.04100,81.72000,83.52800,-62.71000
1537008096.69900,0.03300,0.08300,-0.09800,81.72300,85.16900,-61.25300
1537008096.70000,0.03300,0.13200,-0.09300,81.62000,86.55600,-60.02600
1537008096.72400,0.03300,0.14200,-0.04800,81.41100,88.80300,-57.99100
1537008096.74900,0.02600,0.13200,-0.03200,81.35100,89.96900,-57.04600
1537008096.77600,-0.02400,0.11000,-0.01900,81.38900,91.01100,-56.44500
1537008096.80200,-0.02300,0.05600,0.01800,81.62000,92.28100,-55.70200
1537008096.85700,0.00300,0.01700,0.04900,81.83400,93.89000,-54.42100
1537008096.85800,0.01900,-0.04400,0.07200,82.28700,95.85000,-52.92900
1537008096.88000,-0.00800,-0.06700,0.03200,82.64100,96.11500,-52.92100
1537008096.96600,-0.01500,-0.08100,0.02100,83.18400,95.59900,-53.72300
1537008096.96700,0.01100,-0.09300,0.00300,83.67200,95.11000,-54.42500
1537008096.96800,0.02300,-0.09400,-0.01500,83.93400,94.77900,-54.86000
1537008096.98600,-0.01200,-0.07600,-0.01100,84.20100,93.86400,-55.89700
1537008097.01200,-0.02200,-0.06900,0.00500,84.40500,92.95500,-56.89200
1537008097.06800,0.00000,-0.06900,0.00000,84.81100,91.83600,-58.15800
1537008097.06800,0.01200,-0.06200,0.02800,85.19000,90.81400,-59.34000
1537008097.09000,0.00000,-0.04800,0.02100,85.43800,89.43100,-60.80000
1537008097.14600,-0.02300,-0.03300,-0.00900,85.75100,87.17900,-63.21500
1537008097.14700,-0.04800,0.00800,-0.02000,85.90900,86.26000,-64.27500
1537008097.16900,-0.03000,0.04100,-0.06400,86.07300,85.91700,-64.91700
1537008097.19600,-0.02900,0.04000,-0.13200,86.15200,86.54800,-64.76800
1537008097.25300,-0.01100,0.04600,-0.02500,86.28100,87.00900,-64.72000
1537008097.25300,0.01900,0.01600,0.06800,86.70200,86.21200,-66.24200
1537008097.27500,0.01200,-0.00100,0.06100,87.04800,84.26700,-68.72900
1537008097.30100,-0.01400,-0.01100,0.01500,87.62900,79.92900,-73.81800
1537008097.35600,0.00100,-0.02900,0.04300,88.23800,75.96500,-78.39300
1537008097.35700,0.02900,-0.05200,0.05600,88.63600,73.61300,-81.07600
1537008097.43800,0.06900,-0.05400,0.04100,89.09700,70.67700,-84.38300
1537008097.43800,0.00400,-0.02800,0.02100,89.27300,69.43100,-85.78600
1537008097.43900,-0.02500,-0.00400,0.00400,89.40400,68.46900,-86.88200
1537008097.45800,0.01500,-0.00600,-0.00400,89.44300,68.20000,-87.14200
1537008097.48400,0.03200,-0.02600,0.00700,89.42000,68.27200,-87.00700
1537008097.54000,0.01300,-0.01800,0.01700,89.31500,68.54800,-86.55900
1537008097.54100,-0.01500,-0.00800,0.00300,89.20700,68.84300,-86.10000
1537008097.56400,-0.01600,-0.00400,-0.00500,89.07300,69.16800,-85.56100
1537008097.59000,-0.02200,0.01400,0.00100,88.98400,69.26800,-85.24000
1537008097.64500,-0.01800,-0.00800,-0.01500,88.94000,69.25900,-85.09200
1537008097.64600,0.00700,-0.01100,-0.01500,88.84400,69.46000,-84.76800
1537008097.66800,-0.00800,-0.00600,-0.01900,88.74500,69.70900,-84.45300
1537008097.69400,-0.03200,0.01100,-0.04400,88.59500,70.12900,-84.05500
1537008097.72000,-0.02600,0.02700,-0.05600,88.48500,70.46200,-83.78800
1537008097.74700,-0.02000,0.01900,-0.02800,88.44300,70.64100,-83.61600
1537008097.77400,0.02600,0.01200,-0.01700,88.47200,70.65700,-83.66600
1537008097.82900,-0.02000,0.02600,-0.00900,88.55700,70.33400,-84.06500
1537008097.83000,-0.02000,0.03700,0.02100,89.00900,68.53900,-85.99300
1537008097.85300,0.02300,-0.00300,0.03200,89.62600,66.07200,-88.48100
1537008097.87800,0.03100,-0.00900,0.02100,89.97400,64.68400,-89.89700
1537008097.93400,-0.02800,-0.01300,0.01800,90.40500,63.10800,-91.58100
1537008097.93400,-0.03000,-0.00400,0.01000,90.68000,62.14800,-92.60200
1537008097.96000,0.00200,-0.03100,0.00100,90.95800,61.02900,-93.69300
1537008097.96100,0.01000,-0.03300,0.00900,91.04800,60.60000,-94.08900
1537008098.04100,0.01700,-0.04200,0.00400,91.09200,60.39800,-94.25500
1537008098.04200,0.00900,-0.03900,0.00000,91.06900,60.54800,-94.05900
1537008098.04300,-0.02600,-0.03200,0.00400,91.01700,60.80700,-93.76100
1537008098.06200,-0.03800,-0.01800,0.00700,90.97000,61.08000,-93.45100
1537008098.11700,-0.01300,-0.01700,-0.02100,90.97100,61.09800,-93.41000
1537008098.11800,0.01000,-0.01500,-0.02000,90.93700,61.13100,-93.27700
1537008098.14100,0.02900,-0.00900,-0.00800,90.88700,61.27700,-93.07200
1537008098.16700,0.05000,0.06400,-0.03400,90.77400,61.69000,-92.65800
1537008098.22200,0.00600,0.09600,-0.05400,90.44700,62.99900,-91.51700
1537008098.22300,-0.01900,0.08600,-0.04200,90.23400,63.87700,-90.78700
1537008098.24700,-0.03800,0.08700,-0.02600,90.02700,64.80900,-90.09300
1537008098.27200,-0.02600,0.01500,0.02200,89.98400,65.26500,-89.93700
1537008098.32800,0.02500,-0.04800,0.04200,90.03900,65.22300,-90.16300
1537008098.32800,0.05900,-0.08700,0.07700,90.13800,65.04000,-90.61300
1537008098.40900,-0.02800,-0.08300,0.03500,90.24500,64.75300,-91.04400
1537008098.41000,-0.03200,-0.09000,0.02100,90.47800,64.09600,-91.88200
1537008098.41000,0.00200,-0.11300,0.01600,90.77600,63.15300,-92.83500
1537008098.43000,0.05300,-0.12700,0.03600,90.97100,62.54200,-93.37500
1537008098.45600,0.32800,-0.34800,0.15700,91.08200,62.11200,-93.40300
1537008098.51100,0.65700,-0.59600,0.31100,90.74700,62.68800,-91.98100
1537008098.51200,0.90900,-1.06400,0.80500,88.64800,63.64000,-88.04300
1537008098.53700,-0.65900,-2.45000,-0.27400,80.21900,60.20500,-86.42900
1537008098.56100,-2.66100,-0.89800,-1.60500,-71.17400,58.38900,-86.06000
1537008098.67600,-1.03800,2.53400,-0.55800,-91.98000,59.90900,-93.70000
1537008098.67600,1.98300,1.40200,1.40700,-95.15800,93.34500,-131.49000
1537008098.67600,0.77300,0.74000,0.79500,-98.41200,106.29400,-145.27300
1537008098.67700,0.30700,0.72700,0.27400,-98.40800,63.25000,-107.49300
1537008098.69200,-0.28800,-0.23600,-1.43900,-97.28500,52.38100,-99.23100
1537008098.71800,-0.91900,-1.08200,-0.15000,-94.59900,48.82300,-95.28500
1537008098.74600,-0.21900,0.14300,0.37300,-91.24800,47.14200,-91.82500
1537008098.79800,0.50000,0.57100,0.46400,-85.79700,38.01800,-80.80000
1537008098.82700,0.56900,0.73700,0.18800,-81.36500,27.58300,-69.56900
1537008098.82700,0.32200,0.63200,-0.08500,-78.42300,25.73700,-67.58200
1537008098.84900,0.21000,0.85500,-0.32900,-73.68400,31.43900,-70.92100
1537008098.90500,0.03500,1.04400,-0.59300,-67.01600,37.82400,-73.27900
1537008098.90600,-0.37800,1.04800,-0.31800,-19.25500,47.62500,-73.15500
1537008098.92800,-2.15100,-0.48800,-1.35000,57.88300,61.53200,-65.92000
1537008098.95500,0.22200,-1.75400,0.93900,68.02700,84.90500,-47.88500
1537008099.01000,2.10000,-0.00400,1.65700,69.31000,155.80100,19.12800
1537008099.01100,0.19500,-0.55800,0.46800,68.13600,160.60000,24.09900
1537008099.03600,-0.88800,0.13600,-0.46800,66.29100,122.78400,-13.72200
1537008099.06000,-0.95800,1.04900,-0.62900,64.41100,100.81500,-35.18600
1537008099.11500,0.34600,-0.07200,-0.16100,64.81600,96.18400,-37.59000
1537008099.11600,0.16100,-0.07200,0.10700,66.13500,101.16400,-32.94400
1537008099.13800,-0.18100,0.05000,-0.10300,67.00000,102.11800,-32.88800
1537008099.19400,-0.15100,0.01700,-0.10600,68.29900,107.49100,-28.60100
1537008099.19400,0.12500,-0.14500,0.10900,69.06900,113.86600,-22.31800
1537008099.21700,0.25400,-0.16500,0.14900,70.34100,117.65600,-17.68000
1537008099.24400,0.03500,-0.09000,-0.05800,71.43600,106.98800,-27.92400
1537008099.29900,-0.18500,0.04100,-0.19700,71.99700,98.79600,-36.17700
1537008099.29900,-0.18500,0.03100,-0.16800,72.75700,94.47600,-40.58700
1537008099.32200,-0.09300,-0.03500,-0.08900,73.42100,96.66000,-38.73300
1537008099.37600,0.07000,-0.07400,0.07800,74.43100,103.01200,-32.97100
1537008099.40300,0.03900,-0.02300,0.04100,75.26300,105.46200,-31.06800
1537008099.40400,-0.00200,-0.01500,-0.00200,75.70300,103.65600,-33.19400
1537008099.42700,-0.00400,0.01100,-0.05100,76.28700,99.57200,-37.71300
1537008099.48300,0.01100,0.00300,-0.04900,76.69100,97.50100,-40.06100
1537008099.48300,0.00800,-0.00500,-0.05100,77.30700,96.54200,-41.56500
1537008099.50700,0.00400,-0.03700,-0.02600,77.76700,98.02400,-40.67500
1537008099.53200,0.01800,-0.06700,0.00200,78.04900,99.27500,-39.69500
1537008099.58800,0.01900,-0.07800,0.01500,78.38900,100.04500,-39.28800
1537008099.58900,-0.00600,-0.04400,0.00300,78.52300,99.59900,-39.98700
1537008099.61000,-0.02600,-0.04000,-0.03500,78.61700,98.70400,-41.33300
1537008099.63900,0.00600,-0.02200,-0.02200,78.62400,99.13900,-41.38200
1537008099.66400,0.01800,-0.01800,-0.01100,78.63900,100.09600,-40.71100
1537008099.69000,0.03400,-0.02100,-0.00300,78.73500,101.31400,-39.91100
1537008099.71600,0.02600,-0.00500,-0.01900,78.78400,101.54600,-39.95400
1537008099.80000,0.00200,0.00800,-0.01300,78.82200,100.97000,-40.85800
1537008099.80000,-0.00100,0.00700,-0.00600,78.91300,100.57500,-41.56100
1537008099.82500,0.00600,0.00200,-0.00700,78.97000,100.82300,-41.50900
1537008099.82500,-0.00300,-0.00800,-0.00400,79.03400,101.39800,-41.24000
1537008099.87600,0.00900,-0.03000,0.00100,79.10000,101.57600,-41.22900
1537008099.87600,0.00700,-0.01900,-0.00900,79.20800,101.30200,-41.71200
1537008099.90000,-0.01500,-0.01700,0.00600,79.30400,100.38900,-42.82300
1537008099.92700,-0.00200,-0.03100,0.00600,79.37600,99.76600,-43.51600
1537008099.95200,0.01700,-0.04400,0.01100,79.46100,98.80400,-44.52600
1537008099.97800,0.01200,-0.02700,0.02100,79.51600,97.68900,-45.60700
1537008100.00400,-0.02300,-0.04800,0.00900,79.61800,95.57300,-47.64100
1537008100.06300,0.00300,-0.08300,0.02300,79.69900,94.38300,-48.73300
1537008100.06300,0.02100,-0.14800,0.05100,79.80800,92.65700,-50.15000
1537008100.06400,-0.01100,-0.23600,0.13200,79.97700,89.29500,-52.94600
1537008100.11300,-0.04000,-0.44000,0.20000,80.28600,85.22700,-56.36200
1537008100.11300,-0.04300,-0.50800,0.21900,80.99800,76.28000,-63.73900
1537008100.19500,-0.08400,-0.55200,0.28700,81.51500,68.91600,-69.56300
1537008100.19500,-0.30000,-0.54000,0.23300,82.50900,57.55800,-77.79600
1537008100.19500,-0.57500,-0.55100,0.09000,84.15500,47.68000,-83.85200
1537008100.32000,-0.62400,-0.48000,0.07600,85.57300,42.03300,-86.50400
1537008100.37900,-0.61600,-0.48200,0.01600,87.26300,33.99500,-88.53800
1537008100.37900,-0.50700,-0.58100,-0.11600,86.81800,28.28800,-88.65900
1537008100.37900,-0.53400,-0.54900,-0.24200,76.76300,19.49500,-86.16000
1537008100.48600,-0.63000,-0.34800,-0.31200,37.80900,10.51200,-79.54000
1537008100.48700,-0.72100,0.01300,-0.36700,7.38800,3.97700,-72.84000
1537008100.48800,-0.59000,0.61800,-0.38600,-11.86300,-7.31700,-60.35200
1537008100.48900,0.14000,1.77900,-0.54800,-15.67100,-16.13700,-51.14100
1537008100.53800,0.72400,-0.83300,-0.66500,-19.77700,-33.65500,-37.87800
1537008100.53900,2.98200,2.02000,-0.56800,-27.97800,-63.89900,-25.50200
1537008100.54000,-0.38300,0.54400,3.86200,-31.95800,-104.41500,-6.34800
1537008100.58700,0.19900,0.35800,0.81700,-31.18800,-135.86200,6.76800
1537008100.58800,0.89000,0.37700,0.32200,-29.45500,-113.64900,-7.50400
1537008100.58900,1.12400,-0.26400,-0.61000,-26.41400,-93.57700,-17.43400
1537008100.60800,0.74000,-0.54900,-0.28200,-24.22800,-88.34800,-19.77200
1537008100.63500,0.78200,-0.38800,0.08900,-22.43800,-87.13700,-22.97100
1537008100.69000,0.52700,-0.57900,0.12700,-21.97700,-89.39300,-22.43100
1537008100.69100,0.40200,-0.47600,0.02100,-22.59800,-95.32100,-19.87200
1537008100.71300,0.13600,-0.11300,0.15000,-23.61300,-101.30100,-17.24600
1537008100.74000,-0.00400,0.18500,0.30600,-23.67800,-103.15300,-16.37400
1537008100.76600,0.01900,0.17200,0.28800,-22.16300,-101.03200,-17.27600
