1521732145.19800,0.00300,-0.00500,-0.01200,8.34100,-3.97900,21.85500
1521732145.22300,0.00300,-0.00200,-0.00900,8.33200,-3.93900,21.85800
1521732145.28000,0.00500,-0.00400,-0.01200,8.32500,-3.88200,21.86700
1521732145.28100,0.00300,-0.00400,-0.00200,8.30600,-3.84400,21.86700
1521732145.30300,-0.00100,-0.00600,-0.00500,8.27200,-3.76500,21.87700
1521732145.32900,-0.00300,-0.00200,-0.00100,8.25400,-3.71500,21.88800
1521732145.35500,-0.00100,-0.00400,-0.00600,8.23600,-3.66200,21.92100
1521732145.38100,0.00000,0.00000,0.00000,8.22400,-3.64100,21.95100
1521732145.43600,-0.00200,-0.00300,-0.01100,8.22900,-3.63300,21.94900
1521732145.43700,-0.00300,-0.00100,0.00200,8.24700,-3.61700,21.97600
1521732145.49500,-0.00300,0.00100,-0.00300,8.25000,-3.61500,21.98800
1521732145.49500,0.00100,-0.00900,0.00000,8.25600,-3.63400,21.99700
1521732145.54300,0.00400,0.00600,-0.01100,8.25900,-3.63600,22.01400
1521732145.54300,0.00000,-0.00100,0.00100,8.25400,-3.63800,22.01100
1521732145.62400,-0.00200,-0.00400,-0.00700,8.25100,-3.63400,22.01600
1521732145.62400,-0.01300,-0.00500,0.00300,8.25100,-3.63400,22.01600
1521732145.62500,-0.00100,-0.00300,-0.00500,8.26800,-3.71400,22.01100
1521732145.67300,0.00200,0.00300,-0.01500,8.29500,-3.78800,22.00500
1521732145.67400,0.01700,-0.00800,-0.01100,8.31100,-3.87600,21.98400
1521732145.69600,-0.02100,0.00100,0.01000,8.29300,-3.85200,21.95000
1521732145.72200,-0.03300,0.00100,0.00200,8.29300,-3.84600,21.92000
1521732145.74900,-0.01600,-0.00100,-0.00600,8.35700,-4.00600,21.87700
1521732145.77700,0.03200,-0.01300,-0.01000,8.42900,-4.19200,21.86500
1521732145.83100,0.04100,-0.01000,-0.00600,8.49100,-4.32000,21.91800
1521732145.83200,0.03300,-0.01300,-0.00900,8.49400,-4.23500,21.97600
1521732145.85500,0.00900,-0.00800,-0.00600,8.41900,-3.94200,22.05700
1521732145.88100,-0.00900,0.01000,0.00300,8.32600,-3.62200,22.16300
1521732145.90600,-0.01900,0.01500,0.00000,8.27000,-3.43600,22.22300
1521732145.96200,-0.02900,0.00800,-0.00300,8.24100,-3.27800,22.23900
1521732145.96300,-0.00900,-0.00900,-0.00700,8.25800,-3.30200,22.23500
1521732145.98500,0.00200,-0.00600,0.00100,8.31500,-3.44700,22.18800
1521732146.04000,0.00900,-0.00900,-0.00300,8.35900,-3.55500,22.14000
1521732146.04100,0.00400,0.00500,-0.00700,8.36100,-3.56500,22.14000
1521732146.09400,0.00000,0.00300,-0.01100,8.36200,-3.53400,22.13300
1521732146.09400,-0.00300,-0.00300,-0.00300,8.37800,-3.52800,22.11300
1521732146.14700,-0.00400,-0.00900,-0.00500,8.39500,-3.55500,22.08800
1521732146.14700,0.00100,-0.00300,-0.00600,8.40500,-3.60700,22.06400
1521732146.16900,0.00900,-0.00500,-0.01700,8.42500,-3.74200,22.04300
1521732146.19500,0.01500,-0.00400,-0.00600,8.43900,-3.82000,22.02200
1521732146.27900,0.01000,-0.00400,-0.00200,8.43000,-3.80100,22.02100
1521732146.28000,0.00200,-0.00200,-0.00100,8.40600,-3.70700,22.02100
1521732146.28100,-0.00400,0.00000,-0.00100,8.38600,-3.58800,22.03500
1521732146.30000,-0.00800,-0.00200,-0.00400,8.38400,-3.52900,22.04700
1521732146.32600,-0.00300,-0.00100,-0.00800,8.37500,-3.49300,22.05400
1521732146.41100,0.00000,0.00000,-0.00100,8.36300,-3.49000,22.05600
1521732146.41200,0.00000,-0.00100,-0.00800,8.36300,-3.46900,22.05900
1521732146.41300,0.00000,-0.00100,-0.00500,8.36900,-3.44600,22.06400
1521732146.43200,0.00300,-0.00100,-0.00800,8.37600,-3.39400,22.08800
1521732146.45800,-0.00100,-0.00200,-0.00400,8.38100,-3.33700,22.11700
1521732146.51400,0.00100,-0.00200,-0.00900,8.38200,-3.30900,22.13600
1521732146.51400,0.00200,-0.00500,-0.00500,8.37900,-3.30800,22.14600
1521732146.56500,0.00800,-0.00600,-0.00600,8.37900,-3.30800,22.14600
1521732146.59200,0.00900,-0.00200,-0.00400,8.35800,-3.27000,22.15400
1521732146.59300,-0.00100,0.00300,-0.00400,8.33600,-3.20600,22.15100
1521732146.64600,-0.00600,0.00200,-0.00300,8.32900,-3.18200,22.13700
1521732146.64600,-0.00700,-0.00200,-0.00400,8.34200,-3.19200,22.11900
1521732146.69800,-0.00100,-0.00300,-0.00800,8.36000,-3.23300,22.09800
1521732146.69800,0.00100,-0.00200,-0.00400,8.39200,-3.32600,22.06400
1521732146.75300,0.00900,-0.00600,-0.01100,8.41300,-3.36900,22.06000
1521732146.75400,0.01100,-0.00300,-0.00100,8.42500,-3.37200,22.05800
1521732146.75400,0.00500,-0.00300,-0.00800,8.42600,-3.30800,22.05700
1521732146.80400,0.00000,0.00000,-0.00300,8.42300,-3.24400,22.06400
1521732146.80400,0.00200,-0.00400,-0.01700,8.41600,-3.15900,22.09300
1521732146.82500,0.00100,-0.00500,-0.00400,8.39900,-3.10500,22.09900
1521732146.88100,-0.01800,0.00500,-0.00300,8.37100,-3.03500,22.11000
1521732146.88100,-0.01800,0.01200,-0.01200,8.37000,-3.04900,22.12400
1521732146.93300,0.01400,0.00200,-0.01900,8.40500,-3.13300,22.11800
1521732146.93400,0.02500,-0.01300,0.00600,8.46900,-3.21500,22.10700
1521732146.95700,-0.01200,-0.00700,0.00200,8.48300,-3.19100,22.10300
1521732147.01200,-0.01900,0.00200,-0.00100,8.51600,-3.18600,22.10300
1521732147.01300,0.01200,-0.01300,-0.01500,8.55700,-3.29500,22.09000
1521732147.06600,0.00700,-0.00100,-0.01500,8.57200,-3.33800,22.10500
1521732147.06600,-0.01000,-0.00300,-0.00200,8.55200,-3.28800,22.10600
1521732147.11500,-0.02700,0.01000,-0.00400,8.53800,-3.25500,22.11100
1521732147.14300,-0.01500,0.00400,-0.01200,8.56400,-3.40400,22.09400
1521732147.14400,0.03700,-0.00700,-0.01000,8.62500,-3.57500,22.09600
1521732147.16600,0.03900,-0.00300,-0.00800,8.69200,-3.65700,22.14100
1521732147.22400,0.00700,-0.00900,0.00300,8.69600,-3.47000,22.20700
1521732147.22400,-0.01700,-0.00700,0.00200,8.65300,-3.29200,22.22300
1521732147.24500,-0.04000,0.01200,-0.00400,8.60300,-3.17300,22.19800
1521732147.27100,-0.00700,0.00300,-0.00600,8.64000,-3.25900,22.16100
1521732147.29800,0.01500,0.00000,-0.00300,8.75800,-3.52500,22.12000
1521732147.38200,0.03200,-0.01200,-0.00400,8.84700,-3.68800,22.09400
1521732147.38300,0.01700,-0.00800,-0.00600,8.86800,-3.65800,22.09800
1521732147.38300,-0.00400,-0.00400,-0.00300,8.85400,-3.51500,22.11800
1521732147.40300,-0.01200,-0.00300,-0.01000,8.84200,-3.43700,22.13000
1521732147.42900,-0.01200,0.00200,-0.00400,8.85000,-3.36700,22.13600
1521732147.48500,-0.00800,0.00200,-0.01100,8.86700,-3.37000,22.13500
1521732147.48600,-0.00200,0.00200,-0.00300,8.91200,-3.43900,22.12500
1521732147.53500,0.00800,-0.00700,-0.00700,8.96600,-3.54700,22.10500
1521732147.56300,0.00400,-0.00900,-0.00300,9.00600,-3.60300,22.10000
1521732147.56300,0.00900,-0.01000,-0.01200,9.05500,-3.64200,22.09200
1521732147.58700,0.00900,0.00100,-0.00600,9.06700,-3.64500,22.09100
1521732147.64500,0.00500,-0.00600,-0.01000,9.05600,-3.60000,22.09800
1521732147.64500,0.00000,0.00500,-0.00300,9.04600,-3.49300,22.12900
1521732147.66500,-0.00600,0.00600,-0.00800,9.04600,-3.43100,22.15400
1521732147.69100,-0.00200,0.00000,0.00000,9.07200,-3.41500,22.15300
1521732147.71800,0.00000,-0.00900,-0.00500,9.11100,-3.44000,22.15000
1521732147.80400,0.00400,-0.00500,0.00000,9.14400,-3.48600,22.14400
1521732147.80500,0.00900,-0.00400,-0.00700,9.16300,-3.51900,22.14000
1521732147.80500,0.01200,0.00200,-0.00100,9.18300,-3.52700,22.13400
1521732147.82400,0.00400,-0.00300,-0.00200,9.20600,-3.45700,22.15100
1521732147.85000,-0.00100,0.00100,0.00000,9.20800,-3.38900,22.15400
1521732147.90500,-0.00300,-0.00100,-0.01000,9.22100,-3.32000,22.16800
1521732147.90600,0.00000,-0.00500,-0.00100,9.24400,-3.31600,22.16400
1521732147.92700,-0.00200,-0.00500,-0.00300,9.24400,-3.31100,22.16000
1521732147.98300,-0.00200,0.00100,-0.00500,9.24700,-3.31600,22.15500
1521732147.98400,-0.00300,-0.00100,-0.00500,9.24700,-3.31600,22.15500
1521732148.00700,-0.00300,0.00000,-0.00700,9.24700,-3.31600,22.15500
1521732148.06300,-0.00100,-0.00400,-0.00200,9.24700,-3.31600,22.15500
1521732148.06300,0.00100,-0.00100,-0.00100,9.24700,-3.31600,22.15500
1521732148.11400,-0.00500,-0.00200,-0.00200,9.24700,-3.31600,22.15500
1521732148.11500,-0.00500,0.00000,-0.00100,9.24700,-3.31600,22.15500
1521732148.13800,-0.00200,-0.00100,-0.00500,9.25600,-3.33100,22.15100
1521732148.19400,0.00000,-0.00200,-0.00900,9.25500,-3.35600,22.15300
1521732148.19500,-0.00400,-0.00400,-0.00900,9.27100,-3.39700,22.14100
1521732148.21700,-0.00600,0.00700,-0.01900,9.25700,-3.43700,22.13700
1521732148.24300,-0.00200,-0.00200,-0.00500,9.25500,-3.53200,22.09800
1521732148.26900,0.00000,-0.01200,-0.00800,9.25800,-3.64600,22.05900
1521732148.35300,0.00500,-0.01200,-0.00400,9.24700,-3.72400,22.04500
1521732148.35400,0.01000,-0.00400,-0.00800,9.21100,-3.81300,22.02800
1521732148.35500,0.00300,0.00100,-0.00800,9.17300,-3.82600,22.03000
1521732148.37400,0.00200,0.00400,-0.01600,9.12700,-4.23200,22.03700
1521732148.40000,0.00000,0.00100,0.00400,9.10900,-4.19800,22.04200
1521732148.45600,-0.00300,0.00200,-0.00400,9.09400,-4.61000,22.04600
1521732148.45600,-0.00400,0.00000,0.00000,9.10900,-4.65100,22.03500
1521732148.50800,0.00500,-0.00700,-0.01000,9.14300,-4.67600,22.03100
1521732148.50900,0.00700,-0.00200,0.00100,9.17400,-4.78000,22.03100
1521732148.56200,0.00800,-0.00300,-0.01000,9.19800,-4.68400,22.04500
1521732148.56200,0.00400,-0.00200,-0.00300,9.21400,-4.61600,22.06800
1521732148.61400,-0.00100,-0.00500,-0.00600,9.23000,-4.42500,22.09300
1521732148.61500,-0.00800,-0.00200,0.00000,9.22900,-4.56600,22.11000
1521732148.63800,-0.00600,0.00100,-0.01200,9.24300,-4.46900,22.14300
1521732148.66400,0.00500,-0.00100,-0.00900,9.26600,-4.51400,22.17400
1521732148.72000,0.01000,-0.00600,-0.01300,9.27800,-4.42200,22.22000
1521732148.72000,-0.00800,0.00500,-0.00800,9.22800,-4.42000,22.23700
1521732148.77000,-0.01800,0.00300,-0.00500,9.20300,-4.36300,22.22700
1521732148.77100,-0.00400,0.00100,-0.01000,9.19800,-4.42400,22.20200
1521732148.79700,0.01100,-0.00400,0.00100,9.20200,-4.50000,22.17300
1521732148.82000,0.00500,-0.00300,-0.00500,9.21300,-4.65000,22.12600
1521732148.87600,-0.01000,-0.00300,-0.00500,9.18600,-4.57000,22.10300
1521732148.87700,-0.02000,0.00200,-0.00200,9.16700,-4.83100,22.10000
1521732148.90000,-0.01300,0.00000,-0.01100,9.18500,-4.87600,22.08400
1521732148.95500,0.01500,-0.00100,-0.02000,9.22800,-5.05200,22.06800
1521732148.95500,0.01900,-0.00600,-0.01000,9.25500,-5.23100,22.02200
1521732148.97700,0.02200,-0.00900,-0.01700,9.24600,-5.65300,21.96000
1521732149.03600,0.01100,-0.00600,-0.00700,9.22600,-5.64400,21.94100
1521732149.03600,-0.00200,-0.00400,-0.01500,9.17800,-5.54800,21.95000
1521732149.03800,-0.00500,-0.00200,-0.00700,9.14200,-5.44700,21.97400
1521732149.05700,-0.00700,-0.00500,-0.01400,9.10700,-5.62700,22.02300
1521732149.08300,-0.01100,0.00000,-0.00700,9.08200,-5.57100,22.05900
1521732149.13900,-0.00800,0.00300,-0.01200,9.07200,-5.58900,22.09500
1521732149.13900,0.00200,0.00300,-0.00600,9.08100,-5.63100,22.11900
1521732149.19000,0.00700,-0.00300,-0.01700,9.09700,-5.66900,22.12800
1521732149.19100,0.00800,-0.00500,-0.01000,9.11700,-5.77100,22.12000
1521732149.21500,0.00200,-0.00200,-0.01300,9.12000,-5.82800,22.11000
1521732149.24000,0.00700,-0.00500,-0.00800,9.13300,-5.99600,22.09100
1521732149.32500,0.02400,-0.01000,-0.00100,9.15200,-6.07200,22.07200
1521732149.32500,0.02700,-0.01300,-0.00300,9.13400,-6.13600,22.05300
1521732149.32600,0.00200,0.00500,-0.01200,9.05600,-5.96500,22.07900
1521732149.34700,-0.01100,0.00800,-0.00500,9.00600,-5.84400,22.09600
1521732149.37200,-0.02000,0.00300,-0.00400,8.97700,-5.69200,22.09700
1521732149.42900,-0.00800,0.00000,-0.00100,8.98300,-5.69000,22.10000
1521732149.43000,-0.00100,-0.00400,-0.01100,9.01700,-5.80700,22.06900
1521732149.48000,0.00200,0.00300,-0.00700,9.06100,-5.94600,22.01600
1521732149.48000,0.00800,-0.00100,-0.00900,9.08100,-6.00100,22.00000
1521732149.50300,0.00600,-0.00800,-0.00400,9.10000,-6.01300,21.99800
1521732149.55900,0.00000,-0.00600,-0.00900,9.09300,-5.95600,22.00800
1521732149.55900,-0.00100,0.00000,-0.00200,9.08300,-5.96500,22.03600
1521732149.61100,-0.00400,0.00100,-0.00200,9.05100,-5.89000,22.06200
1521732149.61100,-0.00400,0.00200,0.00100,9.04300,-5.85500,22.06900
1521732149.69400,-0.00600,0.00100,-0.00900,9.02700,-5.80900,22.07600
1521732149.69400,0.00100,0.00100,-0.01500,9.03800,-5.79100,22.08600
1521732149.69400,0.00400,-0.00100,-0.01200,9.03700,-5.81200,22.08400
1521732149.74200,0.01300,-0.00400,-0.01500,9.05300,-5.97300,22.07200
1521732149.74200,0.00500,-0.00200,-0.00100,9.05000,-5.97700,22.06700
1521732149.76500,-0.00100,-0.00400,-0.01400,9.06100,-5.95400,22.07300
1521732149.79200,0.00100,-0.00200,-0.01200,9.06300,-5.91600,22.08300
1521732149.84700,0.00200,0.00100,-0.01300,9.07400,-5.89300,22.08800
1521732149.84800,0.00200,-0.00400,-0.00200,9.07600,-5.85100,22.09400
1521732149.87000,0.00500,-0.00900,-0.01000,9.09200,-5.82500,22.10200
1521732149.89600,0.00500,0.00400,-0.00700,9.09700,-5.88200,22.10100
1521732149.92200,0.00100,0.00300,-0.01200,9.10200,-5.84400,22.10200
1521732149.95000,-0.01000,-0.00200,-0.00700,9.10300,-5.85600,22.08100
1521732150.00600,-0.01200,-0.00200,-0.01000,9.10600,-5.84000,22.07900
1521732150.00600,-0.01000,0.00100,-0.00300,9.11600,-5.90100,22.08300
1521732150.02800,0.00200,-0.00400,-0.01600,9.14500,-5.98900,22.08000
1521732150.05400,0.01600,-0.01000,-0.00800,9.16800,-6.09800,22.09300
1521732150.08200,0.02500,-0.01100,-0.01200,9.16400,-6.05300,22.12900
1521732150.16600,0.01700,-0.00300,-0.00200,9.13200,-5.99200,22.16900
1521732150.16700,-0.00700,0.00400,-0.00500,9.06900,-5.76800,22.23100
1521732150.16700,-0.01600,0.00100,-0.00400,9.03300,-5.68400,22.24800
1521732150.18500,-0.00900,0.00000,-0.01000,9.04300,-5.69100,22.26000
1521732150.24100,0.01100,0.00000,-0.00100,9.07000,-5.76700,22.27800
1521732150.24100,0.02100,0.00100,-0.00600,9.08000,-5.77400,22.29000
1521732150.29500,0.01500,-0.00100,-0.00100,9.07600,-5.68400,22.30600
1521732150.29500,0.00900,-0.00300,0.00000,9.06900,-5.56100,22.33500
1521732150.34600,-0.00100,0.00000,0.00200,9.05400,-5.33100,22.40700
1521732150.34600,-0.01200,0.00000,0.00000,9.05000,-5.12700,22.45200
1521732150.39900,-0.01700,0.00200,-0.00100,9.06500,-5.05400,22.47000
1521732150.40000,0.00400,-0.00100,-0.00400,9.10400,-5.02500,22.47500
1521732150.45200,0.01000,-0.00400,0.00000,9.14000,-5.01100,22.48100
1521732150.45200,-0.00200,-0.00700,0.00900,9.16300,-4.94200,22.45000
1521732150.47400,-0.03000,0.01200,-0.01300,9.17000,-4.89100,22.42800
1521732150.53200,-0.02200,0.01000,-0.00600,9.23400,-4.96400,22.35900
1521732150.53200,0.00500,-0.00600,-0.01500,9.36700,-5.21500,22.28500
1521732150.55300,0.02300,-0.01400,0.00300,9.44600,-5.34500,22.24400
1521732150.57900,0.01100,-0.00500,-0.00400,9.50700,-5.37800,22.20600
1521732150.60500,0.00100,-0.00100,-0.00600,9.53200,-5.36500,22.18300
1521732150.66200,0.00700,-0.00500,-0.01800,9.58200,-5.32500,22.18200
1521732150.66200,-0.00300,-0.00100,-0.00400,9.59200,-5.26300,22.18800
1521732150.71500,-0.02300,0.00300,-0.00700,9.58100,-5.23000,22.18300
1521732150.71500,-0.01200,0.00100,-0.00500,9.60500,-5.30000,22.18100
1521732150.73600,0.02400,-0.00600,-0.00700,9.65300,-5.42100,22.17300
1521732150.76200,0.03200,-0.00400,-0.00400,9.69900,-5.53500,22.19100
1521732150.84700,0.02000,-0.00300,-0.01200,9.68800,-5.43100,22.20200
1521732150.84800,-0.01500,0.00000,0.00000,9.64900,-5.28600,22.20600
1521732150.84900,-0.03700,0.00200,0.00400,9.59900,-5.14400,22.17900
1521732150.89900,-0.03900,0.01000,0.00700,9.60000,-5.18500,22.13800
1521732150.89900,-0.01100,0.00200,-0.01000,9.69300,-5.45500,22.07700
1521732150.92000,0.02700,-0.00700,-0.01500,9.82100,-5.77600,22.02400
1521732150.97600,0.03300,-0.00900,-0.01500,9.87600,-5.89900,22.00700
1521732150.97700,0.01800,-0.00800,-0.00400,9.89600,-5.93700,21.99700
1521732151.02800,0.00500,-0.00600,0.00100,9.87500,-5.91100,21.99500
1521732151.02900,0.00500,-0.01000,-0.00100,9.84500,-5.85800,22.00900
1521732151.05100,0.00400,0.00600,-0.00700,9.81800,-5.79400,22.05100
1521732151.10800,0.00000,-0.00100,-0.00400,9.79000,-5.69900,22.07100
1521732151.10800,-0.01200,-0.00100,0.00100,9.77000,-5.58400,22.09200
1521732151.13100,-0.01400,-0.00400,0.00200,9.77000,-5.53700,22.10200
1521732151.15700,-0.00200,0.00300,-0.00700,9.77000,-5.53900,22.12800
1521732151.18300,0.00900,0.00000,-0.01700,9.78400,-5.57700,22.12800
1521732151.27000,0.01300,-0.00300,-0.00800,9.79400,-5.62500,22.11800
1521732151.27100,0.01400,-0.00700,-0.00700,9.77500,-5.61200,22.12000
1521732151.27200,0.00700,-0.00700,0.00100,9.76000,-5.55500,22.13900
1521732151.27200,-0.00300,-0.00300,-0.01500,9.70800,-5.43000,22.18700
1521732151.31400,-0.00200,0.00000,-0.00700,9.67400,-5.36400,22.21300
1521732151.37000,-0.00100,-0.00500,-0.00900,9.63100,-5.29900,22.21900
1521732151.37000,-0.00100,0.00100,0.00200,9.58800,-5.26500,22.23200
1521732151.39600,0.00000,-0.00300,-0.00800,9.57600,-5.23600,22.23300
1521732151.39700,0.00200,-0.00300,0.00100,9.55400,-5.18100,22.24000
1521732151.44800,-0.00200,-0.00200,-0.00300,9.53300,-5.12600,22.25600
1521732151.44900,-0.00700,0.00100,-0.00500,9.48600,-5.01500,22.29900
1521732151.50200,-0.00700,0.00000,-0.00900,9.45900,-4.94800,22.33600
1521732151.50200,-0.00600,0.00100,-0.00300,9.42700,-4.87500,22.38800
1521732151.55000,-0.00300,0.00000,-0.01000,9.41200,-4.86900,22.42100
1521732151.57900,0.00200,-0.00900,-0.00300,9.39200,-4.87100,22.43600
1521732151.58000,0.00700,0.00800,-0.01200,9.35500,-4.86400,22.46700
1521732151.63400,0.00000,0.00500,0.00100,9.31200,-4.81800,22.49200
1521732151.63400,-0.01200,0.00400,-0.01100,9.28400,-4.74900,22.50400
1521732151.68600,-0.00500,0.00100,-0.01100,9.28200,-4.74800,22.51300
1521732151.68600,0.00100,0.00300,-0.01400,9.29500,-4.80300,22.50600
1521732151.70800,0.00600,-0.00200,-0.00900,9.32900,-4.94900,22.47400
1521732151.76300,0.00800,-0.00400,-0.00300,9.34300,-5.04400,22.44500
1521732151.76400,0.00900,-0.00700,0.00000,9.37800,-5.15600,22.40900
1521732151.81400,0.00700,-0.00300,-0.00600,9.38900,-5.19700,22.39700
1521732151.87300,0.00300,0.00200,-0.01100,9.39000,-5.17500,22.40000
1521732151.87300,0.00100,0.00300,-0.01300,9.39100,-5.14500,22.39300
1521732151.87300,0.00500,-0.00100,-0.00500,9.40200,-5.16400,22.38400
1521732151.94700,0.01000,-0.00600,-0.01600,9.43400,-5.25500,22.35100
1521732151.94700,0.01200,-0.00800,-0.00700,9.44900,-5.31300,22.33200
1521732151.97000,0.01500,-0.01000,-0.00900,9.44200,-5.29800,22.32700
1521732151.99700,0.00900,-0.00800,0.00200,9.41200,-5.22400,22.34300
1521732152.02300,0.00000,-0.00100,-0.00600,9.37200,-5.04800,22.39700
1521732152.07900,-0.00500,0.00200,-0.00100,9.35600,-4.94800,22.43100
1521732152.07900,0.00200,0.00300,-0.01200,9.33900,-4.87300,22.46700
1521732152.13000,0.00800,-0.00700,-0.00200,9.34200,-4.86200,22.46900
1521732152.13100,0.00200,0.00100,-0.01300,9.32500,-4.80700,22.47600
1521732152.18500,-0.00900,-0.00300,0.00100,9.31100,-4.77400,22.46200
1521732152.18500,0.00100,-0.00400,-0.01000,9.30500,-4.80200,22.46100
1521732152.23600,0.00900,-0.00700,0.00400,9.31400,-4.81600,22.45700
1521732152.23700,-0.00700,0.00300,-0.00500,9.29500,-4.78300,22.46100
1521732152.25900,-0.01400,0.00300,-0.00500,9.26600,-4.70400,22.47300
1521732152.28700,-0.01100,0.00200,-0.00600,9.24900,-4.68000,22.47800
1521732152.34300,-0.01000,0.00500,0.00100,9.25500,-4.71100,22.47500
1521732152.34300,-0.00400,-0.00200,-0.00600,9.26800,-4.83600,22.45200
1521732152.42300,-0.00100,-0.00400,-0.00500,9.28800,-4.94600,22.42800
1521732152.42400,0.01000,-0.00600,-0.01300,9.30900,-5.11200,22.40200
1521732152.42400,0.01300,-0.00400,-0.01400,9.30900,-5.18700,22.39100
1521732152.44400,0.00800,-0.00100,-0.01400,9.28400,-5.22900,22.38500
1521732152.52700,-0.00100,0.00000,-0.00700,9.25900,-5.21900,22.38400
1521732152.52800,-0.00100,-0.00300,-0.00400,9.25500,-5.21900,22.38400
1521732152.52900,-0.00100,-0.00200,-0.00100,9.25500,-5.21900,22.38400
1521732152.54800,0.00000,-0.00300,-0.01000,9.25700,-5.21900,22.39400
1521732152.60400,-0.00200,0.00000,-0.01000,9.25000,-5.20600,22.41400
1521732152.60500,0.00200,0.00100,-0.01200,9.25100,-5.20100,22.45700
1521732152.65700,0.01700,-0.00500,-0.01000,9.24700,-5.19800,22.49700
1521732152.65700,0.02000,-0.00800,-0.00700,9.22500,-5.17300,22.52000
1521732152.67900,0.01400,0.01000,-0.01100,9.18300,-5.10600,22.54700
1521732152.70500,0.00300,0.00200,0.00000,9.15700,-4.99900,22.56900
1521732152.79000,0.00800,-0.00900,-0.01000,9.16800,-4.90000,22.58500
1521732152.79000,0.00700,-0.01000,-0.00900,9.17700,-4.80800,22.59400
1521732152.79100,0.00400,0.00500,-0.01500,9.17100,-4.63300,22.62000
1521732152.84000,-0.00500,0.00600,-0.00100,9.16500,-4.52600,22.63400
1521732152.84000,-0.01000,0.00700,-0.00800,9.18800,-4.45200,22.59800
1521732152.89300,0.00700,-0.00800,-0.00600,9.23300,-4.46800,22.56700
1521732152.89300,0.01500,-0.00600,-0.01500,9.28900,-4.49400,22.51800
1521732152.91600,0.00700,-0.00300,-0.00300,9.30800,-4.45700,22.48200
1521732152.94100,0.00600,-0.00500,-0.00900,9.30500,-4.39600,22.46900
1521732152.96700,-0.00100,-0.00200,0.00300,9.30200,-4.28100,22.48200
1521732152.99400,-0.01100,0.00200,-0.00700,9.28800,-4.18800,22.49000
1521732153.07900,-0.01800,0.00600,-0.00200,9.27600,-4.06700,22.51800
1521732153.07900,-0.01000,0.00000,-0.00700,9.30400,-4.05300,22.53300
1521732153.08000,0.00200,-0.00100,-0.00200,9.32200,-4.10800,22.52600
1521732153.09900,0.00500,-0.00300,-0.01100,9.35700,-4.18700,22.51500
1521732153.21200,0.00500,-0.00300,-0.00500,9.36300,-4.21100,22.51000
1521732153.21300,0.00500,-0.00400,-0.00600,9.38100,-4.21400,22.50900
1521732153.21400,0.00300,-0.00300,-0.00700,9.38300,-4.21800,22.50400
1521732153.21500,0.00400,-0.00700,-0.01300,9.37800,-4.22600,22.50600
1521732153.26000,0.00700,0.00200,-0.00500,9.35400,-4.24200,22.49700
1521732153.26000,0.00700,-0.00200,-0.00800,9.33400,-4.25000,22.49600
1521732153.31300,0.01000,-0.00400,-0.00700,9.31900,-4.23400,22.49300
1521732153.31300,0.00500,-0.00600,-0.00100,9.29900,-4.18600,22.49300
1521732153.39300,-0.00200,0.00200,0.00100,9.24500,-4.07400,22.50900
1521732153.39400,-0.01400,0.00600,-0.00700,9.21800,-4.00400,22.52000
1521732153.39500,-0.00300,0.00400,-0.00700,9.21300,-4.04500,22.49800
1521732153.41400,0.01200,-0.00300,-0.00300,9.23900,-4.15900,22.46000
1521732153.47300,0.02000,-0.00800,-0.01200,9.26600,-4.23100,22.42700
1521732153.47400,0.02000,-0.01200,-0.00600,9.27200,-4.28100,22.39600
1521732153.47400,0.00600,-0.00600,-0.01600,9.22400,-4.16500,22.40800
1521732153.58100,-0.00200,0.00100,-0.00100,9.17300,-4.03700,22.44700
1521732153.58200,-0.01100,0.00400,-0.00900,9.10900,-3.87700,22.49100
1521732153.58200,-0.01400,0.00700,-0.00300,9.07800,-3.82400,22.50400
1521732153.58300,-0.00800,0.00300,-0.00700,9.05200,-3.85200,22.49300
1521732153.62400,-0.00200,0.00000,0.00000,9.06000,-3.90400,22.47800
1521732153.65500,0.01200,-0.00400,-0.01200,9.09500,-3.99100,22.45100
1521732153.65500,0.01000,-0.00300,-0.00500,9.09400,-4.00300,22.43900
1521732153.70900,-0.00100,-0.00100,-0.01100,9.08500,-3.98800,22.44300
1521732153.70900,-0.02700,0.00900,-0.00300,9.08500,-3.98800,22.44300
1521732153.75800,-0.00500,0.00100,-0.00900,9.12200,-4.07600,22.43200
1521732153.75900,0.01400,0.00500,-0.00300,9.23300,-4.31600,22.39600
1521732153.81000,0.03500,-0.01100,-0.01300,9.36200,-4.53400,22.36300
1521732153.81100,0.04000,-0.01700,-0.01700,9.40900,-4.56200,22.35800
1521732153.83600,0.03400,-0.01700,-0.01800,9.38900,-4.38200,22.37000
1521732153.88900,0.00100,-0.00300,0.00000,9.31700,-4.16300,22.39800
1521732153.89000,-0.05100,0.01900,0.00200,9.22700,-3.89800,22.42400
1521732153.91200,-0.05000,0.01200,-0.00600,9.23600,-3.92000,22.40300
1521732153.93900,-0.00400,-0.00400,-0.01200,9.35600,-4.26300,22.36600
1521732153.96500,0.06400,-0.00500,-0.01800,9.51800,-4.60400,22.38800
1521732154.04900,0.05900,-0.00800,-0.02900,9.59200,-4.66000,22.41100
1521732154.04900,0.04000,-0.01000,0.00400,9.61100,-4.44900,22.47500
1521732154.07500,-0.01900,-0.00200,0.00800,9.55700,-4.21900,22.47000
1521732154.07500,-0.04100,0.01000,0.00200,9.47000,-3.99600,22.41800
1521732154.09600,-0.03900,0.01500,-0.01800,9.51400,-4.13900,22.29800
1521732154.15200,0.00600,0.00400,-0.01900,9.60600,-4.40600,22.19600
1521732154.17800,0.04300,-0.01900,-0.00500,9.74500,-4.76200,22.05500
1521732154.17900,0.03100,-0.01500,-0.00100,9.78400,-4.83500,21.99400
1521732154.20300,0.00800,-0.00900,0.00300,9.75600,-4.72400,21.95500
1521732154.25900,-0.01600,0.00000,-0.01200,9.71700,-4.58800,21.96700
1521732154.25900,-0.02500,0.00400,-0.01300,9.67600,-4.38800,22.00700
1521732154.31000,-0.02000,0.00300,-0.01600,9.66900,-4.30700,22.04200
1521732154.31100,-0.00500,-0.00200,-0.00900,9.67100,-4.31800,22.06700
1521732154.33300,0.00400,-0.00200,-0.00500,9.69600,-4.39700,22.07400
1521732154.35900,0.00800,-0.00700,-0.00100,9.71600,-4.44000,22.06900
1521732154.41500,0.00500,-0.00500,-0.01800,9.73000,-4.47300,22.08400
1521732154.41600,0.00700,-0.00100,-0.01000,9.73200,-4.50100,22.10200
1521732154.46700,0.00400,0.00300,-0.01600,9.73100,-4.51700,22.09400
1521732154.46700,0.00200,0.00300,-0.00600,9.72500,-4.52500,22.09600
1521732154.49000,0.01300,-0.00500,-0.00600,9.73200,-4.55100,22.08900
1521732154.54800,0.01300,-0.00200,-0.00300,9.74500,-4.59600,22.07200
1521732154.54800,0.01200,-0.00200,-0.01100,9.74100,-4.62000,22.05700
1521732154.59900,0.00700,-0.00300,-0.00600,9.73600,-4.61800,22.05000
1521732154.59900,0.00800,-0.00300,-0.00900,9.71900,-4.60100,22.03800
1521732154.62200,0.00100,-0.00300,0.00000,9.70000,-4.57000,22.02100
1521732154.64800,-0.00500,0.00100,-0.00900,9.67200,-4.51600,22.00000
1521732154.70400,-0.00200,0.00100,-0.00500,9.66800,-4.50200,21.98600
1521732154.70500,0.00800,-0.00200,-0.01000,9.66500,-4.51300,21.98300
1521732154.72700,0.01000,-0.00500,-0.00500,9.65700,-4.47300,21.98600
1521732154.75300,0.00000,-0.00800,-0.00600,9.65000,-4.39000,21.99400
1521732154.78100,-0.01500,0.00000,-0.00200,9.61300,-4.22100,22.02200
1521732154.80600,-0.01800,0.00000,-0.00500,9.59100,-4.14600,22.05700
1521732154.83200,-0.01200,-0.00300,-0.00200,9.57500,-4.11900,22.10200
1521732154.88800,-0.00100,0.00300,-0.01800,9.55100,-4.15100,22.13300
1521732154.88800,0.00100,0.00300,-0.00400,9.53500,-4.16900,22.14100
1521732154.94000,-0.00300,-0.00100,-0.00500,9.53500,-4.16900,22.14100
1521732154.96600,-0.00400,-0.00900,-0.00800,9.53200,-4.16900,22.15000
1521732154.96700,0.00100,-0.00300,-0.01100,9.52900,-4.20300,22.17100
1521732155.01800,0.00500,0.00100,-0.02100,9.51100,-4.25200,22.18500
1521732155.01900,0.00700,0.00300,-0.01400,9.48900,-4.30300,22.19700
1521732155.04400,0.00900,-0.00400,-0.01000,9.48300,-4.32400,22.21300
1521732155.07000,0.01000,-0.00100,-0.00800,9.47600,-4.32400,22.22200
1521732155.15200,0.00700,-0.00200,-0.01500,9.47600,-4.32400,22.22200
1521732155.15300,0.00600,-0.00200,-0.00800,9.46600,-4.32600,22.21900
1521732155.15400,0.00900,-0.00400,-0.01800,9.46500,-4.34700,22.21600
1521732155.17500,0.01400,-0.00100,-0.00500,9.45000,-4.34700,22.20600
1521732155.22900,0.01400,-0.00300,-0.01100,9.43800,-4.33500,22.19900
1521732155.22900,0.00900,-0.00200,-0.00500,9.42300,-4.25900,22.20000
1521732155.31000,0.00800,-0.00200,-0.01500,9.41200,-4.17600,22.20800
1521732155.31100,-0.00400,0.00000,-0.00700,9.38500,-4.03100,22.23000
1521732155.31100,-0.02400,0.00900,-0.01000,9.34600,-3.93600,22.22100
1521732155.36000,-0.02200,0.00700,-0.00700,9.34600,-3.95200,22.21300
1521732155.36000,0.00200,-0.00200,-0.00600,9.39900,-4.10800,22.18300
1521732155.38300,0.02200,-0.01200,-0.00200,9.46400,-4.24400,22.16200
1521732155.41000,0.02700,-0.00400,-0.01300,9.51800,-4.33300,22.17000
1521732155.43500,0.03800,-0.00700,-0.00900,9.53000,-4.28100,22.17600
1521732155.46100,0.03200,-0.01500,-0.01000,9.48400,-4.07300,22.15900
1521732155.48800,-0.02300,0.00500,0.01100,9.34300,-3.60100,22.21200
1521732155.54600,-0.05700,0.01300,0.01100,9.26200,-3.35800,22.21600
1521732155.54600,-0.07500,0.01400,-0.00200,9.25300,-3.41100,22.15400
1521732155.56700,0.00200,0.00400,-0.00700,9.33800,-3.71300,22.10900
1521732155.59200,0.03900,-0.00100,-0.01000,9.51600,-4.18800,22.09300
1521732155.61900,0.04700,-0.01000,-0.00100,9.61800,-4.28300,22.09800
1521732155.67600,0.01200,-0.00800,-0.00200,9.62800,-4.15300,22.11800
1521732155.70400,-0.01600,-0.00800,-0.00300,9.59800,-3.91800,22.15600
1521732155.70400,-0.01500,-0.00200,-0.01600,9.58800,-3.85600,22.17100
1521732155.70500,-0.00400,0.00100,-0.01000,9.59900,-3.91100,22.17300
1521732155.75300,0.00100,-0.00100,-0.01800,9.60300,-3.99100,22.14800
1521732155.75400,0.00300,-0.00100,-0.01200,9.59500,-4.11500,22.10800
1521732155.77800,0.01600,-0.01100,-0.01300,9.58100,-4.19400,22.11000
1521732155.83300,0.01400,-0.00600,-0.00300,9.56500,-4.17500,22.13800
1521732155.83400,-0.00400,-0.00300,-0.01300,9.50800,-4.03000,22.21300
1521732155.85500,-0.01500,0.00400,-0.01000,9.47500,-3.92400,22.27000
1521732155.91200,-0.00700,0.00200,-0.01400,9.43400,-3.83000,22.34200
1521732155.91200,0.00400,-0.00200,0.00000,9.42600,-3.82600,22.37200
1521732155.96400,0.00900,0.00100,-0.01400,9.42600,-3.82600,22.37200
1521732155.96400,0.00100,0.00600,-0.00900,9.42700,-3.85500,22.36300
1521732155.98700,0.00800,-0.00400,-0.01600,9.43900,-3.89100,22.34600
1521732156.01300,0.01000,-0.00900,-0.00200,9.43700,-3.92400,22.33100
1521732156.04100,0.00100,-0.00100,-0.00700,9.43000,-3.91400,22.33100
1521732156.09600,-0.00200,0.00200,-0.00300,9.40700,-3.86700,22.34000
1521732156.09600,0.00100,0.00500,-0.01200,9.40100,-3.81900,22.35000
1521732156.11800,0.00300,-0.00200,-0.00400,9.41200,-3.81200,22.34800
1521732156.14600,0.00500,-0.00100,-0.01000,9.42800,-3.77700,22.34800
1521732156.17200,-0.00400,0.00000,-0.00100,9.43900,-3.75900,22.35800
1521732156.22600,-0.00400,-0.00400,-0.00600,9.44600,-3.78000,22.32700
1521732156.22600,-0.00100,-0.00100,-0.00600,9.48000,-3.85800,22.29000
1521732156.27800,0.00200,0.00100,-0.00600,9.48600,-3.89200,22.26600
1521732156.27900,-0.00200,0.00500,-0.00400,9.53300,-3.92200,22.24000
1521732156.30100,0.00100,-0.00400,-0.00100,9.56500,-3.94000,22.21500
1521732156.35700,0.00000,-0.00700,-0.00100,9.62200,-3.96300,22.18700
1521732156.35800,-0.00300,0.00100,-0.01000,9.65800,-3.99100,22.15300
1521732156.38100,-0.00800,0.00200,-0.01000,9.66400,-4.02000,22.12500
1521732156.40700,-0.00200,-0.00200,-0.00600,9.69500,-4.10900,22.06600
1521732156.49200,0.00300,-0.01200,-0.01300,9.72100,-4.20600,22.00900
1521732156.49200,0.00500,-0.00700,-0.00400,9.73200,-4.34900,21.93100
1521732156.49300,-0.00100,-0.01500,-0.00800,9.72900,-4.41900,21.88000
1521732156.54200,-0.00600,0.00100,-0.00600,9.69900,-4.45700,21.84000
1521732156.54200,-0.00800,0.00100,-0.01100,9.66600,-4.46500,21.82000
1521732156.56400,-0.01300,-0.00300,-0.00500,9.65900,-4.46300,21.80300
1521732156.59100,-0.00300,-0.01000,-0.00800,9.65900,-4.50900,21.78600
1521732156.67500,0.00500,-0.00500,0.00100,9.65700,-4.55100,21.78000
1521732156.67600,0.00600,-0.00200,-0.00600,9.65200,-4.59800,21.78800
1521732156.67600,0.00900,0.00300,-0.00900,9.64700,-4.59700,21.80700
1521732156.72500,0.00600,0.00000,-0.01200,9.63900,-4.55900,21.83500
1521732156.72600,0.00000,-0.00100,-0.00600,9.63200,-4.45300,21.88400
1521732156.74700,0.00300,-0.00200,-0.01500,9.62600,-4.37200,21.91800
1521732156.80600,0.00600,-0.00400,-0.00500,9.62600,-4.24600,21.96100
1521732156.80600,0.00400,0.00100,-0.00700,9.62200,-4.18200,21.97800
1521732156.85600,0.00300,0.00100,-0.00700,9.58800,-4.10300,21.99000
1521732156.85600,-0.00600,0.00000,-0.01300,9.55800,-4.02400,22.00200
1521732156.87900,-0.00600,-0.00300,-0.00800,9.55000,-3.98800,22.00900
1521732156.96500,0.00200,-0.00300,-0.00900,9.53400,-3.94500,22.04200
1521732156.96500,0.00800,-0.00400,-0.00300,9.52100,-3.90800,22.06800
1521732156.96500,0.00700,-0.00400,-0.00900,9.51200,-3.82000,22.10900
1521732156.98500,0.00400,0.00000,-0.00400,9.46400,-3.70000,22.14200
1521732157.04000,0.00200,0.00300,-0.01400,9.42900,-3.64200,22.15000
1521732157.04100,0.00200,0.00000,-0.00200,9.38400,-3.63600,22.14300
1521732157.09500,0.00100,-0.00500,-0.00600,9.36300,-3.65100,22.11800
1521732157.09500,-0.00300,0.00100,-0.00400,9.31100,-3.64200,22.09500
1521732157.11500,-0.00700,-0.00400,-0.00200,9.26800,-3.65300,22.07100
1521732157.14200,-0.00200,0.00000,0.00000,9.25000,-3.66500,22.05800
1521732157.19800,-0.00100,-0.00300,0.00000,9.23300,-3.64100,22.06200
1521732157.19800,-0.01300,0.00100,-0.01900,9.21300,-3.59800,22.06600
1521732157.22100,-0.01100,0.00400,-0.00900,9.19700,-3.55200,22.07300
1521732157.24700,0.00000,0.00300,-0.01300,9.19400,-3.56900,22.07500
1521732157.27300,0.00800,-0.00400,-0.00600,9.19700,-3.65800,22.06000
1521732157.32900,0.00800,-0.00300,-0.01400,9.19600,-3.74900,22.01600
1521732157.32900,0.00600,-0.00400,-0.00900,9.19600,-3.80300,21.98900
1521732157.38100,0.01900,-0.01000,-0.01900,9.19600,-3.86600,21.96500
1521732157.38200,0.01400,-0.00400,-0.00400,9.17700,-3.84800,21.96200
1521732157.43600,0.00600,0.00000,-0.01200,9.11900,-3.73300,21.97000
1521732157.43600,-0.00600,-0.00200,-0.00300,9.08300,-3.59000,21.98900
1521732157.48600,-0.00700,-0.00400,-0.01000,9.06600,-3.50700,22.01500
1521732157.48700,-0.01100,0.00100,-0.00100,9.05200,-3.42800,22.03700
1521732157.51100,-0.00900,0.00800,-0.01300,9.04900,-3.44000,22.03400
1521732157.53700,-0.00300,0.00100,-0.00700,9.07800,-3.52600,22.00600
1521732157.56400,0.00300,-0.00400,-0.00600,9.11500,-3.58900,21.99300
1521732157.61800,0.00500,-0.00500,-0.00300,9.14300,-3.58700,21.99700
1521732157.61800,0.00300,-0.01000,-0.01100,9.17000,-3.54300,22.01600
1521732157.64000,-0.00400,0.00400,-0.00700,9.16200,-3.48300,22.04700
1521732157.69500,-0.01000,0.00200,-0.01600,9.15000,-3.46900,22.06000
1521732157.69600,-0.00500,-0.00300,-0.00500,9.17500,-3.53800,22.05800
1521732157.71900,-0.00300,-0.00500,-0.00700,9.19300,-3.58100,22.06300
1521732157.77500,-0.00400,-0.00400,-0.00700,9.22000,-3.65600,22.08200
1521732157.77600,0.01400,-0.00500,-0.02200,9.23900,-3.73000,22.10300
1521732157.82700,0.02400,-0.00800,-0.01800,9.24400,-3.79800,22.13800
1521732157.82800,0.02000,-0.00800,-0.01200,9.21200,-3.78000,22.16200
1521732157.85000,0.00400,0.00100,-0.00800,9.13900,-3.64400,22.23600
1521732157.93600,-0.00100,0.00300,-0.00800,9.07900,-3.52100,22.31600
1521732157.93600,-0.00300,0.00100,-0.00300,9.06000,-3.48200,22.36300
1521732157.93700,0.00800,-0.00300,-0.01100,9.06600,-3.45000,22.43200
1521732157.95700,0.02000,-0.00300,-0.02300,9.07200,-3.41500,22.46800
1521732157.98200,0.01500,-0.00300,-0.01100,9.03700,-3.33300,22.50000
1521732158.06900,0.00700,0.00000,-0.00900,9.01300,-3.24300,22.50500
1521732158.07000,0.00400,0.00200,-0.00400,9.00700,-3.19100,22.51000
1521732158.07000,0.00000,0.00200,-0.01000,9.01200,-3.13900,22.49700
1521732158.07200,-0.00300,0.00300,-0.00300,9.02800,-3.12800,22.47200
1521732158.08800,-0.00400,-0.00300,-0.01300,9.06700,-3.11600,22.42300
1521732158.11400,0.01100,-0.00600,-0.00600,9.10700,-3.11900,22.40400
1521732158.17000,0.02100,-0.01400,-0.01200,9.15400,-3.09000,22.40000
1521732158.17000,0.00800,-0.00800,-0.00100,9.14000,-2.92200,22.41800
1521732158.22100,-0.01500,0.00500,-0.01100,9.10400,-2.73900,22.46800
1521732158.22200,-0.02400,0.00300,-0.00200,9.05200,-2.51700,22.50800
1521732158.24500,-0.02400,0.00000,0.00000,9.04400,-2.43500,22.51600
1521732158.30100,-0.01600,-0.00100,0.00200,9.06600,-2.38700,22.55600
1521732158.30200,-0.00100,-0.00700,-0.00900,9.09900,-2.44500,22.55700
1521732158.35200,0.00400,-0.00700,-0.00800,9.12000,-2.48700,22.55300
1521732158.35300,0.00800,-0.00500,-0.01200,9.09800,-2.46800,22.58000
1521732158.37700,0.00100,0.00100,-0.00300,9.07700,-2.41000,22.61700
1521732158.43200,-0.02300,0.01100,0.00600,9.04100,-2.32800,22.64900
1521732158.43200,-0.03700,0.00300,0.00000,9.02700,-2.36800,22.64500
1521732158.48300,-0.02700,0.00100,-0.01100,9.07400,-2.61500,22.62600
1521732158.48400,0.02600,-0.00200,-0.01300,9.19100,-3.00800,22.57700
1521732158.50700,0.04900,-0.00900,-0.01600,9.27400,-3.20300,22.55600
1521732158.53300,0.04000,-0.01200,-0.00300,9.33300,-3.23600,22.54700
1521732158.59000,0.01400,-0.00200,-0.00400,9.31000,-3.11200,22.54800
1521732158.59000,0.00900,0.00200,-0.00600,9.28300,-2.89600,22.60400
1521732158.61100,0.00200,-0.00200,-0.00500,9.25900,-2.70800,22.66900
1521732158.63800,0.00200,-0.00700,-0.00200,9.22700,-2.53700,22.70700
1521732158.66400,-0.03900,0.00600,0.00100,9.17800,-2.28300,22.75300
1521732158.69200,-0.03800,0.00400,-0.00600,9.16800,-2.20900,22.76000
1521732158.74800,-0.01200,0.00400,-0.00400,9.22900,-2.32100,22.78400
1521732158.74800,0.03600,-0.00500,-0.01900,9.33700,-2.46600,22.83300
1521732158.79900,0.02400,-0.00200,0.00100,9.38200,-2.45700,22.87400
1521732158.79900,-0.01800,-0.00600,-0.00100,9.40300,-2.30800,22.88500
1521732158.82200,-0.02900,0.00600,0.00000,9.40100,-2.22600,22.87400
1521732158.87700,-0.01400,0.00200,-0.01600,9.44200,-2.29600,22.83600
1521732158.87800,-0.00100,-0.00400,-0.01600,9.50200,-2.45900,22.79000
1521732158.90100,0.01800,-0.00900,-0.01500,9.57200,-2.70700,22.70500
1521732158.92700,0.01800,-0.00500,-0.00500,9.61300,-2.84000,22.64100
1521732158.95300,0.01500,-0.00400,-0.00800,9.61200,-2.87100,22.60100
1521732159.03800,0.00400,-0.00200,-0.00300,9.60200,-2.85900,22.58400
1521732159.03800,-0.00500,0.00200,-0.00700,9.59300,-2.82400,22.59100
1521732159.03900,-0.00700,0.00100,-0.00100,9.59100,-2.76000,22.59900
1521732159.08800,0.00200,-0.00200,-0.01000,9.60600,-2.76200,22.58800
1521732159.08800,0.00300,-0.00100,-0.00200,9.61800,-2.79700,22.54600
1521732159.13900,-0.00100,-0.00400,-0.00600,9.63300,-2.86300,22.46400
1521732159.14000,-0.00200,-0.00400,-0.00200,9.64400,-2.92500,22.40200
1521732159.19300,0.00500,-0.00600,-0.01000,9.65800,-3.03400,22.31400
1521732159.19400,0.00300,-0.00500,-0.00300,9.65700,-3.04900,22.28000
1521732159.21500,-0.00100,-0.00500,-0.01100,9.63200,-2.99500,22.24900
1521732159.27100,-0.00700,-0.00100,-0.00600,9.60400,-2.93300,22.24400
1521732159.27200,-0.00300,-0.00100,-0.00600,9.58300,-2.90600,22.24100
1521732159.32300,-0.00200,-0.00700,-0.00900,9.58300,-2.89700,22.23200
1521732159.32400,-0.00200,0.00600,-0.00600,9.56300,-2.90600,22.23000
1521732159.34700,-0.00600,-0.00100,-0.00300,9.54200,-2.92700,22.21700
1521732159.37300,-0.00100,-0.00700,0.00000,9.54000,-2.92200,22.22200
1521732159.45900,-0.00300,-0.01000,0.00000,9.52800,-2.90300,22.23100
1521732159.45900,-0.00700,0.00100,-0.00700,9.49900,-2.85600,22.26500
1521732159.46000,-0.00500,-0.00100,-0.01300,9.49000,-2.82200,22.29800
1521732159.47900,0.00200,0.00200,-0.00800,9.48500,-2.81600,22.35900
1521732159.50600,0.00800,-0.00300,-0.01100,9.47300,-2.79900,22.39400
1521732159.58900,0.00700,0.00100,-0.01000,9.45400,-2.74700,22.45200
1521732159.59000,0.00800,0.00000,-0.01500,9.43000,-2.70200,22.48700
1521732159.59100,0.00600,0.00000,-0.00800,9.42100,-2.68200,22.48700
1521732159.63800,0.00800,-0.00400,-0.01600,9.41100,-2.68500,22.48400
1521732159.63900,0.01200,-0.00200,-0.00800,9.40600,-2.67900,22.47900
1521732159.66300,0.00700,-0.00400,-0.02200,9.39400,-2.68000,22.45900
1521732159.71700,0.00600,0.00200,-0.00600,9.36200,-2.65800,22.43200
1521732159.71800,0.00700,-0.00200,-0.01100,9.35600,-2.63500,22.41800
1521732159.74200,0.00300,-0.00200,-0.00500,9.33000,-2.59400,22.40000
1521732159.76700,-0.00400,-0.00200,-0.01100,9.31800,-2.57300,22.38400
1521732159.82200,-0.00100,-0.00100,-0.00700,9.30100,-2.56400,22.35400
1521732159.82300,0.00100,0.00400,-0.01100,9.29600,-2.58100,22.31900
1521732159.87400,0.00200,-0.00500,-0.00100,9.30100,-2.59800,22.29300
1521732159.87500,0.01000,-0.00100,-0.00900,9.29800,-2.60800,22.26400
1521732159.89800,-0.00900,0.00400,-0.00200,9.29400,-2.60600,22.23800
1521732159.95400,0.00900,-0.00800,-0.01000,9.31400,-2.61600,22.21100
1521732159.95500,0.00400,-0.00200,-0.00400,9.30400,-2.59300,22.20600
1521732160.00800,0.00000,-0.00200,-0.01100,9.29100,-2.56900,22.20100
1521732160.00800,-0.00700,0.00000,-0.00300,9.27700,-2.53800,22.18400
1521732160.02900,-0.00100,-0.00200,0.00000,9.27700,-2.53800,22.18400
1521732160.05500,-0.00200,-0.00500,-0.00400,9.27700,-2.54300,22.18900
1521732160.11100,0.00000,-0.00200,-0.00700,9.27700,-2.54300,22.18900
1521732160.11200,-0.00100,-0.00200,-0.00400,9.27700,-2.54300,22.18900
1521732160.16300,0.00800,-0.00400,-0.00800,9.27900,-2.54000,22.20100
1521732160.16400,0.00900,-0.00300,-0.01000,9.27900,-2.53700,22.22200
1521732160.18700,0.00200,0.00000,-0.01100,9.25600,-2.48200,22.24700
1521732160.21300,-0.01200,0.00400,-0.01000,9.22300,-2.41300,22.25800
1521732160.27000,-0.00700,-0.00100,-0.01100,9.23300,-2.42200,22.24900
1521732160.27000,0.00800,-0.00600,-0.01700,9.25700,-2.50800,22.24000
1521732160.29200,0.01800,-0.00200,-0.01100,9.27800,-2.56800,22.22800
1521732160.34700,0.01700,-0.00800,-0.01800,9.26900,-2.60600,22.19900
1521732160.34800,0.00900,-0.00500,-0.00800,9.24500,-2.57500,22.20000
1521732160.40000,-0.00200,-0.00300,-0.00200,9.19400,-2.46700,22.21100
1521732160.40100,-0.00400,-0.00700,0.00100,9.16200,-2.37600,22.22400
1521732160.42600,0.00000,0.00600,-0.01700,9.14100,-2.33800,22.23300
1521732160.42700,0.00300,0.00100,-0.00400,9.12000,-2.31100,22.22900
1521732160.47800,0.00400,-0.00100,-0.00300,9.10300,-2.29000,22.21200
1521732160.47900,0.00300,-0.00100,0.00600,9.09400,-2.28100,22.17400
1521732160.53100,0.00300,-0.00500,-0.01100,9.11300,-2.33200,22.11600
1521732160.53200,0.00800,-0.00500,-0.01200,9.12200,-2.36600,22.08300
1521732160.55600,0.00600,-0.00200,-0.00400,9.10900,-2.32800,22.06400
1521732160.61100,-0.00500,0.00000,0.00000,9.09500,-2.25200,22.06400
1521732160.61100,-0.01200,0.00200,-0.00200,9.09700,-2.13000,22.07600
1521732160.63300,-0.00900,0.00200,0.00200,9.11900,-2.08000,22.09000
1521732160.68800,0.00100,0.00200,-0.00800,9.16000,-2.08100,22.09200
1521732160.68900,0.00700,-0.00500,-0.01200,9.20600,-2.11600,22.09000
1521732160.71300,0.01100,-0.01000,-0.01500,9.23000,-2.13700,22.08000
1521732160.73700,0.00500,-0.00200,-0.00500,9.24600,-2.12400,22.07600
1521732160.76400,-0.00100,-0.00100,-0.00300,9.21800,-2.07100,22.08000
1521732160.82000,-0.00500,0.00200,-0.00200,9.19300,-2.01100,22.09100
1521732160.82100,0.00400,-0.00400,-0.00900,9.17800,-1.99900,22.09200
1521732160.84500,0.00400,-0.00300,-0.01000,9.17800,-1.99900,22.09200
1521732160.87100,0.00000,-0.00100,-0.00600,9.15700,-1.97300,22.08900
1521732160.89700,0.00100,-0.00700,-0.01100,9.15000,-1.96300,22.08900
1521732160.98000,0.00700,-0.00500,-0.00700,9.15900,-1.97500,22.10500
1521732160.98100,0.00500,0.00300,-0.01200,9.14700,-1.96000,22.11900
1521732160.98100,0.00400,0.00700,-0.00400,9.13100,-1.91900,22.13000
1521732161.00000,0.00000,-0.00200,-0.01000,9.15400,-1.89900,22.13500
1521732161.02700,0.00200,-0.00300,-0.00600,9.18000,-1.88300,22.13400
1521732161.08500,0.00600,-0.00900,-0.01200,9.20600,-1.86700,22.13400
1521732161.08500,0.00600,-0.00100,-0.00500,9.21200,-1.83900,22.13500
1521732161.10500,0.00600,-0.00300,-0.01300,9.22300,-2.22600,22.14800
1521732161.16100,0.00000,-0.00100,-0.00700,9.23600,-2.19200,22.18200
1521732161.16200,-0.00200,0.00100,-0.01300,9.23700,-2.11700,22.19300
1521732161.21400,-0.01000,0.00000,0.00000,9.26200,-2.45500,22.20100
1521732161.21500,-0.01000,-0.00600,-0.01200,9.28500,-2.46000,22.20700
1521732161.26700,0.00000,-0.00700,-0.00600,9.31200,-2.59800,22.20200
1521732161.26800,0.00200,-0.01100,-0.01300,9.30900,-2.60400,22.24200
1521732161.28900,0.00100,-0.00400,-0.00100,9.28300,-2.85000,22.29900
1521732161.31500,-0.00300,0.00300,-0.01000,9.23800,-2.74100,22.39400
1521732161.40100,-0.00600,0.00500,-0.00300,9.20900,-2.76500,22.46000
1521732161.40100,-0.01600,0.00500,-0.01400,9.18900,-2.66700,22.52900
1521732161.40200,-0.01100,0.00200,-0.01000,9.20200,-2.84600,22.54600
1521732161.42100,0.00700,-0.00400,-0.01100,9.22600,-3.00700,22.52600
1521732161.44600,0.01100,0.00000,-0.00500,9.25200,-3.39000,22.48800
1521732161.53100,0.01300,0.00000,-0.01100,9.26300,-3.48500,22.46800
1521732161.53200,0.01900,-0.00600,-0.01200,9.26500,-3.94700,22.47000
1521732161.53300,0.01700,-0.00800,-0.00300,9.24100,-3.90900,22.48800
1521732161.58100,0.01100,-0.01000,0.00200,9.19900,-4.09300,22.55100
1521732161.58100,-0.00300,-0.00200,-0.00100,9.13200,-3.86600,22.64300
1521732161.60400,-0.01600,0.00800,-0.00600,9.07200,-3.97600,22.69400
1521732161.63000,-0.01500,0.00900,-0.00600,9.04200,-3.91300,22.74500
1521732161.65600,-0.00200,0.00100,-0.00900,9.05500,-4.10000,22.74500
1521732161.68300,0.00700,-0.00300,-0.00500,9.10600,-4.17000,22.73500
1521732161.70900,0.01500,-0.00700,-0.01500,9.11900,-4.28800,22.72900
1521732161.73600,0.00800,-0.00400,-0.00700,9.11300,-4.30200,22.71500
1521732161.79100,-0.01800,0.00100,-0.00800,9.07600,-4.35600,22.67700
1521732161.79200,-0.02500,0.00400,0.00100,9.05400,-4.39200,22.63000
1521732161.81400,-0.02100,-0.00100,-0.00900,9.06800,-4.54400,22.57200
1521732161.84000,-0.00100,-0.00200,-0.00200,9.10300,-4.69100,22.54800
1521732161.95600,0.01100,-0.00600,-0.00800,9.16300,-4.88200,22.52000
1521732161.95600,0.01300,-0.00700,0.00100,9.20200,-4.92300,22.50900
1521732161.95600,0.00800,-0.00700,-0.00700,9.22300,-4.90700,22.50800
1521732161.95600,0.00800,0.00100,-0.00200,9.23000,-4.85800,22.51100
1521732161.99800,-0.03300,0.00700,0.00000,9.23400,-4.88200,22.48800
1521732162.05400,-0.04200,0.01100,-0.00200,9.27800,-5.06600,22.39900
1521732162.05400,-0.02700,0.00200,-0.00300,9.37400,-5.36900,22.33400
1521732162.10600,0.02900,-0.00100,-0.02200,9.56500,-5.78800,22.31700
1521732162.10700,0.05900,-0.01500,-0.01000,9.69200,-6.00500,22.33900
1521732162.13200,0.05500,-0.02000,-0.01700,9.80300,-5.93100,22.41900
1521732162.18500,0.00600,-0.00900,-0.00100,9.78800,-5.70500,22.49700
1521732162.18600,-0.03500,0.00400,-0.00200,9.69100,-5.26900,22.58400
1521732162.23900,-0.06000,0.01400,-0.01200,9.61500,-5.33500,22.59600
1521732162.23900,-0.04300,0.00200,-0.01800,9.63000,-5.41400,22.57400
1521732162.29000,0.01100,-0.00400,-0.01300,9.74100,-5.78700,22.55000
1521732162.29100,0.06000,-0.00700,-0.01700,9.81900,-6.04600,22.57300
1521732162.34500,0.06300,-0.01200,-0.00400,9.89700,-6.43000,22.63500
1521732162.34500,0.02300,-0.01300,0.00300,9.86100,-6.23000,22.70400
1521732162.36500,-0.01800,-0.00100,-0.00600,9.77500,-5.99800,22.73600
1521732162.39200,-0.02900,0.00800,-0.00500,9.66900,-5.73800,22.77800
1521732162.41800,-0.01700,0.00500,-0.01700,9.62500,-5.69900,22.78700
1521732162.47400,0.00300,0.00100,-0.00900,9.63500,-5.78600,22.77300
1521732162.47400,0.01600,-0.00300,-0.01500,9.68700,-5.97500,22.72700
1521732162.49700,0.02600,-0.00400,-0.00600,9.71200,-6.03800,22.69400
1521732162.55200,0.02300,-0.00800,-0.00800,9.70600,-6.04300,22.65100
1521732162.55300,0.01100,-0.00500,-0.00100,9.68800,-5.96100,22.63100
1521732162.57700,-0.00600,-0.00300,-0.00900,9.64800,-5.76900,22.64500
1521732162.65500,-0.01200,0.00200,-0.01200,9.61900,-5.61400,22.66800
1521732162.68400,-0.01100,0.01300,-0.01300,9.58800,-5.43300,22.69900
1521732162.71600,-0.00900,0.00100,-0.00100,9.59400,-5.37600,22.64600
1521732162.71700,-0.00100,-0.00500,-0.00600,9.61400,-5.43200,22.58300
1521732162.71800,0.00400,-0.00400,-0.00100,9.65300,-5.56000,22.49400
1521732162.71800,-0.00100,-0.00200,-0.01400,9.66800,-5.59900,22.45700
1521732162.79000,-0.00400,-0.00100,-0.01000,9.66000,-5.60900,22.42800
1521732162.79000,-0.00600,-0.00300,-0.00800,9.64000,-5.54900,22.44000
1521732162.81500,-0.00700,0.00000,-0.00500,9.62500,-5.59800,22.44600
1521732162.81600,-0.00700,0.00100,-0.01000,9.62200,-5.61400,22.44800
1521732162.86800,0.00000,-0.00100,-0.00600,9.63000,-5.67100,22.43700
1521732162.86800,0.00500,-0.00300,-0.01300,9.64000,-5.79700,22.42300
1521732162.91700,0.01500,-0.00300,-0.00900,9.62700,-5.90800,22.39500
1521732162.94600,0.01300,-0.00100,-0.01000,9.61500,-5.94800,22.38200
1521732162.94700,0.01000,-0.00400,-0.00400,9.59000,-5.95000,22.36900
1521732162.96900,0.00200,-0.00200,-0.00600,9.58000,-5.93500,22.37400
1521732163.02500,0.00300,0.00100,-0.00700,9.56800,-5.92800,22.37100
1521732163.02500,0.00800,-0.00300,-0.01000,9.57000,-5.93300,22.36600
1521732163.07700,0.00900,-0.00300,-0.00800,9.57200,-5.95900,22.35900
1521732163.07800,0.00400,-0.00300,-0.00600,9.57500,-5.98800,22.34000
1521732163.10100,0.00300,-0.00300,-0.00400,9.57400,-6.00900,22.33700
1521732163.18600,0.00800,0.00700,-0.00900,9.56400,-6.00700,22.32900
1521732163.18600,0.00000,0.00400,-0.01000,9.55700,-5.99200,22.32500
1521732163.18700,-0.00600,-0.00400,-0.00100,9.56400,-5.99600,22.29400
1521732163.20600,-0.00700,-0.00800,-0.00800,9.57500,-6.02200,22.26800
1521732163.23200,-0.00800,-0.00200,0.00000,9.58600,-6.05100,22.26800
1521732163.25800,-0.00400,0.00100,-0.01500,9.62200,-6.14200,22.23500
1521732163.28600,-0.00100,0.00400,-0.01200,9.64400,-6.20200,22.21300
1521732163.34100,0.00400,0.00000,-0.01600,9.67100,-6.30100,22.17200
1521732163.34100,0.00600,-0.00400,-0.00300,9.69100,-6.36300,22.13800
1521732163.36300,0.00400,-0.00400,-0.00800,9.72000,-6.46000,22.08100
1521732163.38900,-0.00200,-0.00900,-0.00500,9.73300,-6.59600,22.01000
1521732163.44500,0.00600,-0.00600,-0.01600,9.73900,-6.69900,21.96300
1521732163.44600,0.00200,-0.00300,-0.00300,9.74000,-6.81600,21.90200
1521732163.46800,0.00500,-0.00800,-0.00600,9.73200,-6.86800,21.87700
1521732163.52300,0.00600,-0.00500,-0.00400,9.72600,-6.88500,21.86900
1521732163.52400,0.00700,-0.00100,-0.00800,9.70900,-6.83600,21.90700
1521732163.54600,0.00400,0.00300,-0.00400,9.69400,-6.79500,21.93900
1521732163.60200,0.01100,-0.00400,-0.01100,9.66900,-6.71900,21.99300
1521732163.60300,0.01100,-0.01100,-0.01000,9.65600,-6.63600,22.03000
1521732163.62500,0.00200,-0.00200,-0.01000,9.60500,-6.47000,22.10000
1521732163.65200,0.00100,-0.00200,0.00000,9.54700,-6.32100,22.13400
1521732163.73700,-0.00100,0.00700,-0.00800,9.51500,-6.25200,22.14600
1521732163.73700,-0.00500,0.00400,0.00200,9.48300,-6.18000,22.15100
1521732163.73800,-0.01400,0.00000,-0.00400,9.48600,-6.14500,22.13100
1521732163.75700,-0.00600,-0.00700,-0.00700,9.51400,-6.13400,22.12500
1521732163.78300,0.00200,-0.00200,-0.00800,9.54500,-6.13300,22.13800
1521732163.81100,0.00700,-0.00900,-0.01000,9.58100,-6.12100,22.17000
1521732163.89400,0.01000,-0.00600,-0.01300,9.58600,-6.02800,22.24500
1521732163.89500,0.01000,-0.00400,-0.01200,9.57400,-5.92700,22.31700
1521732163.89500,0.00800,0.00400,-0.01100,9.52800,-5.76300,22.41300
1521732163.91400,-0.00300,-0.00100,-0.01800,9.47700,-5.66400,22.45300
1521732163.94000,-0.00800,0.00200,-0.00800,9.42700,-5.60400,22.47300
1521732163.99900,-0.01000,0.00000,-0.01300,9.39800,-5.66700,22.42600
1521732163.99900,-0.00500,-0.00400,-0.00800,9.38000,-5.78100,22.37600
1521732164.02000,0.01500,-0.00800,-0.01400,9.37200,-6.00100,22.29400
1521732164.04500,0.01900,-0.00900,-0.00800,9.35900,-6.11500,22.24500
1521732164.07200,0.01800,-0.00100,-0.01300,9.29800,-6.16800,22.20700
1521732164.12900,0.00500,0.00800,-0.00300,9.25300,-6.12000,22.21500
1521732164.12900,-0.00100,0.00100,-0.01300,9.19900,-5.97400,22.25600
1521732164.18100,0.00000,-0.00300,-0.00500,9.16900,-5.82100,22.31400
1521732164.18100,0.00000,-0.00100,-0.01100,9.14900,-5.76100,22.32600
1521732164.20300,0.00000,-0.00400,-0.00200,9.14300,-5.78500,22.32100
1521732164.31800,-0.00200,0.00700,-0.00900,9.14000,-5.85100,22.29100
1521732164.31900,0.00200,0.00000,-0.00600,9.14100,-5.97500,22.21400
1521732164.31900,0.01500,-0.00800,-0.01000,9.18000,-6.09100,22.13800
1521732164.31900,0.02000,-0.01100,-0.00300,9.20200,-6.09400,22.11800
1521732164.33400,0.01100,-0.00400,-0.01100,9.19200,-5.97300,22.13600
1521732164.36100,0.00200,-0.00300,-0.00900,9.16800,-5.83300,22.17300
1521732164.44500,-0.01000,0.00100,-0.01200,9.12700,-5.64000,22.24300
1521732164.44600,-0.02000,0.00500,0.00200,9.10700,-5.53900,22.27600
1521732164.44700,-0.02000,0.00100,-0.00600,9.10300,-5.46300,22.30500
1521732164.49400,-0.00700,-0.00400,-0.00200,9.12800,-5.51600,22.31000
1521732164.49500,0.00000,-0.00400,-0.01200,9.14800,-5.58000,22.30300
1521732164.51800,0.00300,-0.00300,-0.01200,9.18300,-5.65900,22.29100
1521732164.57300,0.01000,-0.00200,-0.00800,9.19300,-5.70900,22.28800
1521732164.59900,0.01700,-0.00500,-0.00800,9.21200,-5.74700,22.28800
1521732164.62600,0.00800,-0.00300,-0.00900,9.20300,-5.66900,22.31100
1521732164.62700,-0.00800,0.00100,-0.00300,9.18100,-5.59700,22.32500
1521732164.64900,-0.02000,0.00600,-0.00300,9.18600,-5.63800,22.28500
1521732164.70500,-0.00100,-0.00400,-0.02000,9.20000,-5.76200,22.22700
1521732164.70600,0.01400,-0.00900,-0.01300,9.22800,-5.97400,22.15600
1521732164.72800,0.02700,-0.00800,-0.01500,9.25300,-6.07500,22.10300
1521732164.75600,0.01900,-0.00300,-0.00700,9.23100,-6.05100,22.08000
1521732164.78200,0.00600,-0.00600,-0.00900,9.19000,-5.89200,22.07800
1521732164.83600,-0.00900,0.00600,-0.00600,9.16000,-5.75900,22.09800
1521732164.83600,-0.01900,0.00700,-0.01400,9.14300,-5.68500,22.08700
1521732164.85900,-0.01200,0.00100,-0.00800,9.16300,-5.73900,22.04500
1521732164.88500,0.01100,-0.00600,-0.01300,9.20900,-5.87800,21.98300
1521732164.91300,0.01700,-0.00800,-0.00600,9.23000,-5.95700,21.93300
1521732164.94400,0.01200,-0.00800,-0.01500,9.21500,-5.94800,21.91400
1521732164.94400,0.00800,-0.00200,-0.00600,9.19800,-5.86700,21.91900
1521732164.99500,0.00300,-0.00200,-0.00300,9.18500,-5.77500,21.92800
1521732164.99500,-0.00600,0.00100,0.00100,9.16600,-5.63900,21.95000
1521732165.01700,-0.00800,0.00000,-0.01100,9.16600,-5.53300,21.96400
1521732165.07200,-0.00600,-0.00200,-0.00300,9.16400,-5.50700,21.97100
1521732165.07300,0.00600,-0.00300,-0.00400,9.16400,-5.50700,21.97100
1521732165.15400,0.01100,-0.00500,-0.00200,9.16000,-5.50700,21.97100
1521732165.15400,0.01100,-0.00200,-0.00600,9.14600,-5.47300,21.97600
1521732165.15500,0.00500,-0.00100,0.00100,9.12600,-5.42700,22.00200
1521732165.26500,-0.00100,0.00000,-0.00400,9.10300,-5.33100,22.04900
1521732165.26500,-0.00900,0.00300,0.00300,9.10000,-5.22700,22.09800
1521732165.26500,-0.01000,0.00000,-0.00700,9.10200,-5.18600,22.12900
1521732165.26500,-0.00300,-0.00200,0.00000,9.12400,-5.21300,22.13200
1521732165.30900,0.00900,-0.00400,-0.00200,9.14100,-5.26800,22.12500
1521732165.31000,0.01100,-0.00500,-0.00600,9.15900,-5.31800,22.11300
1521732165.33200,0.00600,-0.00300,-0.00200,9.14700,-5.31100,22.11000
1521732165.41700,0.00200,-0.00200,-0.00300,9.13800,-5.29100,22.11000
1521732165.41700,0.00400,0.00300,-0.01100,9.11100,-5.22400,22.14800
1521732165.41800,0.00200,-0.00600,-0.01400,9.09000,-5.19500,22.16600
1521732165.46800,0.00000,-0.00900,-0.00800,9.07700,-5.18700,22.16300
1521732165.46800,-0.01000,0.00700,-0.00900,9.03900,-5.19800,22.18700
1521732165.48900,-0.02400,0.01100,0.00100,9.03600,-5.21900,22.19400
1521732165.57400,-0.01600,0.00600,-0.00800,9.12200,-5.40000,22.19500
1521732165.57500,0.01200,-0.00500,-0.00900,9.20000,-5.61300,22.17300
1521732165.57600,0.06400,-0.02300,-0.02700,9.31200,-5.89100,22.18900
1521732165.59400,0.06400,-0.01900,-0.01000,9.31300,-5.89000,22.23600
1521732165.62000,0.02500,-0.00600,-0.01000,9.22100,-5.53000,22.33900
1521732165.70500,-0.04000,0.01600,0.00400,9.07100,-5.02700,22.42400
1521732165.70500,-0.05900,0.01400,0.00300,9.01100,-4.82700,22.44300
1521732165.70600,-0.06300,0.01100,-0.00600,9.01900,-4.89100,22.41700
1521732165.72500,-0.00800,-0.00500,-0.01000,9.09600,-5.14600,22.39000
1521732165.75200,0.02100,-0.00900,-0.01200,9.26400,-5.61000,22.39200
1521732165.83600,0.06500,-0.01400,-0.01200,9.39800,-5.87400,22.45100
1521732165.83700,0.05200,-0.01000,-0.00300,9.43300,-5.84600,22.49900
1521732165.83800,0.00100,0.00000,-0.00400,9.41800,-5.54400,22.58700
1521732165.85700,-0.02000,0.00600,-0.00500,9.39200,-5.32400,22.63900
1521732165.88300,-0.02700,0.00600,-0.01200,9.39200,-5.20500,22.66500
1521732165.93900,-0.00200,0.00000,-0.00900,9.43400,-5.29900,22.63900
1521732165.94000,0.00700,-0.00600,-0.01800,9.51100,-5.56400,22.57300
1521732165.99100,0.02200,-0.00600,0.00300,9.58200,-5.76900,22.53000
1521732165.99100,0.02200,-0.00900,-0.01100,9.61100,-5.80500,22.53300
1521732166.01400,0.00500,0.00200,-0.00600,9.60900,-5.70100,22.58200
1521732166.04100,-0.01300,-0.00300,-0.00900,9.59900,-5.57700,22.62100
1521732166.09600,-0.00900,-0.00600,-0.00700,9.59100,-5.41700,22.69700
1521732166.09700,-0.00700,0.00000,-0.00300,9.58100,-5.37100,22.75200
1521732166.12000,-0.00200,0.00100,-0.00500,9.58500,-5.40200,22.75800
1521732166.17500,0.00500,0.00000,-0.01200,9.61500,-5.48000,22.74600
1521732166.17500,0.01900,-0.01000,-0.01500,9.64200,-5.55000,22.73400
1521732166.19800,0.01800,-0.00700,-0.00500,9.63500,-5.59700,22.70500
