1521812058.13600,-0.00800,0.00300,-0.01300,6.78100,-10.75000,-18.41100
1521812058.30400,-0.00700,-0.00500,-0.01800,6.76400,-10.71800,-18.40200
1521812058.30400,-0.00200,0.00300,-0.02200,6.72200,-10.67900,-18.39500
1521812058.30500,0.00000,-0.01200,-0.01300,6.67200,-10.66400,-18.38500
1521812058.30600,0.00000,-0.00600,-0.01100,6.65700,-10.68600,-18.38300
1521812058.37300,0.00000,0.00700,-0.01000,6.63900,-10.68000,-18.37800
1521812058.66800,-0.00500,0.00200,-0.00500,6.65400,-10.37900,-18.41700
1521812058.66800,-0.00100,0.00000,-0.01900,6.65800,-10.37700,-18.42800
1521812058.66900,-0.00700,-0.00400,-0.01000,6.67500,-10.34700,-18.43100
1521812058.74900,-0.01000,-0.00200,-0.02000,6.70200,-10.38300,-18.41500
1521812058.74900,0.00800,-0.00100,-0.00200,6.68400,-10.70800,-18.43400
1521812058.75000,0.00800,0.00100,-0.00800,6.69900,-10.73500,-18.44700
1521812058.75000,0.00900,-0.00100,-0.00100,6.72100,-10.71400,-18.44200
1521812058.82300,-0.00800,-0.00400,-0.01600,6.77600,-10.63300,-18.42900
1521812058.82300,0.01700,0.00200,-0.00200,6.60200,-11.12300,-18.41000
1521812058.90000,0.01000,0.00500,0.00000,6.57200,-11.21100,-18.42100
1521812059.63700,0.00600,0.00200,0.00200,6.56700,-11.22100,-18.42600
1521812059.63700,0.00200,0.00500,0.00400,6.58500,-11.22800,-18.43000
1521812059.72000,0.00400,-0.00100,-0.00800,6.63900,-11.10200,-18.37800
1521812059.72000,-0.00400,0.00000,-0.00300,6.65400,-11.02900,-18.36300
1521812059.72200,-0.00200,-0.00100,-0.00800,6.67900,-10.95100,-18.35700
1521812059.72200,-0.00300,-0.00100,0.00000,6.68200,-10.92900,-18.34100
1521812059.79700,0.00400,0.00000,-0.00600,6.62300,-10.63700,-18.22300
1521812059.79700,0.01000,0.00300,-0.00500,6.59500,-10.74500,-18.25300
1521812059.79800,0.00900,0.00300,0.00100,6.59500,-10.74500,-18.26700
1521812060.31700,0.00600,0.00100,-0.00200,6.60300,-10.72200,-18.27000
1521812060.68200,-0.00500,0.00000,-0.00100,6.63400,-10.62800,-18.27900
1521812060.77000,0.00200,0.00000,-0.00300,6.65500,-10.57100,-18.28100
1521812060.77100,0.00400,0.00000,-0.00700,6.63100,-10.62500,-18.31100
1521812060.77200,0.01900,0.00200,-0.00500,6.59000,-10.76500,-18.32900
1521812060.77300,0.01100,0.00500,-0.00400,6.60000,-10.70300,-18.31900
1521812061.21100,-0.00800,-0.00200,0.00800,6.65700,-10.51500,-18.29800
1521812061.21200,-0.01600,-0.00600,-0.00700,6.69200,-10.39300,-18.29200
1521812061.58300,-0.02300,0.00100,-0.00500,6.73500,-10.29600,-18.29100
1521812061.58400,-0.01800,0.00000,-0.01300,6.74100,-10.32100,-18.27500
1521812061.58500,-0.01400,-0.00300,-0.01100,6.72100,-10.46300,-18.26500
1521812061.58600,-0.00100,-0.00300,-0.01300,6.66100,-10.66400,-18.27200
1521812061.66200,0.00900,0.00200,0.00000,6.60600,-10.81900,-18.28600
1521812061.66300,-0.00400,-0.00400,0.00500,6.39000,-10.82200,-18.02600
1521812061.66400,-0.02000,-0.00700,-0.01300,6.44800,-10.64500,-17.99600
1521812061.74100,0.00100,-0.00600,-0.00200,6.39100,-10.76100,-17.94400
1521812061.74200,0.00800,0.00300,0.00100,6.32300,-10.95100,-17.97400
1521812061.74300,0.01700,0.00500,0.00800,6.26700,-11.13100,-17.98600
1521812061.74300,0.02900,0.01100,0.01800,6.23200,-11.23600,-17.99500
1521812062.03000,0.02100,0.00300,0.01800,6.25400,-11.24200,-18.03800
1521812062.03000,-0.01100,0.00200,0.00300,6.37900,-10.91800,-18.05500
1521812062.03000,-0.01000,-0.00200,-0.00800,6.46500,-10.15400,-18.33000
1521812062.18100,0.00000,0.00600,0.01000,6.22700,-9.72100,-18.28400
1521812062.67900,-0.00400,0.00400,0.00000,6.23200,-9.66800,-18.27100
1521812062.83500,0.00100,0.00800,0.00300,6.23800,-9.67600,-18.27100
1521812063.07200,0.00600,0.00600,-0.00300,6.22200,-9.52800,-18.27400
1521812063.22900,0.00900,0.00200,0.01000,6.22500,-9.53200,-18.27000
1521812063.47400,-0.00900,0.00300,0.00200,6.24700,-8.68700,-17.87900
1521812063.47400,-0.01500,-0.00200,0.00200,6.27200,-8.55200,-17.86800
1521812063.47500,0.02400,0.00300,0.00500,6.12300,-9.01900,-17.63900
1521812063.47600,0.02900,-0.00100,0.01000,6.08100,-9.14100,-17.63800
1521812063.52600,0.02200,0.00000,0.01200,6.06600,-8.98800,-17.67600
1521812063.52700,0.01400,0.00400,0.00800,6.08200,-8.96600,-17.69400
1521812063.52800,0.00300,0.00500,0.01100,6.11500,-8.90000,-17.69800
1521812063.52800,0.00100,0.00300,0.00500,6.14300,-8.82000,-17.70700
1521812063.60500,-0.00500,0.00300,0.00500,6.16200,-8.75300,-17.72500
1521812063.60500,-0.00200,-0.00100,0.00000,6.18400,-8.68900,-17.73200
1521812063.60600,-0.00500,0.00300,0.00100,6.20800,-8.61100,-17.72500
1521812063.68400,-0.01600,-0.00500,0.00400,6.27200,-8.43300,-17.67400
1521812063.68400,-0.02100,-0.00200,0.00000,6.29000,-8.38900,-17.66200
1521812063.68500,0.00900,0.00400,0.00000,6.06900,-8.84500,-17.41000
1521812063.68600,0.00000,-0.01100,0.00200,6.05000,-8.81100,-17.35200
1521812063.76200,-0.01100,0.00700,0.01200,5.97900,-8.62500,-17.16100
1521812063.76300,0.01500,0.00500,0.01200,5.75900,-8.51000,-16.62000
1521812063.76300,-0.02500,0.00100,-0.00300,6.10300,-7.73400,-16.39900
1521812063.76400,0.01800,-0.00300,0.00100,5.98400,-8.38300,-16.32800
1521812063.84400,0.00300,0.00400,-0.00200,6.03200,-8.28800,-16.42900
1521812063.84500,0.19100,-0.01700,0.15700,6.42300,-6.54200,-16.22000
1521812063.84500,0.05400,0.05700,0.01300,10.77100,1.83400,-19.29600
1521812063.84500,0.09100,0.05300,0.00300,11.66100,1.87400,-21.24400
1521812063.89500,0.10800,0.05300,0.00100,12.22800,1.82300,-22.66700
1521812063.89500,0.06600,0.06500,-0.04000,13.25700,2.07800,-24.90000
1521812063.89600,0.02100,0.05100,-0.05300,14.09000,2.47800,-26.42500
1521812063.89700,0.03100,0.04900,-0.03500,15.47400,3.35300,-28.69000
1521812064.02000,0.00700,0.11500,-0.05000,17.18800,4.52600,-31.07500
1521812064.02100,-0.05700,0.09100,-0.10000,18.46600,5.27100,-32.85600
1521812064.12100,-0.03200,0.07500,-0.06700,20.22700,5.97600,-35.81400
1521812064.17400,-0.01700,0.10400,-0.07500,21.92300,6.58700,-39.03800
1521812064.28800,-0.05700,0.09400,-0.09300,23.29300,7.26500,-41.32400
1521812064.28900,-0.08300,0.03300,-0.10500,25.74600,8.14700,-44.80500
1521812064.29000,-0.06700,0.02800,-0.08800,27.48100,8.70200,-47.14700
1521812064.29100,-0.09600,0.02900,-0.09000,30.35400,9.65300,-50.62100
1521812064.33300,-0.09000,0.02700,-0.10400,34.00500,10.85700,-54.07300
1521812064.36600,-0.12700,0.00800,-0.07700,36.78200,11.81000,-56.36300
1521812064.36700,-0.14600,0.00400,-0.06700,40.82400,12.94300,-59.92500
1521812064.36800,-0.11700,0.01500,-0.07600,43.57100,13.51500,-62.40100
1521812064.36800,-0.09700,0.01400,-0.07800,48.19700,14.44800,-66.12300
1521812064.41000,-0.09800,-0.00700,-0.04200,51.68000,15.11200,-68.59200
1521812064.44500,-0.08200,-0.03200,-0.00600,57.11200,15.97200,-72.32100
1521812064.44500,-0.05500,0.05100,-0.05200,62.71100,16.99200,-75.79800
1521812064.44600,-0.10900,0.08500,-0.08300,67.13500,17.59200,-78.10400
1521812064.44700,-0.10100,0.02300,-0.02100,74.38400,19.00600,-81.52700
1521812064.73400,-0.05300,-0.05700,0.01600,78.90800,19.88500,-83.62900
1521812064.73500,-0.07200,-0.00100,-0.00400,84.76200,21.37400,-86.65600
1521812064.73600,-0.14300,-0.01800,-0.01400,89.41400,22.69300,-89.57400
1521812064.73700,-0.08300,-0.07600,0.02400,91.88100,23.32500,-91.52500
1521812064.81000,-0.06700,-0.14800,0.04800,94.64800,23.79900,-94.51500
1521812064.81000,-0.10000,-0.11500,0.03300,96.01300,23.84300,-96.55700
1521812065.14600,-0.01400,-0.16600,0.11300,97.64000,23.31300,-99.90200
1521812065.17100,-0.02400,-0.11600,0.10400,98.46100,22.60900,-102.21100
1521812065.26000,-0.04900,-0.10500,0.10500,99.50200,21.14900,-105.84700
1521812065.26000,-0.02600,-0.11100,0.09700,100.45800,18.75900,-110.08100
1521812065.26000,-0.01700,-0.10900,0.07500,101.08400,16.81700,-113.11000
1521812065.26100,-0.03700,-0.07100,0.05300,101.86600,13.88800,-117.45400
1521812065.33800,-0.02600,-0.05600,0.08000,102.30600,11.83100,-120.45100
1521812065.33900,0.00600,-0.06000,0.06900,102.93600,8.11900,-125.34200
1521812065.33900,-0.01600,-0.04300,0.05000,103.50600,4.41500,-130.11600
1521812065.34000,-0.04400,-0.06300,0.04300,103.83900,1.62000,-133.41300
1521812065.55000,-0.00800,-0.05500,0.03600,104.25200,-3.15300,-139.04300
1521812065.55000,-0.00900,-0.05600,0.06300,104.72700,-8.08800,-144.70000
1521812065.55000,-0.02200,-0.06100,0.03900,105.08700,-10.88100,-147.98600
1521812065.55000,-0.05200,-0.05400,0.00000,105.57700,-14.76700,-152.41800
1521812065.62600,-0.02800,-0.04500,0.02300,105.82400,-17.35200,-155.47100
1521812065.62700,-0.00600,-0.04700,0.04900,106.21100,-21.81000,-160.66300
1521812065.62700,-0.03200,-0.02900,0.03000,106.86500,-30.06000,-171.40400
1521812065.62800,-0.05600,-0.01500,0.02900,106.84500,-31.84200,-173.94200
1521812065.70600,-0.02300,-0.03800,0.03100,106.84600,-33.17200,-175.62500
1521812065.70600,-0.01300,-0.02300,0.03900,107.02200,-35.80900,-178.96900
1521812065.70700,0.01600,-0.03600,0.06800,107.22800,-38.08200,178.11100
1521812065.70800,0.01200,-0.03200,0.04600,107.36900,-38.84300,176.87800
1521812065.78300,-0.00500,-0.05600,0.00300,108.20000,-46.56800,165.15300
1521812065.78400,-0.00300,-0.08400,0.03200,108.15600,-46.49400,164.84800
1521812065.78500,-0.02900,-0.02600,0.05900,108.19000,-45.57300,165.17500
1521812065.85600,-0.03800,-0.00400,0.06300,108.28600,-44.19500,166.11200
1521812066.15200,-0.02000,0.02000,0.05000,108.01700,-43.98900,166.10900
1521812066.15200,-0.01400,0.03000,0.05500,107.75100,-43.89400,166.01200
1521812066.15300,-0.02500,0.02700,0.04600,107.53000,-43.88100,166.00300
1521812066.15400,-0.00600,0.00000,0.03400,107.24200,-43.92000,165.84300
1521812066.23000,0.00900,-0.02200,0.03100,107.09700,-44.30100,165.67300
1521812066.23100,-0.00700,-0.01400,0.03200,105.90700,-46.61600,164.21200
1521812066.23200,-0.02600,-0.00700,0.02100,105.68600,-46.72400,164.21400
1521812066.23300,-0.01700,0.00700,0.01400,105.38100,-47.01100,164.35600
1521812066.30900,-0.02100,0.01400,0.01100,105.19700,-47.01500,164.44400
1521812066.30900,0.00400,0.00600,0.01200,104.99100,-47.25100,164.42100
1521812066.31000,-0.01000,0.02100,0.02000,104.83500,-47.44600,164.45500
1521812066.31100,-0.01500,0.01400,0.00900,104.73800,-47.28500,164.61800
1521812066.67600,-0.01300,0.01500,0.01700,104.62400,-47.20700,164.79900
1521812066.67600,-0.01900,0.00500,0.02600,104.55900,-47.20300,164.79200
1521812066.67700,-0.02000,0.01400,0.03100,104.46900,-47.07000,164.84000
1521812066.67800,-0.01100,0.00400,0.02400,104.43200,-46.92400,164.91400
1521812066.75600,-0.01500,0.00400,0.01500,104.44400,-46.76200,165.02500
1521812066.75600,0.08000,-0.01200,0.04800,104.45800,-46.72300,165.00300
1521812066.75700,-0.03700,-0.02600,0.04700,104.44000,-46.35300,165.57100
1521812066.75800,0.01200,0.02800,0.02500,104.36000,-46.55300,165.31200
1521812066.82500,0.00200,0.01400,0.02800,104.35200,-46.75600,165.30900
1521812067.11400,0.01100,0.02200,-0.00300,104.42600,-46.39100,165.73000
1521812067.20300,-0.00900,-0.02500,-0.00100,104.96100,-46.24000,166.32500
1521812067.20300,0.00600,-0.01000,0.01300,104.94800,-46.45600,166.09300
1521812067.20300,-0.00600,-0.02300,0.01000,104.94000,-46.40100,166.12300
1521812067.20400,-0.01000,-0.02100,0.00700,104.93900,-46.30500,166.20900
1521812067.28000,-0.00200,-0.01500,0.00600,104.93000,-46.26200,166.25000
1521812067.28000,-0.00400,-0.01200,0.00900,104.90100,-46.31000,166.20100
1521812067.28100,-0.00300,-0.01600,0.00100,104.83500,-46.45900,166.05600
1521812067.28200,0.01200,-0.00500,0.00700,104.70700,-46.73700,165.79000
1521812067.35100,-0.00800,-0.01300,-0.00500,104.59500,-46.84900,165.67000
1521812067.56800,-0.00100,-0.01400,-0.00400,104.38300,-47.33800,165.15500
1521812067.56900,0.00400,-0.02200,-0.00300,104.16800,-48.21100,164.25800
1521812067.57000,-0.00100,-0.01400,0.01300,104.01300,-48.87300,163.57700
1521812067.57000,0.00000,0.02500,-0.04600,102.86200,-49.82000,162.57500
1521812067.64700,-0.02000,0.00200,0.03800,102.88400,-49.53300,162.83700
1521812067.64800,-0.02100,0.01000,0.00000,102.94100,-49.19900,163.15700
1521812067.64900,-0.01800,-0.00200,0.01300,103.06200,-49.13400,163.22500
1521812067.64900,0.00000,-0.01700,0.00000,103.13800,-48.93400,163.41700
1521812067.71900,-0.00200,-0.01800,-0.00600,103.22600,-48.58500,163.75200
1521812067.80700,-0.02500,-0.02700,-0.01100,103.24500,-48.25900,164.03700
1521812067.80700,-0.02300,-0.01200,0.00300,103.23400,-48.35900,163.89600
1521812067.80700,-0.01200,-0.00800,0.01400,103.20300,-48.39500,163.74300
1521812067.80700,0.01000,-0.01600,0.00400,102.72900,-51.79500,160.06700
1521812068.08600,-0.00800,-0.01800,0.01500,102.51400,-52.56700,159.24700
1521812068.25100,-0.01700,-0.02500,0.00800,102.38200,-52.87400,158.89700
1521812068.25200,-0.00400,0.00100,0.02200,102.20300,-53.43700,158.27800
1521812068.25300,0.00500,0.00600,0.03900,102.10600,-53.77700,157.93300
1521812068.25300,-0.00800,0.00800,0.03000,102.02400,-53.42300,158.29800
1521812068.32900,0.04200,-0.00700,0.06000,101.97300,-53.20800,158.54200
1521812068.33100,-0.01900,-0.01000,-0.03400,101.90400,-52.84800,159.04700
1521812068.33100,-0.01400,0.03000,0.02900,101.75100,-54.04900,157.92000
1521812068.33200,-0.00400,0.02500,0.01400,101.71600,-54.21200,157.80700
1521812068.69800,0.00200,-0.00700,0.00700,102.15100,-52.93200,159.29900
1521812068.69800,-0.01300,-0.02400,-0.00300,102.26200,-52.83100,159.43300
1521812068.69900,-0.00800,-0.00500,-0.00200,102.34300,-52.96700,159.32500
1521812068.70000,-0.01500,-0.01800,-0.00200,102.44700,-53.12200,159.18700
1521812068.76800,0.00000,-0.00500,0.01400,102.54100,-53.11500,159.17700
1521812068.98500,-0.01600,-0.01900,-0.00300,102.61100,-52.72000,159.56200
1521812068.98500,-0.03100,-0.01500,-0.00700,102.72400,-52.29300,159.94600
1521812068.98600,0.00900,-0.00800,0.00900,102.80300,-52.50600,159.71600
1521812069.05700,-0.01000,-0.01300,0.00000,102.95400,-52.17400,160.03000
1521812069.22400,-0.02200,-0.01700,-0.01500,102.97700,-52.00400,160.20100
1521812069.22500,0.02400,-0.01100,0.00300,102.96800,-52.74500,159.46600
1521812069.22500,0.03000,-0.00900,0.01000,102.94900,-53.14800,159.06800
1521812069.22500,-0.00600,-0.02700,-0.00700,102.90200,-53.19800,159.02200
1521812069.29300,-0.02000,0.00500,0.00600,102.58600,-50.90900,161.39000
1521812069.59000,-0.00400,-0.01500,-0.01200,102.92000,-50.69400,161.68400
1521812069.59100,-0.01700,-0.02900,-0.00400,103.00600,-50.57100,161.80900
1521812069.59100,-0.00400,-0.02000,-0.00100,103.04900,-50.81600,161.55000
1521812069.67000,0.00700,-0.02800,0.00900,103.10200,-51.44900,161.37300
1521812069.67000,-0.00900,-0.02400,-0.00300,103.11300,-51.19400,161.61200
1521812069.67000,0.00600,-0.02800,-0.00500,103.11000,-51.15100,161.64000
1521812069.67100,0.00300,-0.01100,-0.00300,103.07400,-51.52000,161.60000
1521812069.73900,0.02700,0.00300,-0.06400,102.65200,-53.07900,160.98600
1521812069.95300,0.00000,0.00900,0.01600,102.59800,-53.29700,160.71600
1521812069.95300,-0.00200,-0.01700,-0.03000,102.60800,-53.08500,161.10200
1521812070.10700,-0.00300,-0.01300,-0.01500,102.66300,-52.46200,161.84100
1521812070.26500,0.01700,-0.00700,0.00200,102.76900,-52.53800,162.16600
1521812070.39800,0.00500,-0.01600,-0.00600,102.80400,-52.72500,162.15000
1521812070.39900,0.00400,-0.01900,-0.00600,102.79900,-52.74600,162.11300
1521812070.48300,0.00700,-0.01100,-0.00100,102.73800,-52.99300,161.83500
1521812070.48400,-0.00100,-0.01200,0.00500,102.65800,-53.22200,161.57800
1521812070.48400,-0.00800,-0.01700,0.00400,102.04500,-54.99300,159.72700
1521812070.48500,0.00800,-0.01400,0.01100,101.93700,-55.33000,159.38800
1521812070.56200,-0.00200,-0.00200,0.01300,101.82500,-55.61100,159.05700
1521812070.56200,-0.01200,0.00700,0.01400,101.70100,-55.87300,158.72300
1521812070.56300,-0.01300,-0.01400,0.00500,101.70000,-55.51600,159.14400
1521812070.56400,-0.00200,-0.03200,-0.00800,102.20700,-55.99000,158.91500
1521812070.64000,-0.00300,-0.02700,-0.00200,102.23700,-56.08500,158.82100
1521812070.64100,0.00200,-0.02800,0.00400,102.24300,-56.26100,158.65100
1521812070.64200,0.00000,-0.02000,0.00200,102.23900,-56.36000,158.62900
1521812070.64300,-0.00600,-0.01500,-0.01400,102.23600,-56.15700,158.83200
1521812070.71200,0.00300,-0.00100,-0.00700,102.18000,-56.07600,158.92600
1521812070.92100,0.00200,-0.00800,0.00200,102.10500,-56.23500,158.75000
1521812071.00000,-0.00200,-0.00100,0.00300,102.04900,-56.14900,158.83900
1521812071.08700,0.03200,0.00100,0.01100,101.86800,-56.85300,158.09600
1521812071.08700,0.02000,-0.01300,0.01500,101.60100,-59.44400,155.45700
1521812071.08800,-0.00400,-0.02500,-0.00500,101.47800,-59.49700,155.40200
1521812071.08900,0.00400,0.03600,0.00100,100.66900,-59.28300,155.76100
1521812071.16700,0.00500,-0.02800,-0.01800,101.74000,-58.89500,156.42700
1521812071.16700,0.00200,-0.02800,-0.01000,101.83000,-58.69000,156.63000
1521812071.16700,-0.01100,-0.02800,-0.01500,101.92900,-58.31300,156.97200
1521812071.16700,0.00600,-0.00700,0.00300,102.01800,-58.03200,157.14800
1521812071.45200,0.01400,-0.00800,0.01000,101.98700,-57.84000,157.26800
1521812071.45300,0.00100,-0.00400,0.01100,101.94600,-57.41600,157.64800
1521812071.45300,-0.01500,-0.00800,-0.00200,101.87100,-56.88900,158.13200
1521812071.53000,0.00800,0.01500,0.02500,101.82000,-57.15400,157.87000
1521812071.53100,0.00100,0.00800,0.01500,101.83700,-56.97500,158.07500
1521812071.53200,0.00000,0.00200,0.00000,101.89900,-56.61400,158.49900
1521812071.61100,0.00200,0.01000,-0.00600,101.96600,-56.59300,158.56300
1521812071.61200,0.00600,0.00600,-0.00200,102.07400,-56.67300,158.51700
1521812071.61300,0.03000,-0.10300,0.05100,102.17000,-56.57800,158.65500
1521812071.61400,0.05100,-0.03900,-0.05100,102.16400,-56.91000,158.39900
1521812071.68200,-0.00700,0.01700,-0.01500,102.05700,-57.08600,158.22600
1521812071.97000,0.05900,-0.01100,-0.02300,102.03300,-56.98200,158.36900
1521812072.05000,-0.00700,-0.00300,-0.00200,101.86500,-56.42800,158.87200
1521812072.14000,-0.00200,-0.00200,-0.00300,101.86400,-56.41500,158.85900
1521812072.14000,0.00100,-0.01200,-0.00300,101.89900,-56.34900,158.85900
1521812072.14200,0.00500,-0.00900,-0.00600,101.90200,-56.41300,158.70300
1521812072.42600,0.00600,-0.00800,0.00500,101.85700,-56.41200,158.64700
1521812072.42600,-0.00100,-0.00400,0.00600,101.81700,-56.32600,158.70200
1521812072.42700,-0.01500,-0.00200,0.00500,101.76800,-56.18900,158.79500
1521812072.42800,-0.00700,-0.00400,0.01400,101.76200,-56.17900,158.79600
1521812072.50700,0.00500,-0.00900,0.01300,101.76800,-56.18500,158.79100
1521812072.50800,0.00200,-0.00300,-0.00400,101.71600,-56.18100,158.81800
1521812072.50800,-0.00400,-0.00800,-0.00500,101.75800,-56.03300,158.93700
1521812072.50800,0.00000,0.00000,0.00100,101.82400,-55.83300,159.09200
1521812072.58400,0.04300,-0.02300,-0.07100,101.84800,-56.10500,158.90700
1521812072.58400,-0.03000,0.02300,0.00400,101.76700,-56.17700,158.78300
1521812072.58400,-0.02600,-0.01300,0.05300,101.72500,-55.60100,159.41700
1521812072.58400,0.03800,-0.01400,-0.07200,101.76100,-55.72500,159.25400
1521812072.66200,-0.02300,-0.00600,0.01400,101.74500,-55.74900,159.24000
1521812072.66300,-0.00500,0.01800,-0.03000,101.74500,-55.57000,159.41200
1521812072.66300,-0.00600,-0.01200,-0.00900,101.76200,-55.47200,159.49100
1521812072.66400,-0.02400,-0.00300,-0.01400,101.78500,-55.58600,159.34200
1521812072.94200,0.00800,0.01000,-0.00400,101.69900,-55.94000,158.72600
1521812073.54600,-0.00600,0.00700,-0.02200,101.72600,-55.66300,158.95300
1521812073.62700,0.12900,0.01000,-0.17200,101.88000,-55.69000,158.88000
1521812073.62800,-0.01300,-0.02900,-0.01600,101.83200,-57.50900,156.79300
1521812074.07800,0.00100,-0.00300,-0.02500,101.71900,-58.30300,156.00300
1521812074.07900,-0.00900,-0.01400,-0.01500,101.62400,-57.80900,156.61500
1521812074.08000,0.01400,-0.01600,-0.00400,101.81300,-54.96100,159.84500
1521812074.08100,-0.00200,-0.02700,-0.02200,101.82400,-55.05500,159.77500
1521812074.15700,0.00800,-0.02200,-0.01200,101.80600,-55.47000,159.38800
1521812074.15800,0.00500,-0.02900,-0.01300,101.78800,-55.62800,159.23400
1521812074.15900,0.00500,-0.01800,-0.01300,101.77600,-55.61100,159.24100
1521812074.16000,0.00100,-0.02400,-0.01900,101.77600,-55.27400,159.53100
1521812074.51900,-0.00200,-0.01100,-0.02200,101.76900,-55.06800,159.69000
1521812074.59700,0.00800,-0.00100,-0.00400,101.70900,-55.10500,159.56500
1521812074.88400,-0.00900,-0.00300,-0.00700,101.61800,-54.92200,159.63900
1521812075.05000,-0.00300,-0.00200,-0.00100,101.54200,-54.87900,159.61300
1521812075.05100,-0.01500,0.00300,0.00200,101.42700,-55.04100,159.36600
1521812075.05200,-0.00700,-0.01000,0.00200,101.37300,-55.06400,159.28700
1521812075.05300,0.01500,-0.01100,0.00400,101.31700,-55.45200,158.84200
1521812075.13000,0.00800,-0.00600,-0.00200,101.24000,-55.60100,158.63400
1521812075.13100,-0.00900,-0.01000,-0.01100,101.18800,-55.48800,158.70000
1521812075.13200,-0.01100,-0.00800,0.00200,101.12000,-55.76300,158.37800
1521812075.13300,0.04000,-0.04900,-0.01900,101.95800,-54.61700,160.01300
1521812075.41800,-0.00400,-0.00700,-0.01700,101.45400,-54.62400,159.99800
1521812075.41900,0.00900,0.00000,-0.00500,101.34300,-54.82400,159.79000
1521812075.42000,0.00300,0.00200,-0.00600,101.38300,-54.56400,160.02400
1521812075.42100,0.00500,0.00000,0.02700,103.20400,-52.48400,162.05400
1521812075.49000,-0.01900,0.00200,0.01500,103.12800,-51.84400,162.63500
1521812075.56800,-0.03200,0.00700,-0.00100,103.06900,-50.78700,163.63700
1521812075.85700,0.02200,0.02300,0.01100,103.02500,-50.86500,163.56800
1521812075.93400,0.01900,0.02000,0.00500,102.99700,-50.84800,163.63000
1521812076.23200,-0.01100,-0.00300,-0.01800,102.92800,-50.89400,163.66500
1521812076.23200,0.00700,-0.01100,-0.01600,102.88400,-51.33000,163.27900
1521812076.23200,0.00700,-0.00300,-0.01000,102.86000,-51.81100,162.88900
1521812076.23300,-0.01300,-0.02100,-0.06300,102.73200,-51.27500,163.35500
1521812076.30200,-0.01600,0.00600,0.02700,102.69600,-51.83500,162.78500
1521812076.91400,0.02000,0.00200,0.00600,102.88100,-47.53200,168.07600
1521812076.91500,-0.01400,-0.01000,-0.00700,102.76900,-48.95700,166.66100
1521812076.91600,0.00400,0.00200,0.00000,102.76600,-48.81200,166.80600
1521812076.99200,0.05200,-0.13300,0.12500,102.84900,-48.75300,166.82600
1521812076.99300,0.02500,-0.03200,-0.05400,102.86800,-49.58100,166.23500
1521812076.99400,-0.02600,-0.00100,-0.02700,102.72700,-51.32000,164.68900
1521812076.99400,-0.02400,0.01100,0.00800,102.65000,-52.50200,163.62500
1521812077.11500,-0.06100,0.02600,-0.02700,102.62400,-54.10000,162.11000
1521812077.20300,-0.03700,-0.04400,-0.02200,102.92300,-57.93500,158.09600
1521812077.20400,-0.02600,-0.02700,-0.01100,102.83200,-58.39200,157.69200
1521812077.20500,0.02700,-0.00100,0.02800,102.80200,-58.84500,157.24900
1521812077.20500,-0.00200,-0.01500,-0.00300,102.77300,-58.08600,157.97500
1521812077.28300,0.02900,0.01400,0.01300,102.49300,-58.08900,157.96500
1521812077.28300,0.00800,0.01200,0.00800,102.40000,-57.91800,158.13700
1521812077.28300,0.00800,-0.07900,-0.01200,102.88500,-55.16600,161.94200
1521812077.28400,-0.00900,-0.05000,0.00400,102.70100,-55.59900,161.65300
1521812077.36000,0.02400,-0.01100,0.01300,101.25000,-56.55400,160.27700
1521812077.36100,0.01800,-0.01900,0.00600,101.22400,-56.32400,160.46900
1521812077.36200,-0.01600,-0.02300,-0.02800,101.22100,-55.65000,161.13800
1521812077.36200,0.00100,0.00000,-0.00400,101.18000,-55.63300,161.13900
1521812077.44000,0.01600,0.01300,-0.00100,100.99000,-55.55400,161.20700
1521812077.44100,-0.03700,-0.01600,-0.02600,100.70000,-56.27000,160.44300
1521812077.44100,-0.01400,-0.01100,-0.01300,100.53600,-55.89100,160.75700
1521812077.44100,0.01900,0.02100,0.01100,100.42800,-56.25800,160.34700
1521812077.64100,0.00300,0.00900,0.00200,100.38000,-56.11600,160.47600
1521812077.72000,-0.02200,0.00700,-0.02600,100.36800,-55.12900,161.45100
1521812078.00800,-0.01300,-0.06200,0.03000,100.37600,-54.97300,161.59800
1521812078.09500,0.11900,-0.01600,0.02200,100.42800,-57.67200,159.00700
1521812078.09500,0.02800,0.04800,0.06000,100.36100,-61.02000,155.80600
1521812078.09800,-0.04500,0.05600,-0.04800,101.25600,-55.15900,162.98800
1521812078.09800,-0.02600,-0.03100,-0.11400,101.74000,-52.30700,166.06500
1521812078.17600,0.01500,-0.06700,-0.00600,102.00900,-53.26900,165.08100
1521812078.17700,0.04800,-0.05700,-0.03800,102.25200,-53.89700,164.41600
1521812078.17700,0.02200,-0.05500,-0.05800,102.31200,-54.20200,164.07600
1521812078.17700,0.00600,-0.05500,-0.05200,102.26100,-53.94600,164.29500
1521812078.25200,-0.00700,-0.06600,-0.03100,102.09700,-53.81900,164.30300
1521812078.25200,0.01100,-0.03700,0.01000,101.96400,-53.99700,164.03500
1521812078.25200,0.00200,-0.01600,0.01000,101.78800,-53.59900,164.31400
1521812078.33100,-0.02400,-0.00900,-0.01100,101.69400,-52.91700,164.91500
1521812078.33200,0.01300,0.00800,-0.00700,101.57700,-52.28300,165.43700
1521812078.33300,0.02900,0.01300,-0.00300,101.44300,-52.15100,165.47900
1521812078.33300,0.00400,0.00400,-0.01500,101.32100,-51.78800,165.79500
1521812078.40300,-0.01100,0.00900,-0.01600,101.09900,-51.74800,165.75800
1521812078.53300,0.00100,0.00500,-0.00500,100.96500,-52.18600,165.27700
1521812078.61200,-0.00500,0.00000,-0.00500,100.83000,-52.99500,164.43400
1521812078.69100,-0.00300,-0.01000,-0.02400,100.73500,-53.54500,163.82700
1521812079.13700,0.03100,-0.02100,-0.00600,99.98100,-58.41500,158.34600
1521812079.22600,-0.02000,-0.03000,-0.01600,99.48000,-58.79100,157.70600
1521812079.22600,-0.06700,0.01000,-0.11000,97.98300,-52.52800,164.17600
1521812079.22700,-0.06800,-0.02300,-0.03700,98.18000,-51.16600,165.52100
1521812079.22800,0.01100,-0.00600,-0.00700,98.46500,-52.57800,164.06400
1521812079.50400,0.04500,0.00700,0.00200,98.64000,-53.51300,163.14000
1521812079.58600,0.02300,0.00600,-0.01200,98.87000,-53.09600,163.56500
1521812079.66200,-0.01100,-0.03400,-0.03300,99.05800,-52.37900,164.28100
1521812080.55600,0.02400,-0.01800,0.01500,99.33000,-54.56500,162.10200
1521812081.16600,0.01200,-0.02200,0.00200,99.47200,-54.60200,162.07300
1521812081.16600,-0.00900,-0.02900,-0.02900,99.55300,-53.78700,162.88400
1521812081.16600,-0.01500,-0.03100,-0.03200,99.60700,-53.32700,163.31900
1521812081.52700,0.01700,-0.01500,-0.01100,99.61200,-53.84800,162.75400
1521812083.39100,0.02000,-0.00800,0.00100,99.59400,-54.15600,162.40500
1521812083.46900,-0.01000,-0.00300,-0.02000,99.55400,-53.71200,162.79000
1521812083.54800,-0.00900,-0.00400,-0.01800,99.54600,-53.63600,162.83100
1521812083.92300,0.01000,0.00200,-0.01600,99.54700,-54.11100,162.31500
1521812083.92300,0.02400,-0.00400,-0.01100,99.55800,-54.42100,161.97000
1521812083.92400,0.00300,-0.01000,-0.00300,99.39300,-55.35900,160.79000
1521812083.92500,0.00100,-0.00900,-0.00500,99.33200,-55.38500,160.71100
1521812084.44200,-0.01300,-0.04500,0.11000,99.13400,-54.80400,160.94100
1521812084.51800,0.00400,-0.01300,-0.03200,100.27600,-53.06200,163.61100
1521812084.81500,0.01500,-0.00600,-0.01100,100.18000,-53.33700,163.25100
1521812084.81500,0.01000,0.00300,-0.00100,100.11300,-53.63800,162.90900
1521812084.81600,-0.02200,-0.00700,-0.01000,100.02300,-53.72800,162.75500
1521812084.88600,0.00000,-0.00900,-0.01300,99.99900,-54.00400,162.41800
1521812084.96500,0.14800,0.00700,0.03400,99.47400,-58.15900,157.44900
1521812085.33200,-0.06700,-0.03000,-0.00700,99.40000,-56.18400,159.62400
1521812085.49000,-0.02000,-0.00200,-0.02700,99.42100,-50.98200,165.24500
1521812085.93500,0.01100,-0.00400,-0.01300,99.68400,-52.30900,163.88400
1521812086.30500,-0.05300,0.06100,-0.09200,99.92000,-48.19800,168.71300
1521812086.38100,0.01300,-0.00600,-0.01000,99.20800,-51.35900,165.05100
1521812086.83600,0.01800,-0.00400,0.00800,99.21400,-51.48700,164.97000
1521812086.83700,0.00200,0.01100,-0.00200,99.26900,-51.38000,165.23100
1521812086.83800,0.01000,-0.00600,-0.01500,102.24000,-51.58200,164.88900
1521812086.83900,0.00300,0.01200,-0.01600,100.33400,-48.16300,169.41900
1521812086.91000,0.02000,0.01200,0.01800,100.46100,-48.42500,169.14300
1521812086.91000,-0.01300,-0.02000,-0.02300,100.71900,-48.60200,169.03000
1521812086.98600,-0.01200,-0.01400,-0.01300,100.44700,-48.46300,169.06400
1521812087.80200,-0.00400,-0.01600,-0.01000,100.41200,-48.51600,169.00500
1521812087.80300,0.01700,0.00200,0.00700,100.35500,-48.86500,168.64100
1521812087.88700,-0.00600,-0.00700,-0.01100,100.31000,-48.64200,168.86000
1521812087.88700,0.00100,-0.01600,-0.00100,100.13900,-44.98200,172.35500
1521812087.88800,-0.01100,-0.02600,-0.02100,99.97700,-45.47400,171.84600
1521812087.88800,0.01000,-0.06100,-0.08200,98.54800,-50.32500,166.39800
1521812088.32600,0.02600,-0.01800,0.01100,98.35100,-50.82700,165.79100
1521812088.56000,-0.04200,0.02900,0.08500,97.73900,-49.39000,167.19600
1521812089.74500,-0.03800,0.01700,-0.07000,97.72100,-46.62900,169.99500
1521812089.74500,0.00400,-0.01100,0.00100,98.53800,-47.25300,169.43300
1521812089.89900,0.01700,-0.00500,-0.02000,99.31800,-45.26400,171.51800
1521812090.72200,-0.01100,-0.09300,0.05800,99.41500,-44.98700,171.48000
1521812090.72300,0.01200,-0.00400,-0.01600,100.48700,-42.13500,174.80000
1521812090.72400,0.01100,-0.00300,0.02900,98.72400,-41.40200,174.97900
1521812090.72500,-0.02300,0.02500,0.02200,98.62000,-41.82400,174.60100
1521812092.36700,0.01300,-0.00300,0.01300,99.80000,-41.49500,175.22500
1521812092.81700,-0.02500,-0.01900,-0.01900,99.81000,-40.53600,176.20000
1521812092.81700,-0.01200,-0.00400,0.00000,99.82600,-40.45000,176.29500
1521812093.10200,-0.00400,-0.00900,0.00600,99.88200,-40.30600,176.47000
1521812093.26400,0.00100,-0.00800,0.00500,99.93500,-40.11000,176.70000
1521812093.26400,0.00500,-0.00900,-0.01200,100.02200,-39.76100,177.12100
1521812093.62600,0.00900,0.01400,0.00300,100.05600,-40.45200,176.59000
1521812093.70900,-0.02000,0.02400,-0.02700,101.17800,-36.99200,-179.81500
1521812093.70900,0.02100,-0.06200,0.13600,101.34000,-37.34600,179.81400
1521812093.78400,0.03500,0.00300,-0.02500,101.44200,-38.92600,178.17900
1521812094.07500,0.01200,0.01500,0.00000,101.41500,-39.48000,177.57900
1521812094.23100,-0.02500,0.02100,-0.00100,101.51700,-37.20900,179.77600
1521812094.60200,0.00300,-0.00300,-0.12100,101.63400,-35.63900,-178.78000
1521812094.60200,-0.02600,0.01600,-0.01200,101.84600,-34.60100,-177.76600
1521812094.75800,-0.00600,-0.06100,-0.00900,103.44400,-34.38600,-176.69000
1521812094.75800,0.00000,-0.03000,-0.01700,102.05500,-39.38000,178.25100
1521812095.04400,0.01000,-0.01400,0.00200,101.93900,-39.51500,178.06600
1521812095.12400,-0.03400,-0.10700,-0.07500,101.69700,-40.32300,177.97200
1521812095.57500,-0.00900,-0.01900,-0.01000,100.79900,-40.57000,176.83900
1521812095.57600,0.00200,-0.01200,0.01900,100.58000,-40.59700,176.62800
1521812095.57700,0.00000,-0.00500,0.02000,100.48100,-40.36200,176.78200
1521812096.46400,-0.00700,-0.00500,0.01500,100.41000,-40.03200,177.05000
1521812096.54900,0.01500,0.00300,-0.00500,100.46600,-40.84100,176.09800
1521812096.55000,-0.00700,-0.02400,-0.02100,100.49500,-39.63200,177.65700
1521812096.55100,-0.01000,-0.03000,-0.02600,100.44500,-39.12300,178.16300
1521812096.55200,0.01100,-0.00700,-0.00900,100.61300,-38.17000,178.83400
1521812096.62400,0.01300,-0.06700,0.10100,100.57300,-38.54300,178.48100
1521812096.62400,0.03400,-0.01000,-0.01800,100.51500,-39.00500,178.15100
1521812097.14600,0.01100,0.00200,0.00000,100.71600,-35.73300,-178.49000
1521812097.22300,-0.00100,0.00100,-0.00700,100.66800,-35.75300,-178.58900
1521812097.52300,0.00900,-0.00700,-0.01200,100.59700,-36.00400,-179.01200
1521812097.52300,0.00700,-0.02200,-0.01000,100.52700,-36.30100,-179.39700
1521812097.52300,-0.01700,0.01700,-0.03500,98.39700,-36.31900,-179.58700
1521812097.52400,0.00800,-0.00700,-0.00800,99.47800,-36.47800,-179.63300
1521812097.59100,0.01900,-0.00400,-0.00100,100.02000,-35.07700,-178.23000
1521812097.67200,0.02400,-0.00800,0.00200,100.01700,-35.73900,-178.85700
1521812097.67200,-0.01500,-0.01900,-0.02500,99.92000,-36.66000,-179.79000
1521812097.95800,0.01300,-0.01600,-0.00100,99.88900,-37.09600,179.72800
1521812098.03700,0.00200,-0.01700,-0.00500,100.27900,-38.35400,178.51400
1521812098.11800,0.01400,-0.02200,0.00500,100.38700,-38.70400,178.18200
1521812098.19400,0.01900,-0.00400,0.03300,100.14400,-40.77500,175.91100
1521812098.49100,-0.00200,-0.01100,0.01900,100.02700,-41.62700,175.05600
1521812098.49200,0.01900,0.01000,-0.01300,100.00900,-42.40800,174.37300
1521812098.49300,0.02700,-0.00200,-0.00800,100.87600,-40.04300,177.15800
1521812098.49400,0.01600,0.00200,-0.00400,100.89000,-40.14800,177.09400
1521812098.65000,-0.00300,-0.01600,-0.01200,100.89600,-39.97900,177.31900
1521812098.65000,0.00400,-0.00300,-0.00700,100.90900,-39.95200,177.38800
1521812098.65000,0.00700,-0.00400,0.00300,100.96800,-40.10000,177.29200
1521812098.65100,-0.00300,-0.01000,-0.00500,101.06700,-39.74500,177.72600
1521812098.93200,0.00100,-0.01200,-0.02400,101.15800,-39.39700,178.12400
1521812099.01000,0.03900,0.02200,0.01600,100.71600,-37.42100,-179.58900
1521812099.08800,-0.02500,-0.00900,-0.04100,100.81800,-36.56800,-178.75900
1521812099.16600,0.01200,-0.02100,-0.00700,100.92400,-38.73300,178.46800
1521812099.62200,0.00000,-0.03200,-0.01900,100.78200,-38.73000,178.36500
1521812099.62300,-0.00800,-0.02900,-0.01900,100.48400,-38.80700,178.13800
1521812099.62300,0.00100,-0.02800,-0.00200,100.24800,-39.01500,177.82200
1521812099.62300,0.00900,0.03500,0.04500,99.54500,-38.05000,178.52000
1521812100.06000,0.02000,-0.05000,0.05100,99.62400,-37.54700,179.12700
1521812100.59300,0.01000,0.02500,-0.03700,99.76400,-39.45800,177.70000
1521812100.59400,-0.00400,-0.01700,-0.01900,100.53700,-36.44400,-179.05900
1521812100.59400,0.01500,-0.01400,-0.01100,100.57100,-36.47000,-179.16600
1521812100.95300,-0.00900,0.00400,0.00800,100.59100,-35.09300,-178.28400
1521812101.11000,-0.00900,0.01200,0.01700,100.79600,-37.76000,179.12100
1521812101.18700,-0.00100,0.03900,-0.05900,100.80600,-35.99500,-178.98600
1521812101.39700,0.00100,-0.00500,-0.00100,100.86700,-35.23400,-178.25000
1521812102.08000,0.02000,0.00000,-0.01000,100.97700,-35.27400,-178.32800
1521812102.15900,-0.00100,-0.01600,-0.01500,101.27100,-35.70600,-178.68100
1521812102.45500,0.00000,-0.01300,-0.01100,101.30200,-35.93600,-178.89500
1521812102.45600,-0.01000,-0.02200,-0.01200,101.35500,-35.97900,-178.93300
1521812102.45700,-0.00100,-0.01700,-0.01700,101.40300,-35.70300,-178.68500
1521812102.45800,0.02100,0.00700,0.03900,100.64400,-37.62900,178.88300
1521812102.52500,-0.01700,-0.00400,0.01500,100.45800,-36.93600,179.54600
1521812102.61400,-0.00300,0.04500,-0.04900,100.53400,-36.57900,-179.43300
1521812102.61500,-0.01300,0.00000,-0.02000,100.55300,-35.90100,-178.73000
1521812102.61600,-0.00300,-0.03200,-0.01900,101.14900,-36.12700,-179.49500
1521812102.61700,-0.00900,-0.04100,-0.00900,100.96800,-36.35200,-179.83200
1521812102.69300,-0.01000,-0.03200,-0.00100,100.59800,-36.32600,179.98600
1521812102.69400,-0.00400,0.00100,0.05900,100.19700,-36.52600,179.58700
1521812102.69400,-0.01100,-0.01700,-0.01200,101.35900,-36.08100,-179.18300
1521812102.69500,0.00600,0.01400,-0.01400,100.65900,-37.75200,179.26700
1521812102.76200,-0.01500,-0.00100,-0.02800,100.81000,-36.42700,-179.35700
1521812102.98100,0.03700,-0.01500,-0.01500,100.98200,-36.52500,-179.41000
1521812102.98100,0.05600,0.00100,0.01700,101.06300,-37.54900,179.59400
1521812102.98200,-0.02100,-0.01500,-0.01900,101.83300,-36.33300,-179.27400
1521812102.98300,-0.01400,-0.00300,0.00300,101.68400,-36.23800,-178.96700
1521812103.13100,-0.01000,-0.02100,0.00600,101.64800,-36.83500,-179.51300
1521812103.34700,0.00600,-0.01800,-0.01700,101.58600,-35.97500,-178.80400
1521812103.34800,-0.00700,-0.01900,-0.01800,101.80500,-35.38300,-178.55400
1521812103.34900,-0.00200,-0.01900,-0.01600,101.70200,-35.49800,-178.76900
1521812103.34900,-0.01200,0.00800,-0.07400,100.69100,-35.19100,-178.16500
1521812103.50500,-0.00600,0.01000,0.01300,100.72700,-34.91500,-177.81100
1521812103.50500,0.01300,-0.00400,-0.02000,100.85700,-34.67600,-177.53800
1521812103.50500,0.02900,-0.00500,-0.01400,100.95400,-34.72400,-177.54200
1521812103.94400,-0.00800,-0.01400,-0.02000,101.20500,-35.55800,-178.25200
1521812104.10300,0.00200,-0.01200,-0.00600,101.28300,-36.00000,-178.71900
1521812104.30900,0.00200,-0.02600,-0.02700,101.35700,-35.92300,-178.67500
1521812104.39900,0.00900,-0.02600,-0.03300,101.46400,-35.47000,-178.31700
1521812104.40000,0.02000,-0.02400,-0.02500,101.56100,-35.29800,-178.27500
1521812104.40100,0.01900,-0.00800,-0.01100,101.58700,-35.24600,-178.32100
1521812104.40100,-0.01800,-0.00900,-0.01100,101.57000,-34.85000,-178.04800
1521812104.47600,-0.01200,-0.00400,-0.00900,101.55600,-34.72500,-178.00100
1521812104.47700,0.01600,0.00500,0.01700,101.55200,-34.70000,-178.08400
1521812104.47800,-0.02500,-0.00700,-0.01300,101.54700,-34.03600,-177.49600
1521812104.47800,0.01700,-0.01300,0.00900,101.56500,-35.25800,-178.81500
1521812104.62700,-0.00600,-0.01500,-0.02100,101.51800,-34.82300,-178.39200
1521812104.91500,0.00700,-0.03900,-0.01900,101.47000,-34.66900,-178.24400
1521812105.28400,0.01400,-0.00600,0.01900,101.36000,-35.23300,-178.79500
1521812105.37100,0.00000,-0.01100,-0.00300,101.27500,-32.73500,-176.67800
1521812105.37100,-0.00200,-0.02500,-0.00600,101.41700,-33.14800,-177.12300
1521812105.37200,-0.00400,-0.01900,-0.01000,101.43900,-32.96900,-176.95400
1521812105.37200,0.01200,-0.02000,-0.00700,101.45200,-32.79900,-176.79400
1521812105.43800,0.00400,-0.01200,-0.01000,101.45200,-32.59900,-176.58800
1521812105.80700,-0.00100,-0.00500,-0.00800,101.30700,-32.56100,-176.48300
1521812105.88700,0.01600,-0.00300,-0.00300,101.26400,-33.05000,-176.95200
1521812106.04400,0.01000,-0.01500,-0.01000,101.15400,-33.55700,-177.39200
1521812106.33700,0.00200,-0.01500,-0.00800,101.15000,-34.54200,-177.98300
1521812106.33700,-0.01000,-0.00400,-0.00500,100.99900,-33.61200,-177.23400
1521812106.70200,0.00500,-0.01200,0.00100,100.82900,-34.82300,-178.48500
1521812106.85900,0.02400,-0.00500,0.02400,100.69500,-35.34500,-178.99000
1521812107.23300,-0.03000,-0.00900,-0.04200,100.62600,-35.09900,-178.69000
1521812107.23300,-0.00500,0.01000,0.00400,100.52600,-35.05700,-178.58800
1521812107.23400,0.02000,0.00300,0.03200,100.46000,-35.31800,-178.76900
1521812107.23500,0.00000,0.00600,-0.03900,100.45200,-34.52900,-177.89900
1521812107.90900,-0.01800,0.00000,-0.01900,100.45800,-33.68000,-177.00300
1521812108.27700,-0.00300,-0.00400,-0.00700,100.49600,-33.94900,-177.26500
1521812108.27800,0.03300,-0.01800,0.00800,100.56500,-34.84300,-178.09700
1521812108.72200,-0.00800,-0.00300,-0.01200,100.74800,-35.08600,-178.30000
1521812108.80000,-0.00200,0.00300,-0.00700,100.52100,-34.90900,-178.69500
1521812109.04400,-0.00900,-0.01300,-0.02400,101.02900,-33.99800,-177.31200
1521812109.04400,0.00900,-0.01700,-0.00600,101.06100,-33.98500,-177.36500
1521812109.04500,0.00400,-0.01200,-0.00600,101.07300,-33.96800,-177.46200
1521812109.04600,0.00600,-0.01200,-0.00900,101.05900,-33.81600,-177.43300
1521812109.16600,0.00200,0.00000,0.00200,101.03200,-33.73300,-177.41600
1521812109.70100,-0.02300,-0.01700,-0.01700,101.00700,-33.35600,-177.10500
1521812109.70100,-0.00200,-0.01900,-0.01800,100.56000,-33.78700,-177.34300
1521812109.70200,0.00200,-0.03500,0.00600,100.54100,-33.81600,-177.35600
1521812109.70300,0.00000,-0.01200,-0.00700,100.91700,-33.62500,-177.34100
1521812109.77200,-0.00200,-0.01600,-0.00400,101.02000,-33.85500,-177.79900
1521812110.00600,0.00000,-0.00900,-0.00100,101.01600,-33.87700,-177.83700
1521812110.13800,0.04100,0.00700,-0.02100,100.40300,-35.04400,-178.56700
1521812110.21900,-0.03100,-0.01900,-0.03100,100.74400,-34.67100,-178.07400
1521812110.22000,0.00900,-0.01400,-0.00700,100.67100,-35.51700,-179.09600
1521812110.46500,0.00900,-0.01300,-0.00800,100.63500,-35.85000,-179.40400
1521812110.46500,-0.01800,-0.01500,-0.02600,100.58900,-35.52400,-179.07400
1521812110.46500,-0.00600,-0.00800,-0.02200,100.49300,-35.64800,-179.19400
1521812110.46500,0.00900,-0.01300,-0.02900,100.84700,-33.99200,-177.11600
1521812110.91100,0.01300,-0.02000,-0.00700,101.60200,-34.33800,-176.77000
1521812110.91100,-0.02500,0.02000,-0.03300,100.65900,-34.56000,-177.27900
1521812110.91100,0.02600,0.03900,-0.01700,100.55500,-33.19200,-175.72800
1521812110.98600,-0.00400,-0.02400,-0.00600,100.88400,-33.38200,-176.03300
1521812110.98700,-0.01100,-0.01500,-0.01200,100.90300,-33.37800,-175.99800
1521812110.98800,-0.00700,-0.01400,-0.01400,100.92800,-33.40400,-175.97700
1521812110.98900,0.00600,-0.01200,-0.00600,100.93600,-33.49600,-176.02800
1521812111.27500,0.00100,0.00400,-0.00700,100.92900,-32.88900,-175.47700
1521812111.27600,0.01300,-0.00200,-0.01400,100.88900,-32.55000,-174.87100
1521812111.27700,-0.00500,-0.01400,-0.01700,100.94400,-32.45100,-174.76600
1521812111.27700,0.00900,0.00200,-0.00500,101.05900,-33.06800,-175.37100
1521812111.43400,-0.00300,-0.01900,-0.00300,101.15200,-33.22000,-175.52000
1521812111.43400,0.00200,-0.01100,-0.01100,101.43500,-32.96300,-175.36900
1521812111.43500,0.00900,-0.00400,-0.01600,101.43700,-32.19400,-174.76400
1521812111.50300,0.00300,-0.01400,-0.00100,101.24900,-34.22300,-176.88600
1521812111.79200,-0.06500,0.00000,-0.00800,101.05500,-31.80400,-174.17300
1521812111.87100,0.00400,-0.01800,-0.00700,101.48600,-33.37800,-175.77800
1521812111.95800,-0.00700,-0.01900,-0.01100,101.57700,-33.87600,-176.27300
1521812111.95800,-0.01700,-0.02300,-0.02300,101.65500,-34.57300,-177.03100
1521812111.95900,0.00100,-0.02400,-0.02600,101.71200,-35.51400,-178.02600
1521812111.96000,0.00900,0.01100,0.01700,102.23800,-50.03200,166.11500
1521812112.03900,-0.01000,0.01600,-0.01500,102.21700,-49.51700,166.68400
1521812112.04000,-0.00200,0.00300,-0.00200,102.20700,-48.00000,168.27700
1521812112.04000,0.00500,0.00200,-0.00500,102.21100,-47.26200,169.07600
1521812112.04000,0.00600,-0.01400,0.00400,102.18200,-46.88500,169.55400
1521812112.23800,0.00800,-0.01600,-0.01900,102.16600,-46.99000,169.50000
1521812112.47500,0.00800,-0.01700,-0.01100,102.14700,-47.32500,169.24100
1521812112.68600,0.00400,-0.00200,-0.02500,102.13100,-47.33200,169.31600
1521812112.76500,0.01400,-0.00500,-0.00100,102.40700,-43.21600,173.45600
1521812112.92100,0.01100,-0.02700,-0.01600,102.44800,-42.81800,173.84400
1521812113.21900,-0.00800,-0.02200,-0.01500,102.47000,-42.19000,174.45200
1521812113.21900,0.00100,-0.02600,-0.00200,102.47100,-42.30700,174.34000
1521812113.22000,0.01900,0.00200,-0.01100,102.50700,-42.01600,174.62700
1521812113.22100,-0.01200,-0.01000,-0.00700,102.49000,-40.95900,175.65800
1521812113.29100,-0.00300,-0.01300,-0.00600,102.49200,-39.98400,176.60600
1521812113.57700,0.02300,-0.01100,0.01100,102.50900,-39.91200,176.67500
1521812113.89100,0.02200,-0.00700,0.01900,102.51400,-39.85300,176.81600
1521812114.02400,0.00200,-0.00300,-0.00200,101.97100,-39.99600,177.12500
1521812114.18400,-0.01000,0.00800,-0.00500,101.91100,-39.78300,177.37600
1521812114.18400,0.01900,-0.00400,-0.02400,102.01000,-38.43100,178.69500
1521812114.34400,0.01500,0.00200,-0.00100,102.07500,-38.28500,178.81600
1521812114.34400,0.01000,-0.01100,-0.02100,102.12900,-38.21900,178.84300
1521812114.54900,0.00800,-0.02300,0.00000,102.21000,-38.24100,178.73600
1521812114.70600,0.01600,-0.01800,-0.00800,102.29100,-38.46200,178.45100
1521812115.52200,0.00200,-0.01400,-0.00500,102.32700,-38.54300,178.34100
1521812115.96600,-0.01600,-0.02800,-0.01700,102.35000,-38.20400,178.63300
1521812116.20200,-0.00400,-0.01200,-0.00400,102.34600,-38.09500,178.70100
1521812116.28100,-0.00300,-0.00600,0.00500,102.28900,-38.23000,178.45300
1521812116.36000,0.02500,0.00900,0.02000,101.98800,-38.81700,177.95000
1521812116.57000,-0.00300,0.00200,0.02800,101.83600,-36.73200,-179.75900
1521812116.65000,0.00900,-0.00700,-0.01000,101.95900,-37.30000,179.63400
1521812116.93900,0.00800,-0.00400,-0.01100,101.96500,-37.90000,178.87700
1521812116.94000,-0.02100,-0.01400,-0.03100,101.90600,-36.36400,-179.66500
1521812118.06600,0.00000,-0.00300,-0.01200,101.87500,-36.53000,-179.86900
1521812118.43300,0.01300,-0.00200,0.00100,101.85500,-36.54200,-179.90300
1521812118.51300,-0.01100,-0.00800,-0.01500,101.85200,-36.36100,-179.74700
1521812118.96400,0.02500,-0.01300,-0.00800,101.94700,-36.72300,179.90900
1521812118.96500,0.03100,-0.00700,0.01500,102.10400,-31.19400,-174.25400
1521812118.96600,-0.01500,-0.01200,0.00400,101.58600,-34.48400,-178.18000
1521812119.04300,-0.01900,0.00000,0.00700,101.38400,-35.37000,-178.80900
1521812119.04300,-0.01700,0.00000,0.00500,101.24100,-35.07700,-178.28800
1521812119.32800,0.00800,0.01000,-0.08100,101.27700,-34.57300,-177.77800
1521812119.86000,0.00000,-0.02400,-0.00700,101.78200,-35.82400,-179.00800
1521812119.86100,0.00400,-0.02000,-0.01500,101.86800,-35.98200,-179.19800
1521812119.86200,0.00900,-0.00900,0.00500,101.79800,-34.89900,-178.51200
1521812119.86300,-0.01000,0.01800,-0.02300,101.49800,-34.96700,-178.29000
1521812120.37600,0.01800,0.00100,-0.01300,100.60400,-33.05400,-176.10600
1521812120.45500,0.01200,-0.00800,-0.00600,101.14800,-33.66400,-176.92500
1521812120.82700,0.00800,0.01300,-0.00100,100.96800,-30.69500,-173.69000
1521812120.82800,-0.00400,-0.00300,-0.04000,101.07600,-29.82700,-172.83600
1521812120.82900,0.01500,-0.01200,0.01200,101.40000,-30.88200,-174.00700
1521812120.91000,-0.00800,-0.01100,-0.02300,101.23100,-29.76500,-173.01100
1521812120.91000,-0.01000,-0.00900,-0.03500,101.21800,-29.78600,-173.05800
1521812120.91100,0.02300,-0.03000,-0.01200,100.89000,-33.53800,-177.16200
1521812120.91200,-0.01700,-0.01100,-0.01500,100.82400,-33.45100,-177.06200
1521812122.77300,0.00200,-0.01400,-0.01300,101.48700,-39.63700,176.58800
1521812122.77400,0.03600,-0.07200,0.05800,101.43500,-32.13100,-175.19300
1521812122.77500,0.08300,-0.00800,0.04700,101.59800,-34.32700,-177.29900
1521812122.77600,0.04000,-0.02800,-0.01500,100.95500,-36.29200,-179.55200
1521812122.93100,-0.02100,-0.04000,-0.04900,100.70300,-35.97600,-179.37600
1521812122.93200,0.00700,-0.02100,0.00700,100.07400,-36.18000,-179.83400
1521812122.93300,-0.02200,0.00500,0.00100,99.72800,-35.63000,-179.46000
1521812122.93300,-0.01300,0.04700,-0.00200,99.38100,-34.40300,-178.38900
1521812123.21100,-0.01600,-0.03200,-0.03400,100.01900,-35.41700,-178.35600
1521812123.74600,0.00900,0.00400,-0.01200,100.24300,-33.01700,-176.20500
1521812123.74600,-0.00500,0.00100,-0.02200,100.29900,-32.36500,-175.55400
1521812123.74600,0.01200,-0.00500,-0.01300,100.37400,-32.22600,-175.43800
1521812123.74700,0.00800,-0.00600,-0.01100,100.41500,-32.24700,-175.45200
1521812124.71600,0.02400,-0.01000,-0.00300,101.12000,-30.08400,-172.46000
1521812124.71600,0.00300,-0.00600,-0.02100,101.13100,-29.78800,-172.17300
1521812124.71700,-0.01300,-0.05300,0.10800,100.83500,-31.28000,-174.26500
1521812124.71800,0.05300,-0.00800,0.01000,100.86700,-32.78000,-175.65200
1521812124.78800,-0.02500,-0.00900,-0.06200,100.80800,-31.27500,-173.76900
1521812124.78900,-0.01000,0.02100,-0.05200,100.80500,-31.28300,-173.65700
1521812125.23200,0.01800,-0.00300,0.11800,100.82300,-31.77500,-174.15500
1521812125.68200,0.00500,-0.00700,-0.07000,100.90400,-30.96600,-173.34400
1521812125.68300,0.00100,-0.04900,-0.01000,101.05000,-29.87500,-172.23800
1521812126.12500,0.02100,-0.00600,-0.00800,102.12500,-33.42300,-176.16500
1521812126.65200,-0.00100,-0.00300,0.00000,102.12000,-33.72000,-176.45300
1521812126.65300,-0.02300,-0.00100,-0.00900,102.12600,-33.61800,-176.35400
1521812126.96500,-0.00600,-0.01300,-0.01200,102.20400,-33.66500,-176.40500
1521812127.33100,0.02000,-0.02000,-0.01200,102.39500,-33.97500,-176.79200
1521812127.70500,-0.00900,-0.03400,-0.02700,102.33700,-33.82100,-176.67500
1521812127.70600,-0.03000,-0.02600,-0.03600,102.22800,-33.13700,-176.08100
1521812127.70600,0.00100,-0.02000,-0.01600,102.09600,-33.24000,-176.30600
1521812128.75400,-0.03200,0.01700,-0.06900,100.80200,-30.89700,-173.73400
1521812128.75400,0.00400,-0.01200,-0.00700,101.16800,-33.23300,-176.48200
1521812128.90900,0.01800,0.00000,-0.00600,101.16500,-33.60600,-176.84500
1521812129.03800,-0.00300,-0.01300,-0.02600,101.13000,-33.41000,-176.64000
1521812129.11900,-0.01100,-0.01700,-0.03100,101.07000,-33.61200,-176.87300
1521812129.36600,0.00400,-0.00800,0.00100,101.30300,-33.30600,-176.25000
1521812129.36600,0.00200,-0.00800,0.00400,101.34100,-33.34100,-176.29800
1521812129.36600,-0.00900,-0.01600,-0.01800,101.41800,-33.46700,-176.43400
1521812129.36600,0.00500,-0.00600,-0.01700,101.46400,-33.97900,-176.95500
1521812130.54500,0.00400,-0.00400,-0.02600,101.49100,-34.92400,-177.88800
1521812130.54600,0.01500,-0.00400,-0.01500,101.46100,-35.42700,-178.41900
1521812130.54600,0.01700,-0.01100,-0.01700,101.49600,-34.18300,-176.88600
1521812130.54600,-0.03800,-0.02700,-0.05300,100.83700,-33.10100,-175.81500
1521812130.69200,-0.01600,0.04800,-0.05400,100.66000,-32.88900,-175.55400
1521812130.99000,-0.03200,-0.01500,-0.03700,101.37300,-33.92800,-176.82800
1521812130.99000,-0.02100,-0.03100,-0.02900,101.19400,-34.32600,-177.15900
1521812130.99100,0.00800,-0.00300,0.00300,101.16600,-34.90200,-177.74100
1521812131.07000,-0.00100,0.00300,0.00800,101.30400,-32.62400,-175.38200
1521812131.07000,0.00800,-0.00500,-0.01900,101.73900,-33.17500,-175.92700
1521812131.07000,-0.02500,-0.01100,-0.03000,101.69200,-32.71000,-175.53100
1521812131.07300,-0.01200,-0.01600,-0.02300,101.71900,-32.62900,-175.61800
1521812131.14700,0.01700,-0.00400,-0.00100,100.92100,-34.03500,-177.39900
1521812131.14800,0.01100,0.01000,0.17500,100.66800,-34.56000,-177.59100
1521812131.14900,0.06100,0.02200,0.01100,100.75700,-33.87700,-176.88000
1521812131.51400,0.00900,-0.02800,-0.01900,101.66700,-34.35800,-177.38000
1521812131.51400,0.01200,-0.00800,-0.00600,101.65400,-34.38700,-177.42800
1521812131.51500,-0.00400,0.00600,0.00700,101.57800,-34.19400,-177.22200
1521812131.51600,-0.02200,-0.01000,-0.01300,101.54400,-33.93400,-176.94300
1521812131.66400,0.00100,-0.00500,-0.01800,101.51900,-34.34400,-177.34300
1521812132.03900,0.02100,-0.01700,-0.00200,100.55200,-37.08800,179.62700
1521812132.03900,0.03900,0.00200,-0.01400,100.46100,-37.81100,178.97400
1521812132.04000,0.00800,-0.00900,-0.01900,100.41800,-36.40500,-179.46900
1521812132.18900,-0.01500,0.02100,-0.04800,100.34700,-33.75900,-176.59800
1521812132.34700,0.00400,-0.03700,-0.04600,101.02600,-31.82700,-174.35600
1521812132.47900,-0.02000,-0.00700,-0.01900,100.98800,-30.36400,-173.25300
1521812133.00900,0.00200,-0.00900,0.00100,100.92900,-30.90200,-173.80300
1521812133.01000,-0.00400,-0.01000,-0.00500,100.91700,-30.85800,-173.75900
1521812133.01000,-0.00700,-0.02200,-0.01800,100.91600,-30.71400,-173.64000
1521812133.08700,0.01400,-0.01400,-0.00100,100.92000,-30.68500,-173.61100
1521812133.08800,-0.00300,-0.01300,-0.00500,100.91600,-30.50200,-173.42800
1521812133.08900,0.00000,-0.00100,-0.00400,100.88300,-30.35000,-173.25600
1521812133.45700,-0.00700,-0.00200,-0.01900,100.89300,-30.57400,-173.44300
1521812133.45800,-0.00200,0.00000,-0.01900,100.90400,-31.13200,-173.98200
1521812133.45900,0.01600,0.00100,-0.02200,100.92700,-32.15700,-174.99200
1521812133.53500,0.00900,-0.01200,-0.01800,100.98400,-32.38200,-175.25100
1521812133.53600,-0.00800,0.02300,-0.03600,100.72900,-30.98100,-174.03500
1521812133.53600,0.05600,0.05100,-0.06600,100.78100,-29.98600,-173.01800
1521812133.60600,-0.00900,0.00100,-0.00800,100.84400,-29.20100,-172.23100
1521812133.89500,-0.00700,-0.00300,-0.03800,100.95100,-28.86500,-171.86100
1521812134.86600,0.02500,0.00000,-0.00200,101.13400,-30.25700,-173.47400
1521812135.40000,-0.01800,-0.01400,-0.02000,101.11800,-29.88200,-173.14600
1521812135.40100,0.01400,-0.01500,0.00600,101.18900,-30.25200,-173.61200
1521812135.40200,0.03100,0.03500,-0.00300,100.87900,-29.13500,-171.98800
1521812135.40300,0.00200,-0.01100,-0.00500,101.23600,-30.79300,-173.61400
1521812135.54900,-0.00100,-0.00400,-0.01400,101.41200,-29.54900,-172.58900
1521812135.92600,0.05800,-0.05400,0.20400,99.04300,-32.56600,-176.18500
1521812135.92600,0.04900,0.00600,-0.14700,98.94700,-30.64300,-174.17700
1521812135.92600,0.00700,0.02500,0.02300,98.82500,-29.99500,-173.41700
1521812135.92700,0.00600,0.04100,-0.01900,99.01700,-29.31400,-172.55800
1521812135.99400,-0.02000,0.00100,-0.00800,99.25600,-28.48100,-171.73600
1521812136.37200,0.03600,0.01400,-0.02200,99.40800,-28.63900,-171.93600
1521812136.37200,-0.01600,-0.01200,-0.01700,100.32000,-29.02600,-172.46800
1521812136.37200,-0.00600,0.00100,-0.00800,100.26900,-28.40900,-171.86600
1521812136.37200,0.00300,-0.00200,-0.01500,100.25500,-27.99400,-171.45800
1521812136.44900,0.02400,0.00900,0.01400,100.25800,-28.27500,-171.73200
1521812136.45000,0.01400,0.00400,0.01100,100.30200,-28.29300,-171.71900
1521812136.45000,-0.02500,-0.00600,-0.03500,100.39000,-27.67700,-171.02500
1521812136.45100,0.01400,-0.00700,-0.01700,100.46100,-27.84700,-171.16700
1521812136.52000,0.01700,-0.00500,-0.01300,100.52700,-28.92900,-172.19200
1521812136.82000,0.00700,-0.00800,-0.02100,100.57900,-26.61900,-169.96200
1521812136.82000,-0.01300,-0.01400,-0.02000,100.60700,-26.67900,-170.04100
1521812136.82000,0.01900,-0.01500,0.00000,101.41000,-32.69500,-175.99900
1521812136.82100,0.00500,-0.08700,-0.00300,100.89700,-33.74700,-177.25900
1521812137.33600,0.15000,-0.01800,-0.16200,100.95600,-35.29200,-178.68100
1521812137.41800,0.01500,0.01200,-0.00100,100.87700,-35.72900,-179.02200
1521812137.41900,-0.00800,0.03200,-0.06600,100.72700,-33.76500,-176.78400
1521812137.41900,-0.00200,-0.02800,-0.01600,101.42000,-33.32300,-176.26800
1521812137.86700,-0.00400,-0.00500,-0.02200,101.28100,-32.02200,-175.30900
1521812137.86800,0.01100,-0.00600,-0.00200,101.24200,-32.52400,-175.85800
1521812137.86900,0.00200,-0.00300,0.00800,101.20400,-32.67700,-176.03300
1521812137.86900,-0.01600,-0.01000,-0.01200,101.17000,-32.46200,-175.84300
1521812137.94300,0.01700,-0.01800,-0.01800,101.27200,-32.38500,-175.63100
1521812137.94400,-0.04400,-0.00100,-0.04000,101.46300,-27.62000,-170.85900
1521812137.94500,-0.03300,-0.00100,-0.05100,101.59300,-26.56800,-169.78600
1521812138.31400,0.04400,-0.02900,0.00100,101.68400,-27.23600,-170.41700
1521812138.31400,0.03100,-0.02200,-0.00600,101.69900,-27.26200,-170.42800
1521812138.31500,-0.02100,-0.02400,-0.03900,101.63100,-26.38300,-169.55500
1521812138.31600,-0.03400,-0.01900,-0.03800,101.57200,-26.27400,-169.45700
1521812138.38600,0.01700,-0.00500,0.01500,101.54600,-27.22700,-170.43800
1521812138.38700,0.01100,0.00000,-0.00300,101.57700,-27.53300,-170.74800
1521812139.81100,0.04000,-0.00300,0.01400,101.59500,-28.75300,-172.03000
1521812139.81100,0.00400,0.00600,0.01300,101.15600,-30.90700,-174.45800
1521812139.81200,-0.00600,0.00000,-0.00100,101.14700,-30.90100,-174.47800
1521812139.81200,0.02200,-0.07600,0.12800,101.15200,-31.35900,-174.89500
1521812140.25700,-0.00400,0.00700,-0.01500,101.09200,-32.17000,-175.59500
1521812140.25700,0.00700,-0.02900,-0.01000,101.38300,-29.67000,-173.27100
1521812140.25800,0.04200,-0.03300,0.04000,101.33200,-29.92200,-173.54500
1521812140.25900,0.02200,-0.02000,0.03400,101.23600,-29.86900,-173.41800
1521812140.32500,-0.02600,-0.00800,-0.02000,101.17100,-29.00200,-172.41200
1521812141.22800,0.00400,-0.02000,-0.00600,101.33000,-29.26200,-172.36700
1521812141.22900,-0.02700,-0.02200,-0.04000,101.33700,-28.86900,-171.99300
1521812141.22900,0.01500,-0.02000,-0.01700,101.32100,-28.69300,-171.88400
1521812141.23000,0.03200,-0.00700,-0.00200,101.27800,-28.79200,-172.03600
1521812141.30100,0.01100,-0.01100,-0.01100,101.23100,-28.39900,-171.66500
1521812141.30100,-0.02300,-0.01500,-0.03900,101.16200,-27.53800,-170.85700
1521812141.74400,0.02700,0.00400,0.00300,101.08600,-27.92900,-171.36100
1521812142.27800,0.05900,0.05800,0.02300,100.71200,-26.38900,-169.50600
1521812142.27800,-0.01400,-0.00500,-0.02300,100.81800,-25.52100,-168.63000
1521812142.27900,0.01100,-0.01100,-0.03600,100.99800,-25.30600,-168.39400
1521812142.28000,-0.02200,-0.02500,-0.03200,101.08500,-26.08600,-169.20000
1521812143.10800,-0.01800,-0.01400,-0.02900,101.03700,-26.28300,-169.44400
1521812143.47500,0.03700,-0.00400,-0.03700,101.13300,-27.42700,-170.89400
1521812144.09000,-0.03800,-0.02700,-0.03900,101.17400,-22.40500,-165.88600
1521812144.09100,-0.03000,-0.03500,-0.05700,101.18900,-20.28400,-163.86100
1521812144.09100,0.02000,-0.02900,-0.01000,101.18800,-21.23100,-164.85500
1521812144.09200,-0.01500,-0.02900,-0.02800,100.99400,-23.37700,-167.22800
1521812144.29000,0.00800,-0.01800,-0.01200,100.93900,-23.76300,-167.61700
1521812144.44800,0.00300,-0.01000,-0.01500,100.85400,-24.37800,-168.20900
1521812144.52600,-0.02400,-0.00500,-0.02800,100.78700,-24.73800,-168.55000
1521812144.97300,-0.01200,0.02700,-0.05900,100.35400,-24.62600,-167.99300
1521812145.05100,-0.00500,0.02100,0.05300,100.10500,-30.43400,-173.62000
1521812145.26100,-0.02600,-0.01700,-0.03500,100.24000,-30.09800,-173.29600
1521812145.34000,0.03700,-0.01600,-0.00100,100.32100,-31.04100,-174.24900
1521812145.41900,0.02900,-0.03500,-0.00100,100.42600,-32.39900,-175.55800
1521812145.50100,-0.01400,-0.03800,-0.02800,100.46800,-32.57000,-175.69700
1521812146.03100,-0.00900,-0.04100,-0.02800,100.51800,-33.10900,-176.22500
1521812146.03200,0.00300,0.00000,-0.01600,101.18100,-31.74300,-174.82200
1521812146.03300,0.00100,-0.02100,-0.03100,101.25100,-31.68300,-174.71400
1521812146.03400,0.03300,0.01200,-0.01800,100.96300,-31.89000,-174.98900
1521812146.39100,0.01600,-0.01600,-0.01400,101.06300,-31.76700,-174.89000
1521812146.99500,0.00700,-0.01800,-0.01600,101.16800,-31.32300,-174.48400
1521812147.44000,0.00800,-0.02800,-0.00700,101.22000,-31.46700,-174.62100
1521812147.89800,0.02000,-0.00100,-0.01000,101.82800,-37.59300,179.25100
1521812147.89800,0.07200,-0.03600,0.09300,102.09600,-37.24100,179.66700
1521812147.89800,0.01400,-0.03000,-0.01400,102.15700,-35.66700,-179.01400
1521812147.89800,0.01200,-0.04100,-0.00600,101.81200,-36.06300,-179.49600
1521812147.97500,-0.01600,-0.02100,-0.00400,101.35900,-36.07900,-179.59700
1521812147.97500,-0.00900,0.00700,0.01700,101.03200,-36.24900,-179.82500
1521812147.97500,-0.00300,-0.02600,-0.02000,101.18400,-33.83400,-176.83700
1521812147.97600,0.00800,-0.01400,0.00200,101.75700,-34.64000,-177.66000
1521812148.25400,-0.00800,-0.02700,-0.01200,101.80800,-34.20700,-177.29700
1521812148.33200,0.02700,-0.01300,-0.00200,101.96000,-33.00300,-175.85800
1521812148.41100,0.00700,-0.01100,-0.00800,101.92200,-33.02100,-175.90700
1521812148.63000,-0.02200,0.01900,-0.03200,101.72600,-32.39700,-175.49200
1521812148.63100,0.01200,0.00900,0.00800,101.82600,-32.69300,-175.76700
1521812148.63200,0.01000,-0.01600,-0.00200,101.89300,-33.49000,-176.42200
1521812148.63200,0.00500,-0.01600,-0.01300,101.90900,-33.65700,-176.51800
1521812148.78100,-0.00700,0.00800,-0.03600,101.44600,-36.22100,-179.65400
1521812148.86600,0.03200,0.03000,-0.03000,101.45400,-36.17700,-179.57900
1521812148.86700,0.02100,0.00900,-0.00300,101.50400,-35.41300,-178.69500
1521812148.86800,-0.03300,-0.02100,0.00400,101.49000,-34.14700,-177.19300
1521812148.86800,0.01000,-0.03200,0.00200,100.87400,-34.30400,-178.09300
1521812149.23300,0.00700,-0.03000,-0.01600,100.84700,-31.76300,-174.88700
1521812149.23400,-0.01000,-0.00400,-0.01500,101.17800,-31.12900,-174.72100
1521812149.23500,-0.00200,-0.03100,-0.01500,101.91600,-29.48700,-172.40200
1521812149.23600,0.01700,-0.01800,-0.00100,101.93600,-29.78900,-172.70400
1521812149.31200,0.02100,-0.01600,-0.00100,101.93100,-30.09000,-172.98900
1521812149.31300,0.00400,-0.01400,-0.01700,101.90600,-30.08300,-172.97800
1521812149.31400,0.01300,-0.01400,-0.01400,101.86500,-30.19500,-173.06200
1521812149.31500,-0.00700,-0.00100,-0.01600,101.82400,-30.38800,-173.21400
1521812149.38300,0.00100,-0.00700,-0.01000,101.83900,-30.68000,-173.48900
1521812149.91900,0.01800,0.00300,-0.00100,101.86400,-31.47600,-174.27000
1521812149.91900,-0.00700,-0.00600,-0.00900,102.10000,-39.36000,177.44100
1521812149.91900,-0.05200,-0.00900,-0.02300,101.92300,-37.42400,179.17700
1521812150.28400,-0.03500,0.01500,-0.04000,101.83500,-34.11300,-177.08900
1521812150.28500,0.02900,-0.00100,0.02000,101.94600,-34.93600,-177.96100
1521812150.28600,0.00800,-0.00400,0.00700,102.03100,-35.10500,-178.14900
1521812150.28600,0.00400,-0.03100,-0.00600,102.14600,-34.86100,-177.91500
1521812150.57500,0.01900,-0.00700,-0.01000,102.35100,-35.93100,-178.80100
1521812150.57500,-0.01100,-0.00600,-0.01000,102.33000,-35.64200,-178.51800
1521812150.57500,-0.01500,-0.01700,-0.02100,102.32500,-35.15700,-178.06400
1521812150.57500,0.00000,-0.00100,-0.01500,102.34000,-35.03000,-177.97200
1521812150.65200,0.01700,-0.00300,-0.00100,102.34600,-35.21700,-178.20000
1521812150.65300,0.01500,-0.00200,0.04400,101.98100,-35.14600,-177.96900
1521812150.65300,0.01200,0.01700,-0.05800,101.93200,-34.44300,-177.05700
1521812150.65400,-0.03100,0.00300,-0.04000,101.91700,-33.61200,-176.15400
1521812150.80900,0.02000,0.00700,-0.02400,101.97500,-33.13100,-175.60400
1521812150.80900,0.03900,0.00600,0.00000,102.03800,-33.50300,-175.94500
1521812150.81000,0.01000,-0.00700,-0.00300,102.15200,-33.37500,-175.77700
1521812150.81100,0.00200,-0.02100,-0.02300,102.24300,-33.20300,-175.60200
1521812150.93300,0.00300,-0.02800,-0.00600,102.28600,-33.45300,-175.84700
1521812151.09800,0.00400,-0.02000,-0.01800,102.36700,-33.76700,-176.24500
1521812151.09900,-0.00300,-0.01600,-0.02100,102.06400,-33.46200,-176.72400
1521812151.10000,-0.01600,-0.01000,-0.02700,101.95400,-32.78600,-175.94300
1521812151.10000,-0.00400,0.00500,-0.03300,101.91400,-32.15300,-175.22800
1521812151.91300,0.02600,0.00300,-0.00100,101.94300,-32.06900,-175.11800
1521812151.91300,0.00300,-0.00600,-0.02200,102.46000,-32.69600,-175.33000
1521812151.91300,0.01700,0.00000,-0.01000,102.48400,-32.63600,-175.30600
1521812151.91400,-0.00400,-0.00500,-0.01500,102.47500,-32.55000,-175.26600
1521812152.35000,0.00000,-0.00100,0.00000,102.46500,-32.60800,-175.36500
1521812152.43700,-0.02000,-0.01500,-0.02700,102.50200,-32.10200,-174.97600
1521812152.43800,0.00200,-0.01100,-0.00600,102.47600,-32.35200,-175.23300
1521812152.43800,0.02700,0.00700,0.01600,102.46600,-32.92000,-175.80000
1521812152.43800,0.00000,-0.01500,-0.00800,102.46200,-32.40300,-175.24900
1521812152.51500,-0.03100,-0.06600,0.05900,102.43500,-32.30900,-175.10400
1521812152.51600,0.01400,-0.00300,-0.00600,102.34900,-33.13800,-175.91900
1521812152.51700,0.00800,0.01000,-0.02500,102.28200,-32.91700,-175.58800
1521812152.51800,-0.03400,-0.02000,-0.04600,102.22600,-32.09300,-174.69700
1521812152.59400,0.05200,0.01500,-0.04000,102.26800,-32.21100,-174.84600
1521812152.59400,-0.02800,-0.01200,-0.01000,102.35100,-31.77800,-174.44600
1521812152.59500,0.01100,-0.02300,-0.00300,102.41100,-32.02900,-174.71700
1521812152.59600,0.01400,-0.01900,-0.00500,102.46400,-32.27600,-174.95100
1521812152.88200,0.00600,-0.01000,-0.01900,102.37900,-30.69700,-173.52300
1521812152.88300,0.00500,0.01000,0.01000,102.31300,-30.46300,-173.32700
1521812152.88300,-0.02600,-0.01000,-0.01700,102.29100,-30.23900,-173.10900
1521812152.88400,-0.01100,-0.01200,-0.02300,102.29000,-30.10900,-173.00500
1521812153.03900,0.02600,0.00100,0.00200,102.27200,-30.67800,-173.58900
1521812153.04000,0.02200,-0.00100,0.00900,100.86000,-28.26100,-171.57100
1521812153.04100,0.01600,0.00700,0.00600,100.81200,-28.28400,-171.60000
1521812153.04200,0.00000,-0.00200,-0.00200,100.80200,-27.86200,-171.18400
1521812153.39900,-0.00300,-0.00100,-0.00900,100.82000,-27.59600,-170.90600
1521812154.97400,0.01500,-0.02200,-0.03100,101.56300,-27.55800,-170.28500
1521812155.26400,0.02700,-0.01000,-0.01500,101.58500,-27.73000,-170.43800
1521812155.94400,0.00600,-0.01500,-0.01400,101.56000,-27.91400,-170.62100
1521812156.23400,-0.02300,-0.01200,-0.02000,101.52800,-27.48000,-170.19300
1521812156.76800,-0.01600,-0.00600,-0.01600,101.52600,-27.41600,-170.16000
1521812156.76800,0.00600,-0.00400,0.00200,101.56000,-27.55000,-170.34500
1521812156.76900,0.00700,-0.01900,-0.01200,101.60200,-27.37400,-170.19300
1521812156.77000,0.00400,-0.01300,-0.00800,101.63800,-26.91100,-169.74900
1521812157.36300,-0.02200,-0.02200,-0.02600,101.61500,-26.35500,-169.19900
1521812157.73100,-0.01100,-0.01700,-0.01800,101.57600,-26.43000,-169.29500
1521812157.88900,0.01300,-0.00900,-0.01800,101.53700,-26.89400,-169.79000
1521812158.70100,0.00800,0.00300,-0.01100,101.53900,-27.13600,-170.03800
1521812158.86100,0.00400,-0.01200,-0.01700,101.57400,-26.94600,-169.85800
1521812159.31200,-0.01300,-0.00800,0.00100,101.46300,-26.26300,-169.43900
1521812159.31300,0.00900,-0.00700,0.00500,101.43600,-26.51600,-169.69800
1521812159.31300,0.00000,-0.00200,0.00100,101.41800,-26.65400,-169.82100
1521812159.67800,-0.00800,-0.01800,-0.01400,101.39000,-26.61400,-169.73100
1521812159.67900,-0.00700,-0.00200,0.02700,101.18400,-27.28500,-170.11600
1521812159.68000,-0.00100,0.01500,-0.04400,101.06700,-26.90500,-169.61500
1521812159.83800,-0.03900,0.03100,0.01200,100.96400,-26.07700,-168.66100
1521812159.83800,0.04600,0.02900,-0.02400,100.99400,-26.00100,-168.56600
1521812159.83900,0.03300,-0.02100,0.00200,101.25000,-25.18700,-168.04400
1521812159.84000,-0.02400,-0.02200,-0.06300,100.80100,-25.04500,-167.91800
1521812160.20600,-0.01900,0.02100,0.01500,99.66800,-22.38200,-165.65100
1521812160.20700,-0.02800,-0.02100,-0.02700,100.23800,-26.72100,-170.41400
1521812160.20800,0.01900,0.00100,-0.00900,100.20300,-25.98300,-169.45600
1521812160.20800,0.00300,-0.02300,-0.00900,100.34600,-25.07800,-169.34600
1521812160.28700,-0.00100,-0.00700,-0.01100,100.23500,-25.42800,-169.72300
1521812160.28700,0.01300,0.00000,0.00900,100.16100,-25.41800,-169.72600
1521812160.28800,-0.00900,-0.01000,-0.01000,100.08200,-24.95200,-169.23600
1521812160.28800,-0.02900,0.01300,-0.01800,100.18400,-26.74500,-171.11500
1521812160.35500,-0.01700,0.00700,-0.01400,100.34400,-29.55000,-173.02600
1521812160.72300,0.01100,0.00900,0.02600,100.40800,-28.11300,-171.83900
1521812160.81000,0.01100,-0.01800,-0.01800,100.82300,-25.91800,-169.54000
1521812160.81100,0.00500,-0.01600,0.00900,100.72600,-27.23500,-170.98900
1521812160.81200,0.01500,-0.02100,0.00500,100.45000,-30.16000,-173.76300
1521812160.81200,-0.02200,-0.02500,-0.03700,100.44000,-29.51700,-173.09400
1521812160.95900,-0.01800,-0.00400,-0.02600,100.49800,-28.89500,-172.48600
1521812161.17900,0.00600,-0.00100,-0.00600,100.46900,-29.04300,-172.48200
1521812161.17900,-0.00100,-0.01000,-0.01700,100.47600,-28.83000,-172.30400
1521812161.17900,-0.03000,-0.06100,-0.04000,100.52500,-29.14200,-172.64100
1521812161.18000,-0.00600,0.01400,-0.02400,100.37200,-28.46700,-171.85200
1521812161.25800,0.01100,0.05200,-0.01800,100.33200,-26.41000,-169.70700
1521812161.25900,-0.02100,0.02200,-0.02400,100.38700,-24.55400,-167.83600
1521812161.25900,-0.01800,0.01000,-0.03100,100.53000,-23.62700,-166.91100
1521812161.25900,-0.01100,-0.01200,-0.01800,100.84100,-25.40000,-168.58500
1521812161.62300,-0.00800,-0.00600,-0.01900,100.81300,-25.11800,-168.30900
1521812161.62400,0.00400,-0.01300,-0.01500,100.85500,-25.49700,-168.68800
1521812161.62500,0.02200,-0.00100,-0.00100,100.90000,-25.85000,-169.03500
1521812161.62600,-0.00700,-0.02100,-0.03400,100.97300,-25.53000,-168.69600
1521812161.70500,-0.01900,-0.02300,-0.04400,100.99800,-25.33100,-168.52300
1521812161.70600,0.02300,-0.00700,0.00100,100.98100,-26.25500,-169.51000
1521812161.70600,0.01100,-0.00300,0.00100,100.93500,-26.57600,-169.89400
1521812161.70600,0.00700,-0.02100,0.05500,100.90800,-26.37600,-169.85700
1521812161.78000,0.02400,-0.02300,0.00200,101.19600,-24.01800,-167.14200
1521812161.78100,0.02100,-0.01900,-0.00500,101.15000,-24.02800,-167.09200
1521812161.78200,-0.02600,-0.02300,-0.03700,101.07300,-23.58900,-166.59600
1521812161.78300,-0.00400,-0.00400,-0.02000,100.92800,-23.55000,-166.50600
1521812161.93800,0.00800,-0.00200,-0.01200,100.85900,-23.78600,-166.68800
1521812161.93900,0.00400,-0.00400,0.00100,100.63600,-23.84800,-166.87700
1521812161.94000,-0.03000,0.01400,-0.02400,100.64100,-24.29600,-167.31600
1521812161.94000,-0.03500,-0.00100,-0.03100,100.37100,-23.13400,-165.93900
1521812162.14000,-0.06000,0.00900,0.04400,100.26200,-23.02400,-165.78600
1521812162.30200,0.02900,0.02500,0.01800,100.27800,-23.95200,-166.79600
1521812162.30200,-0.02600,0.02100,-0.01900,100.35800,-23.20500,-166.08200
1521812162.46600,0.01900,-0.01800,-0.02500,100.54500,-22.99500,-165.96400
1521812162.46700,0.04600,-0.02900,0.00000,100.67100,-23.38400,-166.39800
1521812162.46700,0.02800,-0.02800,-0.00300,100.69300,-23.63700,-166.66000
1521812162.46700,-0.00500,-0.00600,-0.02300,100.83000,-23.13400,-166.16900
1521812162.75200,0.00400,-0.00700,-0.01500,100.87000,-23.46400,-166.49800
1521812162.75200,0.01400,0.00200,0.00800,100.89500,-23.89500,-166.92900
1521812162.75300,-0.01600,-0.01800,-0.01700,100.95400,-24.01700,-167.04900
1521812162.75400,0.00000,-0.00400,-0.00600,100.99700,-24.31900,-167.34500
1521812162.91100,0.01200,0.00700,0.03500,101.07300,-25.12400,-168.13400
1521812162.91100,-0.03900,0.00000,-0.02500,101.26800,-25.14700,-168.12700
1521812162.91200,-0.01300,0.00000,-0.02600,101.48300,-25.73700,-168.72100
1521812162.91300,0.00000,0.00300,-0.02800,101.87200,-27.32500,-170.32200
1521812163.20000,0.02100,-0.04400,-0.01400,102.13500,-28.45300,-171.48900
1521812163.20100,0.03700,-0.03500,-0.03100,102.42100,-29.64200,-172.81000
1521812163.20100,0.03900,-0.02000,-0.02400,102.54900,-30.20100,-173.58100
1521812163.20200,-0.00400,-0.01200,-0.04700,102.65600,-29.94900,-173.47500
1521812163.27200,0.03000,-0.02400,-0.01800,102.77700,-29.80500,-173.56900
1521812163.27200,0.05900,-0.03300,0.04300,102.79000,-29.97500,-173.83700
1521812163.35800,0.03000,-0.03700,0.02800,102.79400,-30.07800,-173.90900
1521812163.35800,-0.02000,0.00100,-0.03400,101.98800,-27.96900,-170.82400
1521812163.35900,0.01000,0.00800,-0.01300,102.13000,-27.86000,-170.71600
1521812163.35900,0.01800,0.00800,0.00100,102.18900,-27.95800,-170.80300
1521812163.42900,0.01900,-0.02200,-0.00500,102.26600,-28.85200,-171.56800
1521812163.56800,-0.01200,-0.02400,-0.04300,102.28400,-28.36800,-171.05500
1521812163.56800,0.02400,-0.01000,-0.02400,102.28900,-28.44300,-171.16200
1521812163.56800,0.03600,0.00200,0.00100,102.27300,-28.66100,-171.42700
1521812163.56900,-0.00200,-0.02600,-0.01100,102.46700,-28.87400,-172.09600
1521812163.71800,-0.00900,-0.01300,-0.01800,102.43300,-28.74000,-171.93900
1521812163.71800,-0.00600,-0.00100,-0.01100,102.38500,-28.60200,-171.75400
1521812163.77200,0.01000,-0.00400,-0.01000,102.36600,-28.55600,-171.67900
1521812163.77200,0.01300,-0.00100,-0.00800,102.32600,-28.65500,-171.75900
1521812164.00400,0.01800,-0.04600,-0.02100,102.25400,-28.31600,-171.32500
1521812164.09200,-0.00700,0.02900,-0.02400,102.08600,-28.26200,-171.20300
1521812164.09200,-0.02800,-0.00200,-0.00300,101.96300,-27.89300,-170.72900
1521812164.09300,0.00800,-0.01200,0.00300,102.24300,-25.25500,-168.09400
1521812164.09400,0.01000,-0.01200,-0.01000,102.27600,-25.07300,-167.98900
1521812164.17100,-0.00400,-0.01200,-0.00900,102.30000,-25.06100,-168.08400
1521812164.17100,0.02200,-0.01000,0.00900,102.30300,-25.14400,-168.22900
1521812164.17100,0.00200,-0.00900,-0.01000,102.28300,-24.88600,-168.03800
1521812164.17200,-0.02000,-0.01500,-0.02100,102.23300,-24.82300,-168.02800
1521812164.37200,-0.00600,-0.01500,-0.01200,102.19800,-25.21600,-168.47800
1521812164.53700,-0.01100,-0.01900,-0.03200,102.20700,-25.08300,-168.37600
1521812164.53800,0.02000,-0.02300,-0.01800,102.15800,-25.50700,-168.85300
1521812164.53900,0.01000,-0.03200,-0.03100,102.03300,-25.88000,-169.29200
1521812164.53900,0.03400,-0.00400,0.03400,101.32200,-25.90500,-169.74500
1521812164.68900,-0.02500,0.00400,0.02600,100.60500,-24.66700,-168.76000
1521812164.69000,0.01700,0.01700,0.03000,100.53300,-24.58200,-168.66500
1521812164.98400,0.03100,0.02000,0.00800,100.57300,-24.73200,-168.70800
1521812164.98500,0.02400,-0.11600,0.01300,100.62300,-24.46700,-168.36900
1521812164.98600,-0.01600,0.03600,-0.02800,100.29500,-22.80300,-166.32800
1521812164.98700,0.01200,0.05200,-0.08000,100.30000,-21.77000,-165.11900
1521812165.06400,-0.00600,0.03000,0.00200,100.39100,-21.55000,-164.88000
1521812165.06400,0.00800,0.00900,-0.01100,100.61700,-21.81800,-165.11900
1521812165.06500,0.01500,0.01000,-0.00100,101.15300,-23.17000,-166.55700
1521812165.06600,0.00400,0.00200,-0.01200,101.07500,-23.03100,-166.45500
1521812165.13300,-0.01300,-0.00400,-0.03000,101.00400,-23.30700,-166.79000
1521812165.44800,0.02700,-0.01400,-0.00600,100.93500,-23.97700,-167.50300
1521812165.51000,0.01100,-0.03200,-0.02700,100.78200,-24.36800,-167.98500
1521812165.51000,-0.01000,-0.03800,-0.04800,100.49200,-24.14700,-167.94100
1521812165.51100,-0.00500,-0.03500,-0.02400,100.21800,-24.31300,-168.25600
1521812165.51200,0.01500,-0.01700,0.02100,99.77100,-24.49400,-168.66700
1521812165.57800,-0.00500,-0.00200,0.02600,99.48400,-24.26200,-168.56800
1521812165.78900,-0.04600,0.02500,-0.06300,98.94500,-21.69400,-165.74800
1521812165.95500,-0.02800,0.01500,-0.03900,99.28100,-21.30300,-165.23300
1521812165.95600,-0.02200,-0.01500,-0.05200,99.53000,-21.04700,-164.96700
1521812165.95700,0.06200,-0.01000,-0.00200,99.87500,-22.74500,-166.58200
1521812165.95700,0.01100,-0.02300,-0.01800,100.05400,-23.60600,-167.36200
1521812166.03400,0.01100,-0.03100,0.00600,100.37600,-24.63700,-168.30000
1521812166.03500,-0.01400,-0.03100,-0.01700,100.45600,-24.32200,-167.99200
1521812166.03600,-0.01100,-0.01000,-0.02500,100.45200,-22.33500,-165.94300
1521812166.11400,0.02900,-0.00200,0.01700,100.43100,-23.66200,-167.32300
1521812166.11400,0.01200,-0.02000,-0.00900,100.42900,-23.60400,-167.27500
1521812166.11500,-0.02000,-0.02600,-0.03500,100.41200,-22.94900,-166.65400
1521812166.11600,0.03500,-0.01700,0.00900,100.34800,-23.67900,-167.43400
1521812166.42000,0.02700,-0.00800,0.00700,100.31900,-23.89900,-167.65400
1521812166.55500,-0.01700,-0.02400,-0.02100,100.25900,-23.63000,-167.39700
1521812166.55600,0.06000,-0.03000,-0.08500,100.13400,-23.41400,-167.20500
1521812166.55700,-0.00700,-0.00800,-0.01300,100.09800,-24.19700,-167.80900
1521812166.63100,-0.02600,-0.01600,-0.02400,100.12700,-24.11400,-167.71600
1521812166.68100,-0.00200,-0.00700,-0.01100,100.22300,-24.23900,-167.88900
1521812166.92000,0.02900,-0.01600,0.00900,100.29000,-24.65000,-168.32500
1521812166.92100,-0.00100,-0.03400,-0.01800,100.34100,-24.11300,-167.81100
1521812167.08500,0.00900,-0.00900,-0.00500,100.27900,-23.77600,-167.51700
1521812167.08500,-0.00700,-0.01000,-0.00800,100.02700,-24.99600,-168.54400
1521812167.08600,-0.01000,-0.02700,0.00800,100.05200,-25.90700,-169.47100
1521812167.08700,0.00200,-0.00100,-0.02600,99.89300,-25.07900,-168.47100
1521812167.20700,0.00000,0.01000,-0.04300,99.80600,-24.16100,-167.43600
1521812167.39100,-0.01100,0.04200,-0.06600,99.76700,-22.77600,-165.93800
1521812167.45100,-0.01800,0.00800,0.01000,99.84600,-22.22700,-165.42400
1521812167.45200,0.00900,0.01400,-0.02100,99.94400,-22.36200,-165.57300
1521812167.45200,0.03900,-0.00900,0.00100,100.05900,-23.03200,-166.22400
1521812167.45300,0.00700,-0.00900,-0.01800,100.08100,-22.86700,-166.05900
1521812167.52700,-0.01000,-0.01300,-0.02300,100.06300,-22.78500,-165.97700
1521812167.52900,0.00400,-0.02100,-0.00400,100.08500,-23.05300,-166.25500
1521812167.52900,0.00300,-0.01600,-0.00200,100.13500,-23.10400,-166.31000
1521812167.60600,0.00000,-0.01900,-0.01100,100.23300,-22.58100,-165.80000
1521812167.60700,-0.01200,-0.01200,-0.01300,100.29800,-21.24500,-164.53200
1521812167.60700,0.00700,-0.01300,-0.00700,100.30100,-21.22900,-164.49600
1521812167.96700,0.00300,-0.00400,-0.01600,100.31900,-21.05200,-164.25700
1521812168.04800,0.02000,-0.00200,-0.01900,100.41200,-21.02800,-164.20500
1521812168.17700,0.01100,-0.00600,-0.03000,100.46100,-21.02900,-164.21900
1521812168.34700,-0.01000,0.02300,-0.00100,100.60000,-21.08200,-164.31000
1521812168.34700,0.03900,-0.02000,-0.00800,101.05900,-17.33200,-160.43400
1521812168.34700,0.01100,-0.02000,-0.01400,101.10500,-17.68600,-160.78100
1521812168.34800,-0.00600,-0.02200,-0.02600,101.13400,-17.63300,-160.71900
1521812168.42200,0.01300,-0.01800,-0.00600,101.13900,-17.72900,-160.81500
1521812168.42300,0.01300,-0.00300,0.00300,101.11600,-18.24400,-161.32000
1521812168.42400,0.00600,-0.01300,-0.00300,101.04800,-18.21600,-161.29500
1521812168.42400,0.00100,-0.00700,-0.01200,100.96800,-18.52000,-161.60100
1521812168.50300,0.00600,-0.00300,-0.00700,100.99900,-18.93400,-162.12300
1521812168.50300,0.00800,-0.00600,0.00400,100.96400,-19.07800,-162.29400
1521812168.50300,0.00300,-0.00700,-0.00100,100.96200,-19.02900,-162.24500
1521812168.50300,0.00200,-0.01000,-0.01200,100.96300,-18.81800,-162.06900
1521812168.57100,0.01600,-0.00800,-0.00200,100.97200,-19.07900,-162.34600
1521812168.62500,0.00400,-0.01200,-0.00100,100.97700,-19.17800,-162.44400
1521812168.70300,-0.00200,-0.01400,-0.01800,100.98300,-19.20400,-162.47100
1521812168.87000,0.02200,-0.00300,-0.01000,100.99200,-19.40600,-162.66300
1521812168.87000,0.01500,-0.00800,-0.01500,101.01500,-19.57700,-162.84400
1521812168.87000,-0.02600,-0.19600,0.18200,101.00500,-19.56700,-162.84900
1521812168.87000,0.00700,-0.02700,-0.10900,101.03000,-19.94400,-163.35900
1521812169.07000,-0.01500,-0.02200,-0.03900,101.12800,-20.23500,-163.59700
1521812169.14800,-0.00300,-0.01900,-0.03700,101.06700,-20.27800,-163.72400
1521812169.23700,0.00300,-0.00400,-0.00400,99.99400,-19.96400,-163.88200
1521812169.23700,0.01900,0.00000,0.00800,99.93500,-20.52900,-164.21800
1521812169.23900,-0.00600,0.00500,-0.01500,99.77600,-19.75000,-163.39200
1521812169.39500,0.00100,0.01100,0.00300,99.70600,-20.04600,-163.66800
1521812169.39500,0.03100,-0.04700,0.04100,99.69300,-20.81400,-164.40100
1521812169.39500,0.00400,-0.04100,-0.06400,99.71200,-20.98200,-164.51900
1521812169.39500,-0.01400,0.00400,-0.02400,99.58900,-20.90600,-164.33200
1521812169.47200,0.00500,0.04100,-0.06000,99.54100,-20.02500,-163.38500
1521812169.47300,-0.00200,0.03100,-0.01400,99.56200,-19.27300,-162.63600
1521812169.47400,0.02900,0.01200,-0.01300,99.66200,-19.33100,-162.75400
1521812169.47500,0.02900,0.01100,-0.00800,99.84700,-19.94000,-163.40600
1521812169.59500,0.01200,-0.01200,-0.02600,100.06900,-20.27200,-163.77400
1521812169.91700,0.01300,-0.03400,-0.02900,100.18500,-20.49300,-164.02700
1521812169.91700,0.01500,-0.02800,-0.00700,100.30100,-20.98800,-164.57700
1521812169.91800,0.00900,-0.02100,-0.00800,100.55600,-20.68800,-164.58400
1521812169.99800,-0.00400,-0.00900,-0.01000,100.49200,-20.15100,-164.11900
1521812169.99900,0.01700,0.00000,0.01200,100.41700,-20.45500,-164.46000
1521812170.00000,0.01200,0.00100,0.00800,100.37500,-20.05300,-164.06500
1521812170.00100,-0.03500,-0.01400,-0.02500,100.32800,-19.07400,-163.09500
1521812170.12000,-0.01300,-0.00500,-0.02500,99.94200,-19.63900,-163.26600
1521812170.36500,-0.03600,0.00200,0.06400,99.75100,-18.84000,-162.26400
1521812170.36500,0.03400,0.02400,0.02400,99.87400,-19.47200,-162.91000
1521812170.36600,0.01000,0.02700,-0.04400,99.98400,-18.90200,-162.36900
1521812170.36700,0.02000,-0.01100,-0.02000,100.22000,-19.21200,-162.74300
1521812170.51300,0.06100,-0.01400,0.00300,100.43000,-20.51500,-164.04500
1521812170.56900,-0.02400,-0.02600,-0.01500,100.66100,-21.18200,-164.68500
1521812170.59400,-0.01200,-0.03700,-0.00600,100.75200,-21.70700,-165.19800
1521812170.80200,-0.00900,-0.02800,-0.00900,100.87500,-22.20100,-165.68000
1521812170.89300,0.00800,-0.03600,-0.01300,100.94600,-22.17600,-165.65900
1521812170.89400,0.02000,-0.02700,-0.01200,100.99500,-21.77600,-165.26300
1521812170.89400,-0.00300,-0.01800,-0.02500,100.94700,-21.04500,-164.54100
1521812170.89400,-0.00900,0.00200,-0.01400,100.87400,-20.81000,-164.30800
1521812171.28500,0.00900,0.01300,0.01000,100.75800,-20.98500,-164.50100
1521812171.28500,-0.01300,-0.02200,-0.03200,100.93100,-21.11100,-164.52200
1521812171.28500,-0.00600,0.00000,0.01300,100.79100,-20.71700,-163.97500
1521812171.28600,0.04700,0.02600,-0.02600,100.83600,-20.59400,-163.91300
1521812171.33600,0.03400,-0.02200,0.00500,100.86500,-20.63300,-164.03400
1521812171.33700,-0.00100,-0.02100,-0.00800,100.80500,-20.57700,-163.96800
1521812171.33700,-0.01500,-0.00700,-0.01100,100.79000,-20.68500,-164.05600
1521812171.33800,-0.00800,-0.00700,-0.00800,100.79300,-20.86100,-164.23300
1521812171.41500,0.01200,-0.00500,0.00800,100.82600,-21.22700,-164.63000
1521812171.41600,-0.00500,-0.01000,-0.01400,100.87700,-20.26900,-163.75500
1521812171.41700,0.00800,-0.00600,0.00100,101.21800,-20.75300,-164.27300
1521812171.49400,-0.00200,-0.00100,-0.00600,101.33300,-21.20200,-164.77000
1521812171.49500,-0.00900,-0.00700,-0.01700,101.38800,-21.22700,-164.80500
1521812171.49500,-0.01000,0.05000,-0.06800,101.09700,-19.46100,-162.66800
1521812171.49600,0.03000,0.01200,-0.00200,101.20600,-18.77800,-161.98600
1521812171.54700,-0.00900,-0.02500,-0.01800,101.52000,-19.11900,-162.26700
1521812171.54800,-0.01300,-0.00500,-0.02400,101.59700,-20.46100,-163.69800
1521812171.54900,0.00800,-0.01000,-0.01300,101.57500,-21.32600,-164.60600
1521812171.55000,0.02600,-0.00700,0.00500,101.57600,-21.81000,-165.11200
1521812171.86300,-0.00800,-0.02100,-0.03600,101.58300,-21.62800,-164.96500
1521812171.86300,-0.01600,-0.03400,-0.04100,101.52400,-22.27900,-165.73200
1521812171.86300,0.02500,0.01400,0.00100,100.25600,-28.04800,-172.47800
1521812171.86400,-0.02100,-0.02300,-0.03500,100.33200,-27.52100,-171.91800
1521812172.06200,0.02000,0.01200,0.00200,100.37000,-27.50000,-171.89700
1521812172.24700,0.01800,0.00200,-0.00600,100.50100,-27.48000,-171.83300
1521812172.30700,-0.02700,-0.10000,0.04300,100.65800,-26.82200,-170.98800
1521812172.30800,-0.03100,-0.03200,-0.03900,100.67400,-27.60000,-171.80100
1521812172.30900,0.04700,0.02200,0.00300,100.61200,-28.58900,-172.60300
1521812172.30900,-0.01600,0.01300,-0.04500,100.59900,-26.59500,-170.35100
1521812172.37600,-0.05300,0.01800,-0.04400,100.52300,-23.44900,-166.98500
1521812172.46700,-0.04500,-0.00600,0.00300,100.47000,-23.13300,-166.67500
1521812172.46800,0.02300,0.00000,0.02000,100.49500,-23.80400,-167.32400
1521812172.46800,0.01000,0.00300,-0.02000,100.59500,-23.92300,-167.39000
1521812172.58700,0.02100,-0.01600,-0.01700,100.79400,-23.86800,-167.28900
1521812172.82500,0.02600,-0.01500,-0.00300,100.87500,-24.38200,-167.78200
1521812173.22000,-0.00700,-0.02300,-0.01800,100.91800,-24.34800,-167.75100
1521812173.27100,0.01200,-0.00900,-0.00700,100.94200,-24.57100,-167.98000
1521812173.34900,0.00700,-0.01000,-0.00200,100.96300,-24.69800,-168.10100
1521812173.43100,-0.00600,-0.01700,-0.01400,101.02200,-24.60800,-168.01500
1521812173.43200,0.00400,0.00100,-0.00500,101.08400,-24.77500,-168.17900
1521812173.80100,0.03000,-0.00600,-0.00100,101.22800,-25.13900,-168.55700
1521812173.80100,0.00800,-0.01100,-0.01500,101.18200,-24.86100,-168.30400
1521812173.87600,-0.00200,-0.02000,-0.02300,101.10200,-24.68000,-168.16600
1521812174.19700,0.01900,-0.00600,0.00100,101.04700,-25.13700,-168.64500
1521812174.19700,0.02300,0.03400,0.06100,100.67900,-26.86500,-170.33200
1521812174.19700,0.02500,-0.02100,-0.02700,101.14700,-22.80300,-166.23000
1521812174.24200,0.05000,-0.03900,-0.02600,101.28300,-23.17100,-166.64000
1521812174.32900,0.02600,-0.03800,-0.01700,101.38200,-23.78500,-167.28400
1521812174.32900,-0.01100,-0.03900,-0.00500,101.41300,-24.21700,-167.72500
1521812174.33000,-0.00800,-0.03300,0.00100,101.42800,-24.43700,-167.94100
1521812174.33100,-0.00100,-0.02300,-0.00700,101.45700,-24.43300,-167.93500
1521812174.40600,-0.00800,-0.02100,-0.01500,101.46400,-24.18500,-167.69300
1521812174.40600,0.00600,-0.00400,0.00100,101.42400,-23.93900,-167.46200
1521812174.40700,-0.01500,-0.01300,-0.01400,101.36500,-23.50200,-167.03200
1521812174.76700,0.00100,-0.00200,-0.00800,101.32300,-23.33400,-166.86400
1521812174.84700,0.01400,0.00100,0.00300,101.23100,-26.05800,-169.64900
1521812175.16300,0.03800,-0.01300,-0.01000,101.53400,-28.25100,-171.75500
1521812175.16400,0.01400,-0.01900,-0.02300,101.61000,-28.81600,-172.29900
1521812175.21300,0.00800,-0.02300,-0.01900,101.48200,-29.29800,-172.81400
1521812175.37200,0.05400,-0.03600,0.07400,100.93700,-28.79400,-172.59000
1521812175.66800,0.00400,0.00900,-0.01300,100.93700,-27.94500,-171.60200
1521812175.66800,-0.02000,0.02000,-0.00500,100.85200,-26.57500,-169.90500
1521812175.66900,-0.01500,-0.01600,-0.01000,101.41100,-27.18600,-170.49100
1521812175.67000,0.01500,-0.00300,0.01000,101.36000,-27.48600,-170.78400
1521812175.81900,-0.01800,-0.00400,-0.01700,101.26100,-26.71600,-169.92200
1521812176.10600,0.01800,-0.01100,-0.00500,101.22300,-28.25000,-171.51500
1521812176.19100,0.01100,-0.02300,-0.02300,101.25200,-28.23000,-171.50600
1521812176.19100,0.01100,-0.00800,-0.01800,101.24800,-28.32700,-171.61800
1521812176.19100,0.01400,-0.00600,-0.01300,101.25800,-28.31200,-171.62200
1521812176.27200,-0.01000,-0.00100,-0.02000,101.18000,-29.00900,-172.54900
1521812176.27200,0.02200,-0.01000,0.01700,101.09000,-29.09600,-172.62200
1521812176.27300,0.01500,0.02900,-0.03900,101.03200,-28.31600,-171.80700
1521812176.27400,-0.00900,0.01700,0.02900,100.91000,-26.49400,-169.78600
1521812176.70900,-0.00500,0.01900,-0.03500,100.91900,-26.05900,-169.22800
1521812176.78800,0.00900,0.00800,0.01900,100.97900,-26.71400,-169.87700
1521812177.07600,0.00800,-0.02100,-0.02500,101.16100,-26.54600,-169.65700
1521812177.11200,0.01500,-0.00400,0.00900,101.26100,-26.87700,-170.37100
1521812177.11300,-0.01400,-0.01900,-0.01000,101.26000,-26.20200,-169.73600
1521812177.11300,0.00400,-0.02900,-0.02400,101.24800,-24.33800,-167.20400
1521812177.11400,0.03200,-0.02300,-0.00800,101.24500,-24.74000,-167.64700
1521812177.16300,0.03300,0.00200,0.01900,101.23700,-23.81300,-167.09000
1521812177.16400,0.00000,-0.00900,-0.00100,101.19200,-23.73500,-167.17800
1521812177.16500,-0.05900,0.01000,0.00200,100.92800,-27.48500,-170.54700
1521812177.16500,0.06300,0.02700,-0.04300,101.06900,-29.48900,-172.61200
1521812177.68000,0.08600,0.01200,-0.00900,101.15400,-30.35500,-173.45000
1521812178.65300,0.01900,-0.00700,-0.01300,101.27400,-30.19400,-173.23900
1521812178.73000,0.02300,-0.01400,0.01400,101.48900,-29.14000,-172.25600
1521812179.05400,0.00700,0.00200,0.01200,101.22800,-28.70600,-171.92100
1521812179.05500,-0.02900,-0.01300,-0.02800,101.22500,-28.48000,-171.63900
1521812179.05500,0.00100,-0.01600,-0.01400,101.22400,-28.77400,-171.90800
1521812179.05600,0.09100,-0.02600,0.03800,101.20800,-29.33600,-172.38700
1521812179.09800,-0.00200,-0.02200,-0.04400,101.19300,-28.21400,-171.11700
1521812179.54400,-0.02800,0.01300,-0.05300,100.97600,-27.49700,-170.28200
1521812179.70200,-0.04400,0.02800,0.01900,100.89400,-27.62400,-170.27600
1521812180.01600,0.10600,0.05000,-0.06800,100.97400,-28.05000,-170.71600
1521812180.06900,-0.01000,-0.00800,-0.03500,101.21500,-26.54800,-169.66800
1521812180.14700,0.00000,-0.01600,-0.02300,101.22200,-26.94200,-170.12900
1521812180.67300,0.00600,0.02600,-0.13800,99.99900,-24.48200,-167.78000
1521812181.04800,-0.02300,-0.00200,0.01000,100.16900,-23.89200,-167.21000
1521812181.04900,0.03500,-0.00800,0.00100,100.38900,-24.50500,-167.88500
1521812181.05000,0.02700,-0.02000,0.00400,100.55800,-24.52000,-167.86000
1521812181.05100,-0.01500,-0.04400,-0.03000,100.78000,-24.22800,-167.50100
1521812181.11900,0.00300,-0.02600,-0.01600,100.88600,-24.56700,-167.79700
1521812181.48700,0.00100,-0.01300,-0.00200,100.99000,-25.20500,-168.34600
1521812181.57400,-0.01800,-0.02300,-0.02100,101.06400,-25.16300,-168.25200
1521812181.57500,0.00800,-0.01800,-0.01500,101.08600,-25.01300,-168.08900
1521812181.57500,-0.02500,-0.01000,-0.02200,99.64600,-25.80000,-170.23200
1521812181.57600,-0.01600,0.03200,-0.00100,100.40900,-25.48100,-168.29700
1521812181.64400,0.01500,0.01000,-0.02900,100.52000,-25.12900,-167.95300
1521812181.93300,-0.00600,-0.00500,-0.02100,100.92300,-24.53300,-167.87000
1521812182.46200,0.01600,0.00100,0.00000,100.88700,-24.80700,-168.12400
1521812182.46300,-0.01200,-0.00100,-0.01100,100.87400,-24.77800,-168.05500
1521812182.46400,0.00800,-0.00800,-0.02500,100.89400,-24.70800,-167.96200
1521812182.62400,-0.00700,-0.00800,-0.03500,100.95000,-25.54600,-168.74400
1521812182.62500,0.00200,-0.01800,-0.01900,101.32000,-26.55400,-169.94400
1521812182.62500,0.00100,-0.01900,-0.02700,101.17300,-26.68900,-170.06700
1521812182.62600,0.01200,0.03200,0.08100,100.65900,-28.63300,-171.95400
1521812182.99100,-0.00600,-0.00300,0.03500,100.77700,-27.59400,-170.84100
1521812182.99200,0.00000,-0.02200,-0.02200,101.28200,-28.04000,-171.05300
1521812182.99300,-0.06800,-0.16000,0.24100,100.21100,-28.01100,-171.60300
1521812182.99300,0.00400,-0.03100,-0.00900,100.94600,-28.31000,-171.21700
1521812183.06500,0.00600,-0.02200,-0.01700,101.00500,-28.61300,-171.53000
1521812183.06600,0.00200,-0.02600,-0.03800,101.08600,-28.11200,-171.06800
1521812183.14500,0.01700,-0.02100,-0.02400,101.11900,-27.64200,-170.63300
1521812183.14500,0.01000,0.00000,0.00600,101.12600,-26.16300,-169.35300
1521812183.19300,-0.01600,-0.01700,0.10500,100.52900,-26.17600,-169.25700
1521812183.27600,0.03800,0.06100,-0.11200,100.50900,-25.72800,-168.69700
1521812183.27600,0.00100,0.00400,-0.04000,100.63600,-25.17900,-168.17000
1521812183.43300,0.01300,-0.01900,-0.04300,100.79500,-24.91200,-167.89800
1521812183.43300,0.05200,-0.02200,-0.00100,100.94300,-26.01900,-168.99300
1521812183.51600,-0.00100,-0.02400,-0.00900,100.98800,-26.59800,-169.51900
1521812183.51700,0.00200,-0.02000,-0.01100,101.35900,-25.71700,-168.80800
1521812183.51800,-0.01200,-0.01700,-0.02000,101.37600,-24.67400,-167.22400
1521812183.51900,-0.00100,-0.01100,0.00000,101.39900,-24.44300,-167.00800
1521812183.58700,0.02400,-0.01000,-0.00400,101.35500,-23.83400,-166.40500
1521812184.39900,-0.02000,-0.00400,-0.02200,101.22800,-23.28800,-165.78900
1521812184.48800,0.00900,-0.00400,-0.00800,101.21900,-23.41900,-165.90400
1521812184.48900,0.02500,0.00300,0.00100,101.24000,-23.68400,-166.12900
1521812184.48900,-0.00500,-0.02200,-0.03900,101.26300,-23.39200,-165.83000
1521812184.49000,0.00900,-0.04700,-0.03500,101.28900,-22.10700,-163.77100
1521812184.56600,-0.01500,-0.03400,-0.04300,101.28800,-21.93900,-163.74600
1521812184.56700,-0.00800,-0.02000,-0.02200,101.30500,-22.05200,-163.97200
1521812184.56800,0.02700,-0.01700,0.01600,101.28200,-22.46500,-164.56700
1521812184.56900,0.02200,0.00500,0.01900,101.25500,-21.75700,-164.01300
1521812184.84700,-0.00200,0.00800,-0.01000,101.22000,-20.79600,-163.13400
1521812184.88100,-0.01200,0.00400,-0.01000,101.16700,-20.08700,-162.52300
1521812184.88100,0.01500,0.00400,0.01700,101.13400,-20.35100,-162.81900
1521812184.88200,-0.00200,-0.03500,-0.04300,100.85400,-22.59000,-165.34100
1521812184.88300,-0.00600,-0.03800,-0.03900,100.70000,-23.27900,-166.18900
1521812184.93300,-0.01700,-0.01700,-0.00300,99.79800,-23.35700,-167.16500
1521812184.93400,0.05900,0.01800,0.05000,99.39700,-23.67400,-167.94500
1521812184.93500,-0.02200,0.00700,-0.02000,99.27100,-22.08100,-166.46700
1521812184.93500,0.04300,0.01900,-0.02100,99.14900,-20.63900,-165.03200
1521812185.01500,-0.03800,0.03300,-0.05200,98.99700,-20.78600,-165.08000
1521812185.01500,-0.07000,0.00600,-0.06700,98.95700,-21.61800,-165.82600
1521812185.01500,0.14200,0.08300,-0.04500,99.12400,-25.26200,-169.34200
1521812185.01600,0.06400,-0.02900,0.00800,99.56300,-25.82300,-169.79600
1521812185.06600,-0.01000,-0.03200,-0.01900,101.01600,-24.89400,-168.18800
1521812185.06600,0.00700,-0.02400,-0.00100,101.04800,-24.73800,-168.02600
1521812185.06600,0.00200,-0.02700,-0.00500,101.09600,-24.28100,-167.50600
1521812185.06700,0.00400,-0.02100,-0.00600,101.13700,-23.74400,-166.93100
1521812185.08700,0.01300,-0.00800,-0.00900,101.22800,-23.02600,-166.10100
1521812185.08700,0.00600,-0.01100,-0.03100,101.34300,-22.24000,-165.18300
1521812185.14400,0.00200,-0.01000,-0.03000,101.41400,-21.92600,-164.78500
1521812185.14500,0.01200,0.00800,-0.02100,101.47600,-21.43000,-164.19900
1521812185.14500,0.00500,0.01100,-0.02100,101.48800,-20.93100,-163.66300
1521812185.14600,-0.01200,-0.07900,-0.00900,101.58000,-20.09200,-162.67600
1521812185.32800,0.04200,-0.12700,0.04500,101.57300,-19.51700,-161.91500
1521812185.32900,0.05000,-0.21000,0.11000,101.49700,-17.55500,-159.51200
1521812185.33000,0.08000,-0.34500,0.19800,101.42400,-15.02800,-156.45100
1521812185.33000,0.14700,-0.40900,0.26300,101.30200,-9.24600,-149.26500
1521812185.38000,0.15000,-0.55100,0.30600,101.15200,-3.23600,-141.70200
1521812185.38100,0.02600,-0.64500,0.26800,100.63300,7.79000,-127.27600
1521812185.38200,-0.12700,-0.64200,0.24300,99.48900,16.54000,-113.80900
1521812185.38200,-0.19900,-0.62200,0.24100,98.16800,19.96900,-106.45500
1521812185.46000,-0.37200,-0.61600,0.17100,94.99800,21.81900,-97.40700
1521812185.46100,-0.40500,-0.64400,-0.07100,91.70500,21.27600,-92.08600
1521812185.46100,-0.47800,-0.45000,-0.29900,83.23000,18.95500,-83.78800
1521812185.46200,-0.36100,0.85900,-0.89200,67.61400,15.77900,-74.67600
1521812185.53800,-0.09000,1.54400,-0.95600,55.99700,14.21000,-68.81000
1521812185.53900,0.17300,0.71600,-0.28600,49.83000,17.69900,-58.42400
1521812185.53900,-0.12900,0.22800,-0.00300,48.46100,23.62300,-50.55600
1521812185.54000,-0.16600,0.16100,0.40100,45.25600,32.24500,-40.16200
1521812185.58200,-0.07400,0.35700,0.09200,40.53100,36.71600,-32.82600
1521812185.60800,0.10500,0.34100,-0.12800,37.29900,36.45800,-30.58800
1521812185.68700,0.18900,0.20300,-0.23900,33.45600,33.43100,-29.38500
1521812185.73900,0.09600,0.00500,-0.20200,31.68000,30.75400,-29.11700
1521812185.81800,-0.12500,-0.19600,-0.07600,29.65500,26.99900,-28.27000
1521812185.85300,-0.33800,-0.33900,-0.01300,27.35100,22.47000,-26.65200
1521812185.85300,-0.27600,-0.08700,-0.25100,25.00900,17.79800,-25.48200
1521812185.85400,-0.01700,0.26200,-0.43900,20.89700,8.08000,-25.37000
1521812185.85500,0.08200,0.14600,-0.10900,18.04400,0.81900,-25.80800
1521812185.97600,-0.12200,0.12400,0.07500,14.28700,-7.82500,-25.17700
1521812186.03200,0.01200,0.14000,-0.02800,12.97000,-11.71300,-23.65200
1521812186.03200,0.07400,0.03800,-0.16400,11.92200,-15.34100,-21.31800
1521812186.06000,-0.00200,0.02700,-0.24800,11.85700,-15.92800,-18.59600
1521812186.06100,0.04800,-0.02800,-0.31100,11.94900,-15.23200,-17.02500
1521812186.06100,-0.00100,-0.07800,-0.27100,11.57500,-13.96400,-15.10000
1521812186.22000,0.01900,0.02800,-0.16500,10.94400,-13.42000,-13.99700
1521812186.22200,0.10100,0.04400,-0.11500,9.63700,-13.41600,-12.33000
1521812186.22200,0.22700,0.06700,-0.08100,8.24100,-14.73500,-10.59600
1521812186.22200,0.20100,0.09800,-0.02500,7.30000,-17.45300,-9.76200
1521812186.29000,0.35200,0.05900,0.15900,5.63800,-25.16700,-9.34800
1521812186.51000,0.44700,0.05700,0.30600,4.54200,-30.91200,-9.61200
1521812186.51000,0.38800,0.08100,0.40600,3.60900,-37.13700,-10.31300
1521812186.51100,0.22800,0.04400,0.21600,3.53400,-38.69100,-10.94000
1521812186.51200,0.17000,0.01900,0.11600,3.83400,-37.71400,-11.29200
1521812186.56200,0.12200,0.00900,0.02000,4.45100,-35.00300,-11.78200
1521812186.56200,0.07600,0.00300,-0.03700,4.92100,-33.05600,-12.04800
1521812186.56300,0.06200,0.00200,-0.06600,5.64200,-30.60900,-12.37600
1521812186.56400,0.07100,-0.02100,-0.05600,6.25900,-28.96400,-12.66400
1521812186.63200,0.17100,-0.00500,0.11000,6.56000,-28.12600,-12.88600
1521812186.71800,0.46300,0.02200,0.47100,7.08700,-26.49500,-13.80200
1521812186.71900,0.30300,0.09100,0.24200,7.92500,-24.47000,-15.19400
1521812186.72000,0.84000,0.61900,0.23300,8.71800,-20.95400,-17.81500
1521812186.72100,0.76600,0.85700,-0.13200,11.05200,-15.86100,-22.55700
1521812186.73700,0.49800,0.74000,-0.34200,14.35500,-11.24900,-26.45900
1521812186.79800,0.14000,0.66900,-0.61500,21.73300,-4.04500,-33.08600
1521812186.79900,-0.24400,0.37900,-0.50800,28.65600,0.05400,-37.87000
1521812186.80000,-0.12400,0.21200,-0.49300,39.91900,2.45900,-46.47300
1521812186.80000,-0.40500,0.14900,-0.32000,48.23300,3.85900,-52.15900
1521812186.81500,-0.43600,-0.09600,-0.17400,61.10100,5.42900,-60.56600
1521812186.87700,-0.42700,-0.03500,-0.47000,72.24300,6.21600,-68.74100
1521812186.87800,-0.40400,-0.46600,-0.05700,78.50100,6.08800,-74.33900
1521812186.87800,-0.29600,-0.37900,-0.04900,85.66800,4.18000,-83.28600
1521812186.87800,-0.12400,-0.31800,0.02700,100.41200,-11.31400,-120.00300
1521812187.00900,-0.09800,-0.23700,0.03800,101.32600,-14.16300,-125.02200
1521812187.00900,-0.07200,-0.23900,0.07200,102.38800,-18.37900,-132.16600
1521812187.01000,-0.05500,-0.14500,-0.01300,103.09900,-21.34100,-137.56100
1521812187.01000,-0.08400,-0.12300,-0.02100,103.42800,-23.05000,-140.72300
1521812187.08600,-0.01700,-0.13500,0.01100,103.82400,-25.70000,-145.34000
1521812187.08600,0.04600,-0.13300,0.05000,104.00200,-27.20800,-148.02500
1521812187.08700,-0.00200,-0.09900,-0.00900,104.19600,-28.27800,-150.54600
1521812187.08800,0.01500,-0.05400,0.05800,104.26100,-29.52200,-153.10200
1521812187.27200,0.05000,-0.05800,0.06700,104.36200,-30.29400,-154.56700
1521812187.27200,0.05100,-0.07300,0.04600,104.51600,-30.64600,-155.65700
1521812187.27200,-0.01900,-0.04000,-0.01100,104.54500,-30.59200,-155.96100
1521812187.27200,-0.01300,-0.05200,0.04300,104.51000,-30.97700,-156.78800
1521812187.55100,0.01700,-0.07700,0.02100,104.51400,-31.03300,-157.09400
1521812187.63700,-0.04700,-0.06100,-0.03700,104.49700,-30.35500,-156.47300
1521812187.63800,-0.03800,-0.05500,-0.06000,104.40700,-30.18300,-156.45400
1521812187.63900,0.04400,-0.06500,0.02600,104.34900,-30.24100,-156.56900
1521812187.63900,0.05000,-0.14300,0.13500,104.30900,-28.38500,-154.58500
1521812187.70800,0.02700,-0.30400,0.27600,104.25800,-23.60300,-149.05400
1521812187.91700,-0.00800,-0.47700,0.28300,104.20100,-18.48100,-142.94700
1521812188.36300,0.02000,-0.94500,0.45500,104.11600,-9.81200,-131.53700
1521812188.44400,-0.12600,-1.17400,0.31400,103.76100,-3.45300,-122.16500
1521812188.52200,-0.38800,-1.16900,0.10300,102.07500,4.38000,-108.46200
1521812188.65400,-0.69800,-1.13300,-0.08000,98.40900,6.79700,-98.01000
1521812188.89700,-0.96300,-0.76100,-0.50700,92.92200,5.74900,-91.92000
1521812188.89800,-0.85200,-0.29200,-0.71900,69.60700,0.55600,-83.23600
1521812188.89900,-0.68700,-0.11600,-0.58600,31.96600,-4.48200,-75.98900
1521812188.90000,-0.23200,1.71200,-0.03700,-0.84700,-13.37300,-61.80100
1521812188.97400,0.51000,1.39800,0.16700,1.91600,-18.78800,-46.87200
1521812188.97600,0.07500,0.86600,-0.18600,8.38000,-17.51300,-36.79000
1521812188.97600,0.23800,1.47800,-0.57600,13.00700,-11.05000,-20.67900
1521812190.30700,0.68900,0.34500,-1.00700,13.50600,-2.86100,-9.74200
1521812190.39400,0.35000,-0.18000,-0.84300,13.55800,14.60200,1.62400
1521812190.39500,0.35700,-0.05600,-0.25600,10.62400,25.93500,5.78600
1521812190.39600,0.19900,0.03300,-0.08900,8.24900,30.72700,6.59700
1521812190.39600,0.15500,-0.01800,-0.11700,-0.85300,23.48100,0.23600
1521812190.44000,0.10600,0.01500,-0.15700,-0.08300,24.05500,-0.27600
