1537108983.70300,0.25900,0.48700,-0.82100,-5.79600,88.21000,-22.81200
1537108983.70300,0.59600,0.38300,1.02000,-6.34800,89.25200,-20.70400
1537108983.86000,-0.63000,0.16100,0.38600,-7.33300,90.77900,-18.26600
1537108983.86100,0.08300,-0.08900,0.24100,-9.80000,94.52900,-13.35900
1537108984.14700,0.01200,-0.05200,0.19500,-10.29900,95.39700,-12.50300
1537108984.14800,-1.68900,-0.71700,1.39100,-5.96500,73.66900,-24.77400
1537108984.33300,-0.01000,-0.03700,-0.13900,-13.71800,81.76900,-6.30600
1537108984.33400,0.01400,0.01200,0.08800,-14.02900,81.63500,-5.47600
1537108984.35500,0.02400,-0.01100,0.08100,-14.45800,81.27600,-4.27800
1537108985.06400,0.01400,0.00100,-0.00600,-14.91100,80.66600,-3.06300
1537108985.08900,0.11100,0.08100,0.01200,-17.06200,76.77700,6.27000
1537108985.44200,0.13300,0.09200,-0.03700,-17.49300,75.66700,8.11400
1537108985.44200,-0.14700,0.27000,-0.68600,-23.07200,65.30200,36.27000
1537108985.44300,-1.35500,-1.37900,2.71500,-1.71200,92.87300,-25.99900
1537108985.44400,-0.33200,-0.71100,1.31300,-0.91000,95.03700,-26.07600
1537108985.64100,-0.35400,1.56400,-0.83900,-2.33600,98.35300,-23.41900
1537108985.79800,-0.33900,0.59600,1.18400,-1.77200,100.68300,-22.18300
1537108985.93900,0.04600,0.06000,0.24400,-5.28700,105.98800,-16.59000
1537108985.94000,-0.09200,0.03800,-0.02500,-6.97900,106.14700,-15.64500
1537108985.94000,-0.13600,-0.12500,-0.15000,-8.02100,106.44600,-14.56500
1537108985.94100,-0.03200,-0.05500,0.09200,-8.57300,106.97500,-13.73800
1537108986.32500,0.00900,0.13700,0.10200,-9.42000,107.08300,-12.06800
1537108986.79600,0.25400,0.41800,-0.53900,-18.50200,102.62800,18.03200
1537108987.45200,0.30200,0.37900,-1.06300,-18.82400,100.76800,21.44400
1537108987.58600,-0.10600,-0.49500,-0.47000,-29.45500,96.67600,45.56200
1537108987.85500,-0.02800,-0.64100,-0.46500,-32.10800,99.54100,47.59900
1537108987.85600,-0.38700,0.66500,0.72500,-2.98000,138.46800,-1.89400
1537108987.85700,-0.09000,0.93600,1.26400,-1.54700,140.52200,-7.75700
1537108987.85700,0.42000,0.50100,1.01700,0.90300,149.92000,-18.05100
1537108987.88100,0.15900,0.44700,0.29800,-0.69800,150.44400,-16.87200
1537108987.88200,0.02600,-0.04800,0.10400,-5.26400,154.78500,-12.18900
1537108987.88300,-0.80400,0.20300,-0.25500,-17.97700,142.72300,40.60600
1537108988.01100,0.43900,1.07800,0.31900,-6.28200,155.26900,-7.00800
1537108988.01100,1.19900,0.97700,0.80200,-5.14500,157.19800,-15.96700
1537108988.01200,1.54600,-0.30500,1.45500,-2.30800,159.38300,-22.32700
1537108988.45300,1.66100,-1.04800,1.75700,-0.79200,160.94000,-24.59400
1537108988.45400,-0.10200,0.02400,0.06400,-7.84700,172.64800,-11.68600
1537108988.53500,-0.02700,0.05300,0.02300,-10.42600,171.69600,-4.59000
1537108988.53600,-0.00400,0.02200,0.03100,-11.34700,171.92000,-1.75600
1537108988.53700,0.03300,0.02600,0.00300,-11.96000,171.89600,-0.19300
1537108988.56400,-0.03000,-0.02200,0.02800,-12.38100,171.64000,0.81600
1537108988.56400,-0.04200,-0.00800,0.05100,-12.98300,171.67000,2.31700
1537108988.56500,-0.34000,-0.95100,-0.09600,-30.24500,156.19300,48.74900
1537108988.56600,-0.01000,-0.06100,0.19700,-2.06400,-168.98300,-10.43200
1537108988.63600,-0.53100,-0.05200,0.07900,-23.31000,-177.15500,46.52100
1537108988.63700,-0.32300,-0.64100,0.22800,-23.11000,-169.17200,43.35200
1537108988.89700,-0.03500,0.61600,0.23500,-5.48100,-155.64000,5.11700
1537108989.29400,0.64800,1.11000,0.38800,-3.38700,-152.22400,-4.56800
1537108989.29400,1.83400,1.00500,-0.20000,-2.20400,-149.57000,-10.64700
1537108989.97600,2.25000,0.29700,-1.16800,0.90800,-145.26500,-17.63800
1537108989.97700,3.01700,-1.09000,-0.41200,3.89300,-140.73100,-20.70200
1537108990.00800,1.73600,-0.89100,-0.46200,4.10400,-139.16600,-19.95300
1537108990.00900,-1.59100,1.88100,1.33300,1.74800,-137.84900,-17.83100
1537108990.00900,0.71600,-0.45700,-1.24700,2.15200,-136.74800,-16.62400
1537108990.01000,0.67400,0.04300,0.31700,0.22400,-135.87400,-14.20000
1537108990.26000,-0.01300,0.35000,-0.33600,-1.41900,-135.49300,-12.99900
1537108990.40200,0.10800,-0.25100,-0.12800,-2.23400,-134.06900,-11.18400
1537108990.40200,-0.02300,0.01100,0.04100,-10.65100,-131.76000,6.08500
1537108990.40300,-0.03400,0.03100,0.08200,-11.04700,-130.80900,7.58600
1537108990.40400,-0.11600,0.06600,0.08100,-11.73400,-130.10100,10.58100
1537108990.65900,-0.11300,0.08300,0.00300,-12.36200,-130.07000,12.89000
1537108990.65900,-0.10000,0.06200,0.18000,-12.80600,-128.81400,14.57300
1537108991.16200,-0.14100,0.23600,0.32200,-13.47900,-128.56200,17.51600
1537108991.16300,-0.27100,0.19300,0.24700,-13.88000,-127.88100,19.87500
1537108991.16400,-0.45300,0.20200,0.32800,-14.44500,-128.72900,23.79200
1537108991.16400,-0.64000,0.24900,0.45500,-15.18000,-129.12500,28.34100
1537108991.24000,-0.73300,-0.00800,0.70200,-15.53600,-130.71400,31.66800
1537108991.24200,-0.36800,-0.09300,0.51600,-15.74000,-133.37600,37.08800
1537108991.24200,-0.07500,-0.12700,0.45900,-16.36600,-115.49200,27.94400
1537108991.26700,0.16700,0.69400,-0.61500,-5.27500,-96.18300,-17.84700
1537108991.26800,-0.18400,0.32800,0.54000,-20.58600,-93.63100,22.19400
1537108991.26900,-0.34200,0.35700,0.80100,-21.41300,-94.91500,25.42800
1537108991.34600,-0.19800,0.05000,1.10700,-22.58200,-98.35800,30.67100
1537108991.34700,0.12200,0.06500,0.36700,-23.56800,-102.79300,36.50700
1537108991.34800,0.13300,0.22700,0.45400,-24.90600,-105.05300,40.78800
1537108991.34900,-0.32100,-0.01600,0.22600,-14.04400,-111.36200,23.96200
1537108991.47800,-0.27100,0.15500,0.24200,-11.59400,-110.03800,15.50800
1537108991.47800,-0.22200,0.48300,0.11400,-10.37700,-108.96400,9.57700
1537108991.47900,0.09600,0.71800,-0.15000,-8.48900,-107.58800,0.26500
1537108991.48000,0.42700,1.22600,-0.68700,-7.41000,-107.07200,-6.09800
1537108991.62900,0.26600,-0.18200,-0.33100,-5.63400,-88.28300,-10.09300
1537108991.63000,0.05200,-0.07600,-0.37600,-7.08000,-86.96700,-7.63200
1537108991.75900,-0.09800,0.04000,0.12600,-17.56300,-92.03300,11.40700
1537108992.04600,0.00800,0.13700,0.23900,-18.49900,-92.44900,13.71500
1537108992.23900,-0.09000,0.37500,0.38100,-19.23100,-92.59700,15.71800
1537108992.24000,-0.21300,0.28700,0.40200,-20.46000,-93.26600,19.45100
1537108992.24100,-0.20000,0.27300,0.60400,-21.94300,-94.32800,23.86300
1537108992.24200,-0.32800,0.31200,0.83500,-23.11400,-95.72500,27.20600
1537108992.88800,-0.22600,-0.04000,1.14000,-24.45000,-99.69000,32.70400
1537108993.85900,-0.17700,0.06600,0.18000,-24.67700,-103.51100,36.78700
1537108994.14600,-0.01400,0.27000,0.89300,-25.67300,-108.58800,43.61800
1537108994.26000,-0.29300,0.12900,0.57300,-27.40700,-110.72000,47.20100
1537108994.26100,-0.15400,-0.47300,0.33500,-28.38600,-114.26800,50.74400
1537108994.26200,-0.38100,-0.86100,0.51900,-26.92800,-117.36400,52.59500
1537108994.26300,-0.09500,-1.06900,0.30500,-25.23800,-118.49800,52.28900
1537108994.43600,-0.15900,-0.80900,0.25400,-22.76000,-119.15100,49.85300
1537108994.46900,-0.27000,-0.61600,0.26900,-21.34600,-119.37400,47.05800
1537108994.47000,-0.40000,-0.53100,0.29200,-18.43300,-119.50200,41.22800
1537108994.52300,-0.32300,-0.01100,0.21000,-12.31400,-117.01400,20.79200
1537108994.52300,-0.24200,0.36200,0.20600,-11.15700,-115.43800,14.98200
1537108994.52400,-0.13100,0.53100,0.08700,-9.61900,-112.49300,5.78000
1537108994.52500,0.17800,0.94200,-0.26900,-7.70700,-109.76000,-4.00300
1537108994.54900,-0.00600,0.24700,-1.60300,-1.44800,-97.10600,-17.99200
1537108994.55000,0.04500,0.00800,0.06000,-10.65100,-92.34100,-1.65400
1537108994.55000,0.04000,-0.05000,0.08600,-11.63300,-93.29600,0.73000
1537108994.55100,0.03500,0.01600,0.07500,-12.06000,-94.36500,1.94200
1537108994.57700,0.01300,-0.00100,0.03000,-12.37100,-94.51300,2.86800
1537108994.57800,0.07900,-0.22900,-0.26800,-12.89200,-95.55900,4.32800
1537108994.65100,0.07800,0.04900,0.31600,-11.20600,-86.29200,21.72100
1537108994.65200,0.17800,0.11600,0.35700,-7.85900,-83.12500,14.06300
1537108994.65200,0.23700,0.35200,0.33000,-6.07300,-80.45400,8.71000
1537108994.68000,0.38700,0.73200,0.00000,-3.24400,-75.58900,0.44800
1537108994.68100,0.70200,1.02900,-0.28500,-1.24200,-71.86800,-5.15100
1537108994.68200,0.26400,-0.62800,-1.67300,6.87400,-55.36400,-17.34700
1537108994.68300,0.45000,1.36500,1.45300,5.05600,-54.49600,-15.23700
1537108994.70100,-0.65700,-0.58600,-0.71500,4.48800,-52.22300,-13.18800
1537108994.70100,0.30300,0.47000,-0.48700,2.81500,-51.07000,-10.83000
1537108994.72400,0.30300,-0.25300,-0.31900,0.80900,-50.15000,-9.00900
1537108994.76000,-0.11300,0.12600,-0.35900,-1.02400,-48.44600,-7.24500
1537108994.76000,-0.07900,-0.02200,-0.22200,-1.68100,-47.31000,-6.71900
1537108994.76000,0.06000,-0.05200,-0.01700,-3.00200,-47.18100,-6.09300
1537108994.76100,0.01400,0.05200,-0.03600,-3.93400,-47.08500,-5.81700
1537108994.83800,0.03600,0.03400,-0.06900,-5.05700,-46.65400,-5.25300
1537108994.83800,0.12200,0.01500,-0.00400,-5.99000,-46.38500,-4.66800
1537108994.83900,0.08900,-0.03800,-0.00800,-6.37700,-46.10700,-4.20700
1537108994.85700,-0.00100,-0.07900,-0.01300,-7.32500,-45.81000,-2.81500
1537108994.85700,0.12000,-0.06300,0.06600,-7.90300,-46.27900,-1.88600
1537108994.93800,0.07600,0.00000,0.04900,-8.24500,-46.31400,-1.17400
1537108994.93900,0.05300,-0.01800,0.00000,-8.81300,-46.01600,-0.01900
1537108994.94000,0.04200,-0.00800,-0.01900,-9.39200,-45.92900,1.30700
1537108994.95900,0.07300,-0.00800,0.01200,-9.77400,-45.98600,2.22700
1537108995.04300,0.06000,0.03500,-0.01100,-10.32000,-46.02500,3.63200
1537108995.04300,-0.00600,0.01300,-0.03800,-10.65500,-46.03900,4.55800
1537108995.06800,0.02000,0.00800,-0.01300,-11.13300,-46.20600,5.85300
1537108995.06800,0.06700,-0.00500,0.02300,-11.55700,-46.50500,7.10000
1537108995.11900,0.06100,0.03300,0.03800,-11.84300,-46.62500,7.99600
1537108995.12000,0.01400,0.04900,0.09300,-12.31800,-46.90100,9.54500
1537108995.14200,-0.00900,0.09000,0.08600,-12.69600,-46.94300,10.74600
1537108995.22700,0.15700,0.14900,0.10600,-13.29400,-46.93500,12.78100
1537108995.22800,0.16900,0.22400,0.19000,-13.63700,-46.89700,14.40100
1537108995.22900,0.08500,0.17500,0.25800,-14.11400,-47.22200,17.30700
1537108995.64500,0.24200,0.19800,0.34200,-14.71900,-47.38500,20.73300
1537108995.64500,0.36700,0.23200,0.52100,-15.28200,-47.72700,23.39700
1537108996.09000,0.40800,0.22000,0.63100,-16.40200,-48.53300,27.96400
1537108996.51100,0.64500,0.07900,0.80000,-17.24400,-49.67100,31.40500
1537108996.51200,0.29100,0.13400,0.40300,-17.44800,-52.44400,36.78500
1537108996.70200,0.73300,0.06200,0.58700,-17.60000,-55.53300,42.97300
1537108996.70200,0.44800,0.00100,0.56600,-19.69500,-55.37300,46.18300
1537108996.70200,-0.03000,-0.25500,0.32200,-21.80000,-55.63100,49.15400
1537108996.70300,0.53300,-0.86700,0.67500,-22.59700,-55.76000,50.73000
1537108997.06000,0.47800,-1.00400,0.26700,-23.78500,-54.44500,50.76100
1537108997.46300,0.33600,-0.71800,0.18500,-24.69400,-51.17400,48.17300
1537108997.46400,0.23600,-0.62700,0.15100,-24.40000,-48.42000,45.11700
1537108997.46400,0.27300,-0.48400,0.19300,-22.01900,-44.79800,39.33500
1537108997.46500,0.31000,-0.37700,0.32600,-19.86500,-42.83500,34.92800
1537108997.48300,0.20000,-0.07200,0.30900,-16.47400,-39.84900,27.72300
1537108997.48400,0.19800,-0.03900,0.19800,-14.02400,-37.90800,22.61300
1537108997.59400,0.35600,0.14300,0.16400,-10.84300,-35.01200,14.73100
1537108997.59500,0.26400,0.52200,-0.04800,-8.15300,-31.53300,6.30400
1537108997.59500,0.34000,0.71700,-0.28700,-6.32200,-29.02700,0.31700
1537108997.59600,-0.98300,1.23400,-1.00300,-3.70300,-24.60100,-8.74400
1537108998.06400,-0.92900,0.10100,-1.33800,-1.12400,-22.21400,-13.61300
1537108998.06500,-1.52000,-0.54500,-1.82400,2.73400,-17.83200,-18.22800
1537108998.06600,-1.46900,-0.99200,-1.53400,3.98000,-16.50500,-19.40500
1537108998.14400,-0.60600,-0.18300,-1.02200,2.12800,-16.85900,-18.38400
1537108998.14400,0.06700,0.03300,0.01300,-10.61600,-9.87500,-0.78200
1537108998.14400,0.33700,0.19100,0.14800,-15.99700,-9.75600,17.79800
1537108998.45600,0.51700,0.23800,0.14900,-16.90800,-10.16400,21.84700
1537108998.45600,0.36100,-0.13800,0.30400,-23.61800,-22.27000,47.73600
1537108998.74600,0.13700,-0.48300,0.01400,-24.04800,-23.74000,50.25600
1537108998.74700,0.59000,-1.06200,0.04000,-23.81300,-25.04100,51.43300
1537108998.74700,0.34800,-0.87900,-0.02100,-23.16400,-24.49100,50.18700
1537108998.84400,-1.22400,-0.72500,0.21100,-1.96700,1.85300,-19.58400
1537108998.98000,0.05800,-0.01000,-0.00200,-11.73400,5.23100,-5.02200
1537108998.98100,0.04900,-0.05100,-0.02300,-12.07300,5.10800,-4.07900
1537108999.53700,-0.02000,-0.01900,-0.01300,-12.43900,5.10200,-2.40500
1537108999.53800,-0.00100,0.01500,0.01500,-13.02300,4.77500,-0.76100
1537108999.53900,0.03600,0.00500,-0.01600,-13.44400,4.17700,0.26900
1537108999.54000,0.02900,0.00700,-0.03500,-13.99000,3.86600,1.73900
1537108999.66500,0.01400,0.02300,-0.01700,-14.31900,3.34700,2.71800
1537108999.66600,0.02500,0.01900,-0.00200,-14.84300,2.86400,4.19700
1537108999.69300,0.12900,0.04700,0.04700,-15.73000,1.89900,6.71700
1537108999.69400,0.55800,-0.86800,0.15700,-32.00700,-13.80000,53.28700
1537108999.69500,0.34000,-0.81700,-0.02400,-31.11300,-12.02600,51.75800
1537108999.69500,0.35900,-0.66300,-0.04400,-26.35600,-7.43500,44.40000
1537108999.72200,0.36900,-0.46800,0.02000,-22.22800,-4.51300,37.98800
1537108999.72200,0.42500,-0.35900,0.00800,-19.51300,-2.66300,33.24800
1537108999.76400,-0.83800,0.63800,-0.46300,-1.17900,24.55500,-15.74900
1537109000.08500,0.03700,-0.05600,-0.02900,-9.87200,26.33100,-6.88000
1537109000.08600,0.08000,-0.02900,-0.03600,-10.41400,25.98800,-5.42000
1537109000.08700,0.01700,0.00500,-0.00700,-12.05400,25.65600,-1.58600
1537109000.11500,0.01500,0.00400,-0.00800,-13.78200,25.46200,3.42500
1537109000.11500,0.06700,0.03200,-0.00500,-14.20200,25.71300,4.98100
1537109000.11500,0.08300,0.05400,0.05100,-14.51700,25.71600,6.07700
1537109000.11600,0.06500,-0.10400,-0.49800,-16.19300,46.47300,24.00200
1537109000.21500,0.04700,0.05400,-0.50300,-13.40800,48.77400,18.59100
1537109000.21500,-0.21200,0.48000,-0.41000,-9.78600,51.61300,9.59200
1537109000.26400,-0.70500,1.00700,-0.22200,-8.19600,53.40900,3.28300
1537109000.37700,-1.38000,0.13900,1.67000,-4.21300,61.55100,-12.94800
1537109000.37700,-2.15900,-0.41200,0.99800,-2.27600,64.81600,-15.37000
1537109000.37900,0.82500,1.38000,-1.41800,-2.11400,69.29100,-14.93500
1537109001.02400,-0.17600,-0.27700,1.06800,-2.91400,70.51500,-13.72300
1537109001.08000,-0.59500,-0.01900,-0.22700,-4.14900,71.77200,-11.84500
1537109001.08100,-0.13200,0.36000,0.76700,-5.38600,72.49100,-10.84400
1537109001.12900,-0.03500,-0.16400,-0.20900,-6.40200,73.63300,-9.55600
1537109001.36500,-0.02600,-0.31700,-0.04400,-6.98800,74.32600,-9.16000
1537109001.65700,0.00900,0.07500,-0.26600,-8.14100,74.91500,-8.76800
1537109001.65700,-0.08500,-0.09700,-0.19200,-8.98500,75.61500,-8.37000
1537109002.23400,0.01000,-0.04800,0.14600,-9.80100,77.23900,-7.68200
1537109002.34500,0.00700,-0.03900,-0.01300,-12.64600,79.12300,-1.30600
1537109002.34600,-0.01200,-0.02300,-0.05200,-13.23500,78.83200,0.09700
1537109002.34700,0.01700,0.02600,0.01100,-13.80800,78.69500,1.54000
1537109002.34700,0.02100,0.00900,-0.00300,-14.18600,78.60900,2.46100
1537109002.62800,0.00800,0.00800,0.00600,-14.71400,78.49000,3.82600
1537109002.62900,-0.00700,0.01300,-0.05100,-15.03200,78.27300,4.73700
1537109002.73600,0.01300,0.02900,-0.02200,-15.46500,77.95000,6.13700
1537109002.73700,0.09200,0.03200,-0.04500,-15.91500,77.37100,7.70800
1537109002.91400,0.15200,0.27600,-0.27100,-17.97300,76.39400,15.27300
1537109003.02900,0.22400,0.18900,-0.36900,-18.75800,76.13700,18.75400
1537109003.02900,0.22400,0.29100,-0.49300,-19.45800,75.87300,21.45900
1537109003.03000,0.40200,0.22100,-0.71600,-20.89700,74.90600,26.19200
1537109003.03000,-0.65200,0.47300,0.35800,-3.30000,84.98000,-17.41800
1537109003.70300,-0.12700,0.23900,0.04000,-5.11800,85.89500,-15.43600
1537109003.70400,0.05400,-0.01700,0.47400,-5.90400,87.47800,-14.19800
1537109004.62100,-0.12300,0.00000,0.06700,-6.67500,88.71300,-12.89800
1537109004.96800,0.01600,0.02900,0.00200,-14.75800,89.10500,1.85000
1537109004.96900,0.07900,0.28500,-0.31600,-19.78100,87.25900,15.70900
1537109004.96900,0.17200,0.21700,-0.30400,-20.52300,86.96300,18.21200
1537109005.15400,-1.86400,-1.18700,1.93800,-3.27000,82.40900,-24.80100
1537109005.15400,-1.15000,-0.88900,1.88100,-3.62900,83.04100,-24.70000
1537109005.15500,-0.42500,0.08500,0.21500,-5.27700,89.37700,-18.79900
1537109005.15600,0.14400,-0.07200,0.39700,-6.58800,91.85500,-16.71500
1537109005.26000,-0.02500,-0.05900,0.48600,-7.24900,92.84700,-15.63800
1537109005.26100,-0.01000,0.10300,0.07200,-8.67000,93.05700,-14.50300
1537109005.26200,0.02100,0.01800,0.08600,-14.23900,90.89600,-3.67200
1537109005.26200,0.00000,-0.00300,0.00000,-14.85600,90.27900,-2.02100
1537109005.80200,-0.00700,0.03000,0.02700,-15.81800,89.45500,0.53300
1537109005.83100,0.04300,0.01000,0.02400,-16.18300,89.10300,1.51300
1537109005.83200,0.10300,0.06000,-0.05800,-17.69300,87.36800,5.71100
1537109006.16800,0.43300,0.32600,-0.89000,-24.11300,82.72400,26.16700
1537109006.27400,0.31900,-0.11800,-0.94300,-25.10200,78.11700,32.03200
1537109006.33700,0.06200,0.13000,-0.23800,-25.64700,75.02800,36.38100
1537109006.33800,0.18900,0.28000,-0.76300,-28.17800,72.18700,42.98900
1537109006.33900,0.24100,-0.24300,-0.68900,-30.68100,69.68700,47.05000
1537109006.88700,0.02200,0.17200,0.11900,-9.18500,95.56200,-13.97800
1537109006.88700,0.04700,0.51000,-0.02300,-10.19900,73.50900,4.55000
1537109006.88800,0.10400,0.19400,0.48500,-1.91300,98.93000,-15.51800
1537109006.88900,0.18800,-0.27000,0.52200,-3.18100,100.62700,-13.88400
1537109006.90400,-0.10600,-0.11700,-0.15100,-6.23200,102.16600,-11.50500
1537109007.01800,-0.05800,-0.06300,0.00300,-8.09900,104.85500,-9.84100
1537109007.01800,-0.03600,0.02500,0.04800,-8.82300,105.77600,-8.76600
1537109007.01900,-0.05700,0.00300,-0.02200,-9.47500,106.22000,-7.40900
1537109007.02000,-0.00500,0.00700,0.04700,-9.85500,106.41000,-6.52100
1537109007.45500,-0.02900,-0.10800,-0.01000,-10.30700,106.76000,-5.31000
1537109007.59600,0.02500,-0.00200,0.03800,-10.61500,106.90000,-4.36900
1537109007.59700,-0.00700,0.00200,0.04800,-11.15900,107.22700,-3.08600
1537109007.59800,0.01000,0.00500,0.07400,-11.53500,107.31400,-2.28700
1537109007.59800,-0.08400,-0.46800,-0.61200,-25.19300,93.64800,45.94300
1537109007.77100,0.11300,-0.62900,-0.37400,-26.05300,93.54000,48.57200
1537109008.54000,-0.00500,-0.60800,-0.31700,-24.26900,98.91700,43.31500
1537109008.54100,1.16300,-0.89400,0.69400,3.12100,131.57000,-19.43000
1537109008.54200,0.24400,-0.33100,0.18500,-0.75500,136.44400,-13.91200
1537109008.54300,0.20300,0.02300,0.28900,-1.29000,138.92000,-12.86900
1537109008.56000,0.10200,0.08400,0.08900,-2.22100,138.84900,-12.37400
1537109008.56100,-0.17800,-0.11000,-0.09700,-3.72500,138.19000,-11.86100
1537109008.58300,-0.25000,0.00400,-0.11000,-5.05600,138.04500,-11.01900
1537109008.96100,-0.19700,0.12600,-0.10300,-13.75300,134.82900,11.27100
1537109008.96200,-0.29600,0.26500,-0.15600,-14.25200,135.03100,13.14700
1537109008.96300,-0.04400,0.36800,-0.31000,-15.02800,133.71700,16.75600
1537109008.96300,-0.11500,0.37300,-0.72400,-15.53500,133.00000,19.59400
1537109009.92400,-0.52700,0.05100,-0.81900,-17.75400,128.63100,30.00400
1537109009.97900,-0.59600,-0.15000,-0.40700,-18.53100,126.99200,33.98700
1537109009.98000,-0.34800,0.47600,-0.10600,-20.62900,126.05800,40.66000
1537109010.21800,-0.29100,0.17800,-0.23000,-23.95300,127.17800,44.30100
1537109010.21900,-0.33900,-0.48200,-0.45000,-27.99400,127.82200,47.63400
1537109010.22000,0.81800,-0.20800,0.30900,-5.24900,152.94600,-25.07600
1537109010.66600,0.17700,0.20400,-0.26600,-4.68900,155.31000,-23.24500
1537109010.66700,0.06800,-0.47600,0.03600,-4.17800,159.21200,-22.13700
1537109010.66700,0.76800,0.33100,0.18100,-4.07000,163.27600,-20.52000
1537109010.66800,0.58200,-0.05800,0.34700,-4.18500,164.76800,-19.53200
1537109011.31400,-0.04700,0.00600,0.07500,-11.16700,168.15200,-11.32500
1537109011.34900,-0.50700,-0.70300,-0.19300,-31.83100,155.43400,46.54800
1537109011.34900,-0.49000,-1.01000,-0.32600,-31.93100,154.78600,48.40100
1537109011.35000,-0.43000,-0.93200,-0.22100,-31.06800,154.97400,47.89000
1537109011.35100,-0.25800,-0.66900,-0.19600,-28.84200,156.53200,44.88500
1537109011.63200,-0.34100,-0.56100,-0.19500,-26.56700,157.72300,41.82300
1537109011.63300,-0.42200,-0.51300,-0.28300,-22.21200,159.17000,35.90300
1537109012.45200,-0.41900,-0.29200,-0.29200,-18.01300,160.71800,28.87800
1537109012.45200,-1.18700,0.60400,-0.43600,0.02800,176.47000,-21.82200
1537109012.45300,1.18600,-0.01000,-0.29700,0.46600,177.96400,-20.81800
1537109012.45400,0.84800,0.42400,0.28400,-0.79400,-179.24200,-17.68100
1537109012.62800,-0.11000,-0.17000,0.49900,-1.71900,-178.85000,-16.51900
1537109012.62900,-0.40300,-0.35300,-0.00600,-18.11900,-177.19900,32.26300
1537109012.71400,-0.44000,-0.13900,-0.01200,-14.07200,-175.06500,24.75500
1537109012.71500,-0.13000,0.75900,0.32300,-5.41300,-166.46800,2.29400
1537109012.71500,0.21500,0.37900,0.56200,6.83400,-142.17500,-17.47200
1537109012.71600,-0.37000,0.06400,0.24400,4.53200,-141.22700,-15.32800
1537109013.00300,0.21000,-0.41700,-0.19200,-0.30400,-137.53300,-8.30300
1537109013.00300,0.06900,-0.03700,0.03800,-9.92000,-134.60800,0.27900
1537109013.00400,-0.00100,0.03000,0.03600,-10.41800,-133.58300,1.63400
1537109013.00500,0.05400,0.00800,-0.01000,-10.69600,-133.45800,2.51400
1537109013.13400,0.01200,0.01100,0.02900,-11.09200,-132.66200,3.78100
1537109013.13500,-0.24900,-0.11700,0.08800,-15.52600,-122.33700,24.74600
1537109013.13500,-0.21300,0.01800,0.21200,-11.43000,-120.98400,16.70200
1537109013.13600,-0.15300,0.39700,0.31800,-8.10700,-119.50800,7.91200
1537109014.07300,0.01000,0.68200,0.22400,-6.34300,-117.93100,1.53700
1537109014.07400,0.74500,1.51300,-0.07400,-4.03400,-114.53200,-8.20600
1537109014.25300,0.24400,0.19300,-0.13100,-2.09100,-97.95700,-11.06900
1537109014.36000,0.03200,-0.19800,-0.55300,-3.67200,-97.60900,-8.82200
1537109015.43500,-0.09400,0.21000,0.53800,-24.20300,-107.75300,42.82800
1537109015.73200,-0.09100,-0.20300,0.47900,-28.05000,-107.61600,46.80800
1537109015.73200,0.10400,-0.54800,0.37200,-29.47900,-108.77400,49.44000
1537109015.73200,0.01900,-1.06700,0.47300,-29.16900,-108.78900,50.25800
1537109016.41100,0.03400,-0.48900,0.37600,-20.46800,-101.06000,36.63500
1537109016.41100,0.02400,-0.38200,0.46900,-17.98100,-99.37400,31.98500
1537109016.49400,0.04700,0.03600,0.27700,-12.05900,-95.68400,18.71700
1537109016.49400,0.08500,0.32900,0.26200,-9.42800,-93.93200,9.88300
1537109016.49500,0.18300,0.79500,-0.22100,-7.39400,-92.37600,0.23500
1537109016.49500,0.41500,1.21300,-0.56600,-6.42600,-91.79700,-6.41300
1537109016.52100,-0.16600,-0.00700,-0.95500,-4.17800,-75.95900,-13.10900
1537109016.52100,-0.34100,0.24800,-0.48500,-5.01700,-74.50500,-11.62500
1537109016.52200,0.07400,-0.14900,0.03500,-6.31000,-74.90300,-10.84600
1537109016.52300,0.10800,-0.01900,0.02800,-7.23700,-75.13100,-10.50400
1537109016.87900,0.12800,-0.07800,0.12100,-8.77700,-74.27600,-9.59100
1537109017.19800,0.06200,-0.04200,-0.03400,-9.10200,-73.15000,-8.54500
1537109017.19900,0.00700,0.05600,-0.07200,-9.78400,-73.13400,-6.98500
1537109017.27300,0.09600,-0.00600,0.16900,-10.26700,-73.73900,-5.95100
1537109017.30900,0.34300,0.93600,-0.31900,-3.70200,-105.94000,-9.17900
1537109017.30900,0.80100,0.59200,-0.83600,-0.38800,-102.73700,-16.68900
1537109017.31000,0.12600,-0.06700,-0.13100,-5.00600,-90.98700,-7.77500
1537109017.31100,0.04300,0.05100,0.11600,-8.08300,-91.07500,-3.97500
1537109017.85400,0.01400,0.33500,-0.18200,-4.89400,-116.32300,2.15300
1537109017.85400,0.26600,-0.02800,-1.08100,4.61000,-104.68200,-18.30000
1537109018.17200,0.23900,0.59700,0.08000,2.60400,-105.14600,-16.55700
1537109018.17300,0.11000,0.34500,0.07200,-0.37600,-104.81600,-13.23800
1537109018.17300,-0.07800,0.27600,0.08100,-15.16000,-105.02900,9.58300
1537109018.28000,-0.21400,0.40300,0.10500,-15.83700,-106.05700,12.64900
1537109018.28000,-0.38700,0.25800,0.38100,-17.41600,-107.79400,18.94000
1537109018.28100,-0.48400,0.23800,0.50200,-18.23200,-108.94300,22.04400
1537109018.35700,-0.27000,-0.03600,0.58300,-21.06700,-113.12100,30.95000
1537109018.35800,0.02600,0.33900,0.41200,-23.36400,-115.89400,37.00200
1537109018.35900,-0.26300,0.44800,0.50200,-27.00300,-117.56100,42.91700
1537109018.38400,-0.27300,-0.71900,0.45400,-30.70200,-119.23700,48.71600
1537109018.38400,1.35800,0.49300,-1.28200,1.87200,-90.09100,-13.20000
1537109018.43600,0.20900,0.01100,0.40100,-4.23400,-76.62400,-10.49400
1537109018.43700,0.02500,-0.08000,-0.28800,-4.51000,-74.09300,-9.55900
1537109018.43800,-0.04400,0.14500,-0.35700,-4.99000,-73.03000,-8.75600
1537109018.43800,0.16700,-0.10600,0.17100,-5.87800,-73.98300,-7.55300
1537109018.46300,0.07900,-0.00700,0.16700,-6.38500,-74.73100,-6.49600
1537109018.46400,0.04700,0.30300,0.77900,-15.10600,-72.61600,24.33300
1537109018.46400,0.39600,0.20900,0.88500,-16.68400,-73.73800,29.77100
1537109018.46500,0.39100,-0.02100,0.15200,-12.35900,-55.08200,24.14000
1537109018.54200,0.56000,0.08700,0.10000,-9.99100,-52.07200,19.16500
1537109018.54300,0.47800,0.59100,-0.42700,-4.23100,-43.16400,3.17500
1537109018.54300,0.38700,0.88700,-0.69200,-2.58200,-40.79600,-2.68300
1537109018.54400,-0.47300,0.62000,-1.44700,-0.19800,-36.08400,-10.80600
1537109018.56800,-0.62900,-0.24600,-1.52700,1.77600,-32.78700,-15.09300
1537109018.56800,-1.21700,-0.85100,-2.09000,4.80000,-28.21800,-18.82300
1537109018.56800,-0.73500,-0.42600,-1.31700,5.24400,-26.12200,-19.25900
1537109018.66500,0.22300,0.57000,0.60800,3.76200,-25.77800,-17.81700
1537109018.69000,-1.14500,-0.76500,-0.28800,2.78100,-25.39600,-16.86200
1537109018.75100,-0.37900,0.67300,-0.05500,1.60500,-25.85800,-15.56000
1537109018.75200,0.58400,-0.13200,-0.81200,-0.81900,-28.03500,-14.36800
1537109018.75300,-0.13500,0.62400,0.06800,-2.40400,-28.00800,-13.70900
1537109018.75400,0.12300,-0.33600,-0.05400,-2.92700,-26.30700,-12.38500
1537109018.83300,0.03800,-0.06600,0.00000,-3.74200,-25.37200,-11.80300
1537109018.83300,0.06500,0.06000,-0.08300,-4.57300,-24.94200,-11.43100
1537109018.83300,0.32000,-0.06900,0.03200,-5.93400,-25.11700,-10.69600
1537109018.83300,-0.01300,0.03500,-0.07500,-6.50900,-24.69500,-10.01300
1537109018.85900,-0.15400,0.04700,-0.05200,-7.03800,-23.76200,-8.92100
1537109018.85900,0.13600,-0.02200,0.00300,-7.58200,-23.59600,-7.76100
1537109018.85900,0.25900,-0.08100,0.01200,-7.96400,-23.67700,-6.99200
1537109018.85900,0.10800,-0.01600,-0.01400,-8.45100,-23.21600,-5.80000
1537109018.95900,-0.06800,-0.03200,0.01000,-8.62500,-22.51200,-4.97400
1537109018.95900,-0.21100,0.16800,-0.01400,-9.18900,-21.59600,-3.36400
1537109018.96000,0.15000,-0.07500,-0.00700,-9.84600,-21.45200,-2.01400
1537109019.00500,0.08400,-0.00800,-0.01600,-10.26700,-21.33200,-1.12700
1537109019.08500,-0.00700,0.01900,-0.00400,-10.79200,-20.49400,0.25700
1537109019.11900,0.06700,-0.00700,-0.00800,-11.13500,-20.40300,1.18400
1537109019.12000,0.03200,0.01400,0.00100,-11.67300,-19.71500,2.55800
1537109019.12100,-0.00700,0.00100,-0.01900,-12.00600,-19.64400,3.47500
1537109019.12200,0.08600,0.01400,0.00800,-12.47200,-19.42600,4.86900
1537109019.14500,0.05500,-0.00200,0.01900,-12.92000,-19.64700,6.32900
1537109019.14600,0.04500,0.02100,0.03900,-13.24000,-19.16000,7.35400
1537109019.14700,0.09600,0.02300,0.02900,-13.80400,-19.30100,8.99000
1537109019.14700,0.19000,0.12300,-0.04300,-14.17100,-18.80400,10.16000
1537109019.72400,0.12900,0.24300,0.06400,-14.68500,-18.90400,12.21300
1537109019.72400,0.10100,0.20900,0.22700,-15.13300,-19.00100,14.82500
1537109019.72500,0.22800,0.18500,0.22800,-15.46200,-19.30500,16.80400
1537109019.72600,0.35800,0.23500,0.17200,-16.20900,-18.93400,20.08200
1537109020.09000,0.45300,0.19400,0.23600,-16.83100,-19.11500,22.61100
1537109020.09100,0.59000,0.14800,0.30600,-18.01900,-19.73900,26.95500
1537109020.09100,0.69700,0.10000,0.37900,-18.91500,-20.79400,30.08900
1537109020.09200,0.46100,-0.01100,0.23400,-19.74300,-23.28800,35.03800
1537109020.86900,0.53200,0.18000,0.07400,-20.15300,-26.88400,40.64900
1537109021.36800,0.51000,0.15400,0.15800,-21.70100,-28.37400,43.98600
1537109021.84500,0.51300,-0.34000,0.37000,-23.30000,-29.39700,47.25300
1537109021.84600,0.37400,-0.80900,0.10000,-22.78200,-30.71000,49.03500
1537109021.86600,0.59300,-1.11800,0.04400,-22.65700,-30.84900,50.38800
1537109021.94600,0.37000,-0.65000,0.08500,-23.19400,-29.22200,48.53800
1537109022.71400,0.24600,-0.47500,0.00900,-23.60000,-26.98500,46.09700
1537109022.71400,0.32500,-0.50600,0.09400,-22.31500,-24.39000,41.09100
1537109022.71500,0.40800,-0.45300,0.14600,-20.54900,-23.24400,37.25300
1537109023.28500,0.27100,-0.07700,0.20500,-17.99200,-21.58900,30.83900
1537109023.31400,0.15600,0.09700,0.14200,-15.02700,-20.08200,23.76800
1537109023.31500,0.23900,0.05200,0.10700,-13.01100,-19.84200,18.97200
1537109023.97500,0.20500,0.42200,0.14600,-10.97300,-19.41700,11.53500
1537109023.97600,0.06800,0.48100,0.04300,-10.02900,-18.46800,6.49100
1537109023.97600,-0.67000,0.68500,-0.34000,-7.37300,-14.31000,-6.44400
1537109023.97700,-0.73800,0.34800,-0.40800,-4.77500,-10.71500,-13.44400
1537109024.04500,-1.08300,0.07100,-0.67500,-1.95200,-7.76100,-19.10900
1537109024.15000,-1.77600,-1.01100,-0.87200,-0.50100,-7.13700,-21.93300
1537109024.95000,0.00600,0.01500,-0.05000,-9.59500,-0.86900,-9.05100
1537109024.95000,-0.00100,-0.00700,-0.08100,-9.90200,-0.69400,-8.30600
1537109024.95000,0.00000,0.01000,-0.04100,-10.37400,-1.00600,-6.98200
1537109025.04500,0.39600,-0.35900,0.18600,-16.68300,-17.82100,33.78000
1537109025.04600,0.03300,0.06000,-0.06300,-8.66000,16.48000,-10.17600
1537109025.36600,0.06400,0.02600,-0.01100,-15.13900,11.28600,5.35600
1537109025.36700,0.11900,0.04000,0.03600,-15.69500,10.89900,6.91700
1537109025.36800,0.17700,0.12000,-0.08400,-17.96300,10.17300,12.34000
1537109025.41000,-0.18900,-0.27500,0.04500,-8.24900,44.21900,-4.84100
1537109025.47200,-0.02700,0.09600,-0.06200,-8.90800,43.81100,-4.44400
1537109025.47200,0.00300,-0.03700,0.03300,-10.08400,43.21700,-3.30200
1537109025.47300,0.59200,-0.11000,-0.39500,-18.22800,40.28200,34.95300
1537109025.65300,0.11200,-0.56000,-0.36800,-28.44200,40.16500,50.72600
1537109025.65400,-0.02800,-0.08800,-0.08900,-6.14100,85.73600,-11.64600
1537109025.65400,0.01300,-0.00900,-0.04100,-7.52800,87.03700,-11.01700
1537109025.75300,-0.07000,0.02900,-0.04700,-8.63100,87.91200,-10.34300
1537109025.93600,-0.05300,-0.08500,0.01100,-9.30100,88.75500,-9.77200
1537109027.59000,0.00900,-0.04100,0.01200,-11.86900,89.61600,-4.86100
1537109027.69300,0.00700,0.00700,-0.00800,-13.91800,89.19000,0.29700
1537109027.87900,0.07200,0.07100,-0.20600,-17.28800,88.41000,17.79900
1537109027.98900,-0.03000,0.40400,-0.08300,-15.27100,90.59700,12.05700
1537109027.99000,-0.09200,0.49500,0.07200,-12.05700,92.74100,3.21500
1537109027.99100,-0.25100,0.90700,0.43300,-9.36400,92.93500,-5.88100
1537109030.09100,-0.32000,1.06600,1.20500,-8.19800,92.85300,-11.76700
1537109030.09200,-0.12900,0.05600,2.27800,-6.19800,92.33500,-19.06600
1537109030.09300,0.01900,0.07800,0.00600,-10.60700,104.16400,-11.31300
1537109030.09400,-0.07300,-0.04500,-0.13300,-11.31500,104.40500,-10.33200
1537109030.22100,-0.02600,0.01200,0.10700,-11.53300,105.06900,-9.78900
1537109030.22100,-0.02500,-0.01800,0.01800,-11.94000,105.25400,-8.55400
1537109030.22200,-0.00400,-0.04000,-0.06600,-12.42400,104.43000,-7.07300
1537109030.76600,0.02000,0.00200,-0.05600,-12.77700,103.83000,-6.05300
1537109030.95000,-0.02700,-0.02900,-0.02900,-13.19000,103.79100,-4.55000
1537109031.08700,0.00600,-0.02400,0.03200,-13.43200,103.77600,-3.55500
1537109031.08800,0.03800,-0.00400,0.03900,-13.93000,103.65500,-2.02500
1537109031.08900,0.02500,0.00300,0.01900,-15.46600,102.54700,1.86900
1537109031.16200,0.07700,0.10800,-0.02600,-17.51900,101.18400,7.56400
1537109031.26900,0.10900,0.33700,-0.47200,-20.25200,99.34900,17.64500
1537109031.27000,0.10900,-0.71300,-0.43500,-26.15400,75.41200,46.64200
1537109031.27100,-0.01700,0.60600,0.09400,-8.51300,66.76700,1.60900
1537109032.10600,-0.77700,-0.98700,1.99900,0.56100,79.69700,-21.15700
1537109032.13900,-0.04800,-0.04700,0.31500,-4.45200,86.49300,-13.78000
1537109032.14000,-0.11700,0.01300,-0.10200,-5.45800,87.57600,-12.49200
1537109032.14100,0.01600,-0.11400,0.15300,-6.52400,87.96200,-11.38100
1537109032.31500,-0.24000,-0.11600,-0.50700,-23.88900,105.15500,44.89700
1537109032.62900,-0.31500,-0.54600,-0.57200,-25.57100,105.96400,46.78800
1537109033.23700,-0.06700,-0.71600,-0.40100,-27.26500,108.49300,48.76200
1537109033.23700,-0.43300,-0.74400,-0.20600,-25.91000,113.75200,45.91400
1537109033.31800,-0.44100,-0.50600,-0.11200,-24.49500,116.69700,43.39100
1537109033.31900,-0.50700,-0.15900,-0.07900,-14.46600,127.08700,29.09400
1537109033.32000,0.01200,-0.03500,0.06400,-9.26300,164.65800,-11.24600
1537109033.68900,0.00100,0.01500,-0.00400,-11.87900,162.98100,-4.87000
1537109033.68900,-0.05600,-0.00500,-0.00700,-12.20800,162.76900,-4.23600
1537109033.68900,-0.05600,-0.04000,0.03400,-12.66200,162.78700,-3.23800
1537109033.69000,-0.02800,0.02600,0.01500,-13.81100,162.25800,-0.13600
1537109033.97600,0.00000,0.00400,0.00500,-14.06500,162.22300,0.70100
1537109033.97700,-0.00900,0.01300,-0.01100,-14.67200,161.55800,3.07600
1537109033.97700,0.03700,0.00900,-0.03900,-15.07200,161.12600,4.65400
1537109033.97800,-0.05700,0.04900,0.01400,-15.37300,161.03000,5.76300
1537109034.07800,-0.06400,0.19800,-0.11800,-15.94500,160.34200,8.95200
1537109034.07900,-0.38600,-0.16300,-0.09600,-5.45000,162.28600,-22.70300
1537109034.08000,0.60100,0.41600,0.12000,-4.27500,169.57500,-21.11900
1537109034.36500,0.94600,0.15300,-0.04000,-3.63300,174.04200,-19.53400
1537109034.36600,0.23800,-0.08800,0.27900,-4.59800,175.97100,-17.84700
1537109034.54500,-0.01600,0.01600,0.14300,-6.36500,176.44900,-16.46100
1537109034.65000,0.03600,0.04600,0.01600,-8.53700,177.67700,-13.53400
1537109034.75700,0.04200,0.03100,0.06300,-9.35400,177.76300,-12.52800
1537109035.04600,-0.03300,0.03800,-0.05400,-17.12800,179.21100,4.35800
1537109035.15600,-0.29900,-0.40100,-0.38400,-15.97400,152.36900,35.65200
1537109035.15600,-0.19600,-0.10700,-0.30300,-13.64800,152.79300,31.21800
1537109035.15700,-0.25600,0.28400,-0.14600,-7.86000,157.72500,10.97500
1537109035.17700,-0.04700,0.56400,0.06200,-6.06200,161.87900,2.61600
1537109035.33600,1.15400,0.88600,1.12000,-1.99600,170.05500,-11.25900
1537109035.33600,0.07800,0.02000,0.05600,-5.71000,-173.22700,-7.02800
1537109035.44600,-0.02700,-0.02100,0.08500,-6.63600,-173.19800,-6.50100
1537109035.44600,0.03400,0.01400,0.03800,-7.33200,-173.32800,-5.93200
1537109035.44700,-0.05100,0.00900,0.01600,-7.77000,-173.63400,-5.49300
1537109035.44800,0.02900,0.02000,0.01000,-11.60400,-173.61900,1.45200
1537109035.47300,0.00700,0.00600,0.02600,-11.94900,-173.69800,2.15300
1537109035.47400,-0.00200,0.00300,0.03600,-12.43200,-173.92500,3.14500
1537109035.55100,-0.06200,0.00700,0.00100,-13.45500,-174.62200,5.62100
1537109035.55200,-0.07100,0.03000,0.04700,-14.83500,-174.90100,9.24000
1537109035.55300,-0.63800,0.11000,-0.11700,-18.45700,-178.26100,25.99700
1537109035.55400,-0.69700,0.05100,-0.05200,-18.94300,-179.43500,28.86200
1537109035.62800,-0.31500,-0.43000,0.43800,-21.38700,-165.03600,37.74300
1537109035.62800,-0.24500,0.21500,0.55600,-7.85600,-153.12900,15.91000
1537109035.62900,1.75200,0.34700,-0.94200,0.20400,-135.27000,-12.69500
1537109035.65100,0.06400,0.02300,0.00200,-4.88300,-118.32600,-5.32200
1537109035.65200,0.05300,-0.00500,0.10800,-6.09400,-118.22300,-5.02100
1537109035.94500,0.04400,0.05000,0.02300,-6.70400,-117.99900,-4.75300
1537109035.94600,0.01700,0.03200,0.00900,-7.30400,-117.59500,-4.18900
1537109035.94700,0.03800,-0.03800,0.01200,-7.74700,-117.16000,-3.63500
1537109036.02400,-0.01700,-0.00400,-0.00100,-9.31200,-117.17100,-1.41300
1537109036.02500,-0.01800,-0.01000,0.04200,-10.56000,-116.00800,1.10300
1537109036.02500,-0.00500,0.01600,0.00800,-10.86500,-116.04800,1.91100
1537109036.02600,0.03900,-0.00700,0.03300,-11.33200,-115.12900,3.14700
1537109036.05000,0.03100,0.00500,0.01600,-11.60500,-115.11200,3.92600
1537109036.05000,-0.01100,0.01600,0.03900,-11.95500,-114.41400,5.10300
1537109036.05100,-0.03100,0.01000,0.04900,-12.33000,-114.68800,6.40400
1537109036.05200,-0.03600,0.04000,0.04200,-12.58700,-113.97200,7.31400
1537109036.12400,-0.08900,0.09500,-0.03100,-13.01300,-114.23400,9.13700
1537109036.12500,-0.04700,0.14300,0.10900,-13.35700,-113.64600,10.56300
1537109036.20200,-0.11400,0.24300,0.19300,-13.79700,-113.82300,12.99500
1537109036.20300,-0.17300,0.23700,0.26600,-14.12800,-113.19400,15.02000
1537109036.22800,-0.20400,0.26300,0.43000,-14.70400,-113.45300,18.59000
1537109036.22800,-0.34400,0.29500,0.50500,-15.68400,-113.42200,22.93900
1537109036.43700,-0.46400,0.23800,0.63400,-16.57600,-114.16100,26.17300
1537109036.43800,-0.46800,0.09800,0.46800,-17.95400,-115.53900,31.29000
1537109036.60200,-0.05700,0.11300,0.55400,-18.24800,-117.37600,34.86700
1537109036.60300,-0.20800,0.07600,0.74600,-18.57600,-120.29800,40.74500
1537109036.60300,0.01200,-0.93300,0.37700,-21.93400,-122.47900,48.54900
1537109036.60400,-0.02800,-0.66100,0.34900,-22.22600,-121.04900,46.01500
1537109036.70600,-0.06000,-0.49800,0.26300,-21.21400,-119.25900,41.37100
1537109036.70600,-0.16400,-0.44600,0.37300,-19.53400,-118.80400,37.55500
1537109036.70700,-0.33000,-0.20200,0.30700,-16.81000,-118.55700,31.33500
1537109036.88900,-0.18200,0.03400,0.09200,-12.69900,-117.90900,19.64400
1537109036.88900,-0.15000,0.28200,0.19700,-11.50900,-117.63500,14.85500
1537109036.89000,-0.04100,0.42600,0.07300,-10.50500,-116.30400,7.32100
1537109036.99700,0.12800,0.55900,-0.06300,-9.32600,-114.06800,-0.64100
1537109036.99700,0.26600,0.69400,-0.43500,-8.34000,-112.33300,-6.00900
1537109036.99800,0.54200,0.33100,-0.93000,-6.35900,-109.60800,-13.51700
1537109036.99800,0.82100,0.17400,-0.96500,-4.93500,-108.15400,-17.75000
1537109037.01500,1.02800,-0.75900,-1.72200,-3.71000,-107.32800,-22.64600
1537109037.30900,0.92400,-0.32400,-0.79300,-4.34200,-109.06200,-24.80000
1537109037.31000,0.79000,0.38800,-0.70900,-5.14400,-108.46600,-24.08000
1537109037.31100,-0.31100,0.61700,0.87600,-4.44300,-105.14000,-21.89700
1537109037.57300,0.36500,0.01600,-0.24500,-4.19900,-96.73600,-17.98000
1537109037.57400,-0.02000,0.19100,-0.39800,-5.05800,-95.58700,-16.97200
1537109037.57400,0.05100,0.03400,-0.11800,-8.98900,-93.28100,-11.11400
1537109037.57500,0.05300,-0.01300,-0.01400,-9.46700,-93.18300,-9.98000
1537109037.60000,0.06000,0.00200,0.06100,-9.81000,-93.47100,-9.16700
1537109037.60100,0.02900,-0.03400,0.04600,-10.16100,-93.98300,-7.85100
1537109037.60200,0.01000,-0.01500,0.00400,-10.34000,-94.24000,-6.90500
1537109037.60300,0.00900,0.00000,-0.01200,-10.59300,-94.48100,-5.59700
1537109038.27400,0.04600,-0.05500,0.08200,-10.82900,-94.84300,-4.32400
1537109038.54300,0.02300,0.00200,-0.04800,-11.05000,-95.05900,-3.49100
1537109038.54400,0.02200,0.00100,0.01800,-11.84400,-96.14400,0.40300
1537109038.54500,0.01300,0.00200,0.05900,-12.10300,-96.58400,1.88100
1537109038.54600,0.03600,0.06600,0.05600,-12.92400,-97.67100,6.55700
1537109038.57000,0.03600,0.14700,0.05400,-13.08900,-97.90000,7.98900
1537109038.57100,-0.07100,0.23500,0.09000,-13.22000,-98.66600,10.34900
1537109038.57100,-0.15900,0.21700,0.15000,-13.25000,-99.41600,12.97400
1537109038.57200,-0.09600,0.21500,0.29100,-13.28300,-99.76900,14.92800
1537109038.58900,-0.06500,0.21900,0.39100,-13.43100,-100.05200,18.31800
1537109038.64600,-0.06100,-0.51800,0.34300,-16.05000,-115.93800,43.02700
1537109038.64700,-0.22500,-0.61300,0.63300,-16.14700,-117.61400,44.06100
1537109038.64800,-0.11800,-0.80100,0.39000,-15.92800,-119.45800,43.66900
1537109038.77400,-0.23200,-0.70400,0.42800,-15.64400,-119.88800,40.96400
1537109038.83200,-0.08200,0.40000,0.02400,-10.37400,-114.47700,4.56300
1537109038.83300,0.02900,0.56000,-0.17600,-9.65000,-111.34900,-3.31400
1537109038.83400,0.05400,0.59000,-0.62700,-8.78000,-108.97500,-8.55200
1537109038.83500,0.29500,0.39400,-0.77600,-6.52700,-106.80900,-15.54800
1537109039.54200,0.77900,0.12500,-1.11000,-4.92600,-105.70300,-19.46000
1537109039.54200,1.06800,-0.67900,-1.68900,-3.16300,-105.28800,-23.83600
1537109039.54200,0.73500,-0.52000,-0.87900,-4.19500,-106.49400,-24.66300
1537109039.54300,0.64800,-0.05900,-0.90500,-4.67600,-105.70000,-23.39600
1537109039.61500,-0.05200,0.11800,0.05000,-17.11800,-105.78500,5.58600
1537109039.61600,-0.57000,0.28300,0.54200,-23.12200,-111.59900,23.40600
1537109039.64600,-0.58100,0.14800,0.86700,-24.16600,-114.88400,28.39000
1537109039.64700,-0.45900,0.00100,0.65000,-24.74400,-117.99200,32.18000
1537109039.64800,-0.16700,0.19400,0.26700,-25.93600,-122.45700,38.34700
1537109039.64900,-0.36500,0.30700,0.49700,-28.72500,-125.30400,44.33000
1537109039.83000,-0.50800,-0.08600,0.62500,-30.03100,-127.29300,47.17900
1537109039.83100,-0.17300,-0.64400,0.35400,-30.76800,-129.08200,50.50800
1537109039.83100,0.02800,-0.65500,0.06900,-30.89300,-129.07300,51.59100
1537109039.83200,-0.23500,-0.78200,0.32900,-29.48800,-128.87400,50.59800
1537109040.01100,-0.10900,-0.73800,0.29200,-26.53000,-127.52200,47.12000
1537109040.01100,-0.12800,-0.68200,0.26200,-23.89300,-126.48700,43.69000
1537109040.79600,-0.20800,-0.52700,0.29900,-19.95700,-124.78100,37.45200
1537109040.79700,-0.20900,-0.33900,0.36200,-17.54800,-123.54400,32.72900
1537109040.98200,-0.22900,-0.07900,0.33400,-14.36800,-121.48800,24.97000
1537109040.98300,-0.13400,0.06100,0.29900,-11.59600,-118.80100,16.70900
1537109040.98400,-0.03400,0.38600,0.23900,-10.06600,-116.61100,10.94100
1537109041.16800,0.19300,0.62400,0.00000,-7.91300,-113.30800,1.81200
1537109041.16900,0.03500,0.01800,-0.00500,-12.57900,-93.79400,-0.95900
1537109041.17000,0.03300,0.01900,-0.02400,-13.11100,-94.27100,0.13800
1537109041.17100,0.02900,0.00500,-0.00100,-13.61800,-94.54100,1.12200
1537109041.26900,0.03100,-0.00200,0.04000,-13.93200,-94.80100,1.77100
1537109041.27000,0.02500,0.01900,0.03000,-14.47900,-95.18700,2.68400
1537109041.29700,0.01300,0.09000,-0.01300,-14.96600,-95.47300,3.65600
1537109041.29700,-0.04200,0.04000,0.03600,-15.27200,-95.83400,4.35600
1537109041.29800,-0.01700,-0.00300,0.12300,-15.74600,-96.30000,5.57500
1537109041.34400,-0.05400,0.04200,0.13400,-16.14700,-96.64300,6.61800
1537109041.37900,-0.05900,0.09400,0.11200,-16.90900,-96.69800,8.66300
1537109041.37900,-0.08100,0.20800,0.25800,-18.57700,-96.75000,13.33200
1537109041.38000,-0.12000,0.23200,0.30400,-19.86400,-97.31900,17.03200
1537109041.38100,-0.24100,0.29000,0.40900,-20.86900,-98.32000,19.83700
1537109041.45800,-0.35000,0.19400,0.78600,-22.47700,-100.78200,24.54200
1537109041.45800,-0.29700,-0.54500,0.39700,-26.04600,-117.90600,45.35900
1537109041.45900,0.04300,-0.08900,0.24700,-8.81700,-95.26700,-10.78800
1537109041.74600,0.03300,-0.07300,0.07100,-9.13700,-96.11000,-9.50300
1537109041.74700,0.02400,-0.01600,0.01600,-11.41900,-96.96600,-3.10400
1537109041.74800,0.05400,0.00100,0.05000,-11.76800,-97.03700,-2.26300
1537109041.74900,0.01400,-0.00800,0.05200,-13.29200,-97.58600,1.49300
1537109042.42700,-0.03200,0.06400,0.02700,-15.32700,-98.16000,6.36400
1537109042.42700,0.03600,0.15300,0.10300,-15.85600,-98.14800,7.76400
1537109042.42700,-0.02900,0.25100,0.11900,-16.62400,-98.43100,10.19200
1537109042.95300,-0.12900,0.19700,0.10600,-17.08300,-98.86500,12.08200
1537109042.95300,-0.18200,0.23600,0.24600,-17.73700,-99.60500,15.21400
1537109042.95300,-0.29700,0.21000,0.34600,-18.51200,-100.77900,18.89500
1537109043.13700,-0.40200,0.19000,0.56800,-19.09600,-102.05800,21.74900
1537109043.13800,-0.20300,0.08000,0.82800,-20.32900,-104.34700,26.61500
1537109043.13900,-0.20600,-0.08600,0.52100,-21.44400,-106.19500,30.09500
1537109043.13900,0.07400,0.48400,0.26500,-24.22300,-107.89300,35.41500
1537109043.21600,-0.24000,0.41400,0.47100,-26.07300,-109.26800,39.07000
1537109043.21700,-0.17700,-0.24300,0.66700,-28.38700,-111.21100,43.93200
1537109043.21800,0.03300,-0.66700,0.11300,-29.62000,-111.63200,47.20400
1537109043.24300,-0.01000,-0.87600,0.40300,-29.03900,-110.37700,48.05300
1537109043.24400,-0.01300,-0.64500,0.35900,-27.87800,-108.89300,46.45700
1537109043.24400,0.02900,-0.55700,0.36300,-24.99600,-105.91300,42.56100
1537109043.24500,0.05300,-0.46500,0.42100,-21.19800,-102.70300,37.46800
1537109043.32100,0.21100,0.36800,0.33200,-7.81500,-89.61500,10.30300
1537109043.32200,0.32700,0.64600,0.17100,-5.41200,-85.33000,2.31400
1537109043.32300,0.72300,0.89500,-0.38900,-2.74300,-80.46300,-5.78700
1537109043.34400,0.02700,0.03800,-0.02800,-10.65200,-63.56300,3.26300
1537109043.34400,0.01800,0.01100,-0.01600,-10.86900,-63.82600,3.96600
1537109043.40000,0.05600,0.02300,0.03800,-11.41100,-64.62100,6.22100
1537109043.40100,0.51600,-0.90600,0.27300,-25.45900,-61.80200,49.02000
1537109043.40100,0.44400,-0.73200,0.19000,-24.20700,-58.97300,46.19600
1537109043.40200,0.38100,-0.20900,0.26700,-18.43700,-50.66300,33.91200
1537109043.42700,0.35000,0.14700,0.19600,-10.00600,-44.62000,15.66500
1537109043.42700,0.21800,0.40600,0.01800,-8.01400,-41.90100,7.73000
1537109043.42800,0.28700,0.70300,-0.07500,-6.70800,-40.01600,2.15300
1537109043.42900,-0.23700,1.11600,-0.74200,-4.75200,-37.05700,-6.64000
1537109043.49700,-1.01700,0.41200,-1.24200,-3.28500,-34.67300,-11.90400
1537109043.53100,-0.69400,-0.34300,-1.65800,0.23200,-31.44600,-17.61200
1537109043.53200,-1.45500,-0.99900,-1.71600,2.17700,-28.60500,-20.34000
1537109043.53300,-0.68700,-0.57800,-1.28400,1.74400,-28.50800,-20.03100
1537109043.53400,0.99400,1.06600,0.37800,0.00900,-26.14900,-17.29300
1537109043.55700,-0.37000,0.62200,-0.69700,0.38500,-24.58400,-15.92400
1537109043.55700,-0.34500,0.29700,-0.16900,-1.47800,-22.33500,-12.79300
1537109043.55700,-0.26400,-0.26700,-0.29500,-3.04900,-20.86900,-9.98000
1537109043.61200,0.11800,-0.18300,-0.12700,-4.03200,-20.37300,-8.37800
1537109043.61200,-0.15100,0.03300,-0.13100,-5.50900,-19.51400,-6.97500
1537109043.61300,-0.06200,0.05400,-0.04700,-6.07800,-19.23500,-6.23100
1537109043.61400,-0.11300,-0.03300,-0.03300,-7.15500,-19.15900,-5.27400
1537109043.68900,0.06800,0.02200,-0.02100,-8.22500,-19.56200,-4.47300
1537109043.68900,0.15100,0.01800,-0.04100,-8.80700,-19.84400,-3.92700
1537109043.69000,0.05900,-0.05600,-0.01700,-9.39000,-19.80400,-3.07100
1537109043.69000,-0.00500,0.03600,-0.02800,-9.68100,-19.68900,-2.51600
1537109043.70900,0.02800,0.01300,-0.00700,-10.15700,-20.03300,-1.61300
1537109043.70900,0.05800,-0.08800,0.01700,-10.47600,-20.51800,-0.95500
1537109043.76100,0.04400,-0.04100,0.00500,-10.93300,-20.92600,0.02300
1537109043.76200,0.06000,-0.00500,0.00000,-11.38500,-21.14700,1.12500
1537109043.81400,0.01900,0.00100,-0.00200,-11.67900,-21.22900,1.89000
1537109043.81400,0.03700,0.00700,-0.00400,-12.14400,-21.41800,3.12000
1537109044.47100,0.04200,-0.01300,-0.01700,-12.45100,-21.30400,3.99400
1537109044.47200,0.04700,-0.00300,-0.00600,-12.88100,-21.53500,5.28900
1537109044.66200,-0.03100,0.04700,-0.01000,-13.27800,-21.27800,6.53000
1537109044.66200,-0.03300,0.04500,0.00600,-13.52000,-21.38900,7.27400
1537109044.66200,0.01900,0.04700,0.00800,-13.81200,-20.92000,8.25600
1537109044.66200,0.01900,0.03100,0.01000,-13.95500,-21.10900,8.86900
1537109044.68700,0.09300,0.02200,0.03000,-14.14900,-21.24400,9.79300
1537109044.68800,0.12100,0.01300,0.06000,-14.27600,-21.52100,10.55500
1537109044.68800,0.06500,0.02300,0.07900,-14.56100,-21.78800,11.98400
1537109044.68900,0.19100,0.07100,0.01300,-14.96500,-21.87200,13.85800
1537109044.75900,0.24600,0.16100,0.03600,-15.23500,-21.89700,15.31900
1537109044.76000,0.17700,0.18200,0.22800,-15.60100,-21.65100,17.96700
1537109044.79100,0.31200,0.21400,0.24700,-15.90300,-21.84500,20.07400
1537109044.79200,0.36500,0.23500,0.34000,-16.53700,-22.00000,23.60800
1537109044.79300,0.62000,0.14900,0.43600,-17.25500,-23.19600,27.71200
1537109044.79400,0.82700,-0.03300,0.35700,-17.75800,-24.22200,30.73700
1537109044.89700,0.53800,-0.02200,-0.01200,-18.64300,-26.51600,35.65200
1537109044.89800,0.49900,0.33500,0.08900,-19.83200,-27.50300,39.42700
1537109044.89900,0.57800,0.18000,0.14600,-23.28600,-27.79600,44.36100
1537109044.89900,0.42800,-0.29500,0.25900,-25.05300,-27.42600,46.53200
1537109045.07700,0.46100,-0.65400,0.16800,-25.74600,-27.95100,49.13400
1537109045.07800,0.57000,-0.88500,0.00000,-26.39200,-26.91900,49.99800
1537109045.07900,0.44300,-0.40700,0.10300,-21.70300,-17.17500,35.83000
1537109045.18000,0.37300,-0.01000,0.15800,-18.51900,-14.74200,28.96500
1537109045.18100,-0.97900,0.18600,-0.54900,-2.85700,-0.87900,-17.24000
1537109045.65700,-1.75800,-0.57700,-0.77800,-0.93300,0.42000,-20.61500
1537109045.65800,-1.45300,-0.71600,-0.53200,-0.32000,-0.30400,-23.02300
1537109045.65900,-0.87100,-0.16400,-0.57600,-1.41500,-0.86100,-22.52900
1537109045.66000,-0.51200,0.07600,-0.27400,-2.19600,0.45400,-19.40900
1537109047.40900,0.90800,0.18800,0.40100,-3.68300,-0.22000,-17.29400
1537109047.64500,-0.18900,-0.18000,-0.05100,-4.42400,-0.23000,-16.05500
1537109047.67800,-0.36400,0.22800,-0.08900,-5.31100,2.13300,-13.42200
1537109047.67900,-0.07200,0.00800,-0.18400,-5.87300,3.46800,-11.92400
1537109047.68000,-0.54800,0.03600,0.18600,-6.82100,5.71000,-9.78800
1537109047.68100,-0.18600,0.02500,-0.12000,-7.64500,7.15400,-8.35900
1537109048.22200,-0.07800,-0.07200,-0.04000,-8.35400,7.38200,-7.46800
1537109048.25700,-0.08100,0.00300,-0.00700,-9.53500,6.88500,-6.39900
1537109048.25800,0.02700,0.02700,-0.02600,-10.22000,6.15000,-5.75800
1537109048.25900,0.05700,0.02800,-0.04100,-10.99900,5.67400,-4.94200
1537109048.25900,0.03100,-0.01300,-0.02200,-11.38800,5.61000,-4.39200
1537109048.27900,-0.02200,0.00400,-0.04400,-11.80200,5.77700,-3.63600
1537109048.28000,-0.00400,0.01000,-0.02700,-12.21000,5.21400,-2.72800
1537109048.28100,0.10600,0.01600,-0.02600,-12.48000,4.61100,-2.05800
1537109048.35800,0.05300,-0.01000,-0.01900,-12.83500,4.00800,-1.08300
1537109048.35800,0.05800,-0.01400,-0.01700,-13.05800,3.86100,-0.35200
1537109048.78100,0.01800,0.00900,-0.00500,-13.44900,3.53600,0.93600
1537109048.78100,0.01600,-0.01300,-0.01200,-13.89400,3.15300,2.24600
1537109048.78200,0.22300,0.28300,-0.08900,-23.17300,-11.06600,39.47700
1537109048.78300,0.75600,0.06800,0.08100,-24.96400,-13.90200,44.92600
1537109048.96500,0.48800,-0.07100,0.16600,-25.96700,-15.14500,47.27700
1537109048.96500,0.24900,-0.62000,0.04600,-25.58100,-17.73700,49.75700
1537109048.96600,-2.74100,-1.00600,0.63000,3.22400,43.74400,-17.16500
1537109048.96700,-0.05600,0.01800,0.06300,-4.68800,50.03000,-6.58600
1537109049.51100,-0.10200,0.02100,0.06100,-5.26100,50.61600,-6.07500
1537109049.51200,0.07300,-0.05200,-0.29200,-6.37800,51.52700,-5.52800
1537109049.64700,-0.03600,-0.09800,-0.15200,-7.00600,52.36000,-5.15800
1537109049.64800,-0.07800,0.13600,0.24500,-7.67800,54.11600,-4.45700
1537109049.65100,0.23300,0.20100,-0.13700,-16.28200,54.29800,16.80400
1537109049.71700,0.45000,0.20000,-0.49400,-17.66500,53.63500,23.99000
1537109050.33000,0.64300,0.23600,-0.63000,-18.32000,53.24400,26.95400
1537109050.33000,0.70900,0.06800,-0.87800,-19.30000,51.53200,31.94700
1537109050.33000,0.07900,0.13300,-0.47100,-19.25500,48.51800,37.44800
1537109050.61100,0.27500,0.23100,-0.82200,-19.64400,46.57100,41.78200
1537109052.13400,0.58000,-0.00500,-0.40300,-22.67800,46.66600,46.87900
1537109052.66700,0.36400,-0.31700,-0.41100,-23.59900,46.29700,49.04200
1537109052.66800,0.25400,-0.41000,-0.48200,-25.15000,46.63400,51.51000
1537109052.66900,-0.72500,1.10000,0.38600,-6.02900,78.82800,-8.16000
1537109052.67000,-1.02900,0.44600,1.84700,-3.09300,81.82100,-15.58100
1537109052.82300,-1.41400,-0.66600,1.99700,-0.49000,83.61000,-20.01200
1537109052.82400,-1.39900,-1.11700,1.94600,0.10200,84.09900,-21.04800
1537109052.82500,-0.07800,0.03300,0.18200,-5.50100,88.75500,-12.42900
1537109052.85100,0.03700,-0.03000,0.32200,-6.90500,91.10300,-9.97900
1537109052.85100,0.00900,0.10300,0.07500,-7.67500,90.89700,-9.32700
1537109052.85200,-0.02200,0.16600,-0.18800,-18.85700,89.24100,11.84100
1537109052.85300,0.07900,0.17800,-0.17500,-19.30500,88.88700,13.64200
1537109052.92500,0.25200,0.10300,-0.82400,-22.58300,85.09000,27.36400
1537109052.92500,0.12800,-0.03600,-0.99500,-23.26200,82.84300,30.73600
1537109052.94600,-0.00400,0.19700,-0.31500,-24.47600,79.44500,36.26100
1537109052.99900,0.23500,0.26800,-0.66200,-25.85700,77.58400,40.56500
1537109053.10800,-0.22300,-0.69600,-0.20400,-29.52600,71.48700,50.43100
1537109053.40000,-0.05000,-0.05000,0.10200,-7.78500,99.59500,-10.65200
1537109053.40000,-0.04700,-0.00900,-0.00700,-10.57200,99.38700,-8.51500
1537109053.40000,-0.00200,0.00800,-0.00600,-16.06700,96.53700,0.47300
1537109053.89600,-0.02600,0.15400,-0.25200,-19.44200,87.83400,12.65100
1537109053.89600,0.32900,-0.04000,-0.24400,-15.97700,65.86200,27.10700
1537109054.10200,0.26200,-0.04300,-0.22900,-14.46600,67.40800,21.91900
1537109054.18100,0.22100,0.17800,-0.26700,-12.74400,70.70200,13.65200
1537109054.21500,0.06700,0.55000,-0.10300,-11.57900,73.50800,7.81500
1537109054.21600,-1.05800,0.31100,1.89000,-4.23200,84.07100,-15.36800
1537109054.21700,-1.29000,-0.60900,1.75300,-0.93000,87.18600,-19.72000
1537109054.21700,-1.00400,-1.03100,2.17500,-0.42000,88.06200,-20.70300
1537109054.37300,-0.05000,0.55200,-0.45400,-1.79800,89.51500,-18.25800
1537109054.37400,0.01800,0.99900,-0.88400,-2.37500,91.04300,-16.88900
1537109054.37500,-0.59600,0.74200,0.52700,-3.44300,93.70800,-13.58400
1537109054.37500,0.09800,0.25800,0.30600,-4.53300,94.86100,-11.57500
1537109054.49500,-0.16400,-0.20100,0.34200,-5.84000,96.58300,-8.69600
1537109054.89600,-0.03200,0.07000,0.20300,-7.42800,96.99300,-6.93100
1537109054.89600,0.06900,0.01000,0.12000,-8.12600,96.88700,-6.28700
1537109054.89700,0.01300,0.07800,-0.01700,-9.38200,96.47000,-5.35300
1537109057.01700,-0.08200,-0.09600,-0.09400,-10.02700,96.45400,-4.88000
1537109057.31300,-0.02500,0.07000,-0.00700,-10.84100,96.76100,-3.93600
1537109057.31300,-0.01300,-0.02900,-0.06100,-11.43400,96.80200,-2.99200
1537109057.31400,0.02000,0.02800,-0.02100,-15.42600,95.18900,5.86900
1537109057.31500,0.03600,0.02500,-0.04600,-15.81400,94.60000,6.76600
1537109057.38900,0.03600,0.01000,-0.11600,-16.18000,94.17900,8.34700
1537109057.39000,-0.14600,-0.76500,-0.49100,-25.99000,83.06000,49.20200
1537109057.39000,-0.00900,-0.60000,-0.34300,-24.74900,85.28700,46.47800
1537109057.41700,0.50500,-0.13800,1.90500,0.76000,126.06300,-15.72500
1537109057.41800,-0.00500,-0.88400,2.41100,3.27100,130.84000,-17.98500
1537109057.41900,0.44800,-0.78700,1.94300,3.17500,131.99600,-17.84700
1537109057.42000,-0.58000,1.89700,-1.79300,0.92700,133.77100,-15.14400
1537109057.46100,0.73900,0.21400,0.76900,0.69900,134.70500,-13.55800
1537109057.56800,-0.00600,-0.22600,0.18700,-1.39500,136.07300,-10.57500
1537109057.60300,0.19300,0.31500,0.27600,-4.58500,137.72400,-8.15200
1537109057.60300,0.11500,-0.09100,0.11900,-5.33900,138.78300,-7.28500
1537109057.60300,-0.01100,-0.09100,-0.03700,-6.17700,138.55200,-6.78400
1537109057.60400,-0.06100,0.03800,0.03900,-7.56200,138.40900,-6.09800
1537109057.68000,-0.01300,-0.00600,-0.01900,-11.00400,137.82300,-1.40900
1537109057.68000,0.07500,-0.00400,-0.13500,-14.55400,134.67500,10.26000
1537109057.68000,-0.15400,0.07700,-0.05500,-14.93900,134.89200,11.61700
1537109057.70600,-0.08400,0.20400,-0.39200,-16.05600,132.83500,18.97000
1537109057.70700,0.07400,0.00900,-0.00500,-7.15200,-175.53500,-9.77000
1537109057.70700,-0.04500,-0.05200,0.01200,-11.16200,-175.24500,-6.19700
1537109057.70800,-0.01900,-0.03600,-0.00800,-11.63700,-175.55200,-5.07100
1537109057.80900,-0.00700,0.00300,0.01300,-12.22200,-175.62200,-3.85800
1537109057.81000,0.02100,-0.04300,0.01900,-12.57800,-175.56000,-3.09800
1537109057.81100,0.01700,0.00900,0.01700,-13.09400,-175.40400,-1.95300
1537109058.19900,0.02500,0.00200,-0.00300,-13.44600,-175.44000,-1.20400
1537109058.19900,0.02600,-0.00800,-0.00100,-13.94600,-175.18100,-0.09000
1537109058.25600,0.01900,-0.00200,-0.00400,-14.27600,-175.20400,0.64000
1537109058.25600,0.00500,-0.01000,0.01400,-14.79100,-175.05000,1.77800
1537109058.25700,-0.05100,0.02000,0.00900,-15.33300,-175.19600,3.00100
1537109058.27900,-0.05700,0.04000,0.03100,-15.70100,-175.42300,3.97900
1537109058.28000,0.01800,0.05300,-0.06400,-16.30200,-175.81100,5.65400
1537109058.36300,-0.09400,0.12500,-0.01800,-16.74000,-176.15000,6.88800
1537109058.36300,-0.13800,0.20800,-0.00700,-17.36500,-176.50700,8.98700
1537109058.36400,-0.14400,0.22200,-0.19200,-17.79000,-176.87500,10.66400
1537109058.65200,-0.38700,0.29700,-0.13700,-19.53100,-178.15500,17.22600
1537109058.65200,-0.50000,0.26700,-0.13600,-20.37200,-178.47400,19.93800
1537109058.65300,-0.88300,0.27200,-0.12500,-21.87900,179.97100,24.61000
1537109058.65300,-0.97100,0.04800,-0.13500,-22.94600,178.04900,28.10600
1537109059.35200,-0.26000,0.08300,-0.18000,-24.04600,173.89000,33.63400
1537109059.75400,-0.67100,0.25000,-0.10200,-24.89800,169.16100,40.08800
1537109059.75500,-0.54300,0.02200,-0.12000,-26.41500,167.35300,43.56900
1537109059.75600,-0.39100,-0.36400,-0.23900,-27.55700,164.59900,46.98600
1537109059.75700,-0.58200,-0.88800,-0.25900,-27.06100,163.10300,48.63700
1537109059.91000,-0.42600,-1.01600,-0.04600,-25.58200,162.09700,49.20000
1537109059.91000,-0.34900,-0.71100,-0.10600,-23.99800,162.73200,47.09200
1537109059.91100,0.80600,0.94300,0.84500,-4.80500,-172.97800,-7.49700
1537109060.03400,1.46200,0.92400,0.89800,-2.49900,-167.97900,-12.71200
1537109060.69600,2.05500,-0.47600,0.50000,1.90000,-161.34000,-17.71600
1537109060.69700,2.32200,-1.11800,0.49200,4.62100,-156.64200,-19.79800
1537109060.69800,1.65900,-0.64100,0.42700,4.08400,-156.03500,-19.56800
1537109061.95600,-0.48900,0.54900,0.28000,1.65000,-154.50500,-17.35100
1537109061.95600,0.65100,0.58700,-0.05600,1.72100,-152.98800,-15.41000
1537109062.14300,0.27800,-0.02200,-0.06700,-0.38000,-150.61600,-12.49300
1537109062.14300,0.32700,0.06900,-0.33200,-1.91200,-149.28100,-10.38300
1537109062.14400,0.07200,0.06200,-0.01300,-2.86500,-149.22500,-9.84700
1537109062.14500,0.05000,0.03400,0.07200,-4.05700,-149.10200,-9.80700
1537109062.18600,0.03500,-0.04500,0.02500,-8.39700,-147.37200,-6.34200
1537109062.24000,0.01600,-0.00900,0.00800,-8.84700,-147.28400,-5.48100
1537109062.45500,-0.00900,-0.04600,0.01800,-9.44500,-147.02700,-4.30300
1537109062.45600,0.07500,0.02300,-0.03200,-10.14300,-146.60200,-3.01800
1537109062.45700,-0.08100,-0.11400,0.35200,-14.08000,-124.83400,21.35800
1537109062.56400,0.19700,0.07800,-0.31100,-0.50300,-98.08200,-13.32800
1537109062.56500,0.07800,0.06500,-0.29200,-2.46500,-97.98700,-11.26100
1537109062.56500,0.09900,-0.04500,-0.04300,-3.81300,-97.24500,-9.75500
1537109062.56600,0.07300,-0.09200,-0.15400,-4.27800,-96.53100,-9.31800
1537109062.82500,0.08700,0.02200,-0.01400,-6.80400,-96.18100,-8.23800
1537109062.82600,0.06700,-0.03000,0.08600,-7.54200,-96.63100,-7.82100
1537109062.82600,0.04000,-0.02900,0.01800,-8.54000,-96.91800,-7.03900
1537109062.84900,0.07800,-0.97600,0.40300,-25.98100,-104.03200,47.91600
1537109062.84900,-0.00300,-0.82800,0.38200,-24.61700,-103.13000,45.12800
1537109062.85000,-0.21100,-0.46000,0.37600,-17.91300,-101.03800,32.53700
1537109062.95800,-0.06800,0.46300,0.16500,-24.93100,-109.05700,37.08700
1537109062.95800,-0.29000,0.03800,0.62100,-27.53300,-112.23500,42.75700
1537109062.95900,-0.25400,-0.57100,0.12200,-19.08700,-122.44200,41.08000
1537109062.96000,-0.36400,-0.47900,0.29300,-15.41200,-123.11100,34.84100
1537109063.00200,-0.42000,-0.26200,0.30800,-12.78000,-123.30000,27.65100
1537109063.03000,-0.35900,-0.02000,0.14700,-11.60700,-122.79200,22.40800
1537109063.03100,-0.28500,0.07700,0.19300,-10.21100,-121.21000,14.13100
1537109063.11400,-0.23900,0.41800,0.09600,-9.44700,-119.54700,8.17800
1537109063.11500,-0.51100,0.84300,1.19000,1.27400,-100.86700,-20.54500
1537109063.11500,-0.40400,-0.26700,0.50200,0.43600,-100.15500,-19.08900
1537109063.11600,-0.24700,0.10500,-0.63500,-2.79200,-94.88000,-12.85700
1537109063.13800,0.10300,0.05400,-0.26500,-3.41700,-93.76900,-11.80300
1537109063.13900,0.11600,-0.05100,-0.02200,-4.40000,-92.78800,-11.04000
1537109063.13900,0.13400,-0.16600,-0.01600,-5.14900,-92.45900,-10.78000
1537109063.22000,0.10300,0.06300,-0.03100,-6.36400,-92.31600,-10.40300
1537109063.22000,0.07600,-0.03100,0.03200,-9.93400,-91.50300,-5.28100
1537109063.22100,0.03500,0.00600,-0.02900,-10.47800,-91.49300,-4.01600
1537109063.22200,0.05300,-0.02200,-0.02700,-10.89300,-91.58200,-3.13000
1537109063.44700,0.05500,-0.01300,0.00500,-11.50000,-90.91500,-1.84400
1537109063.50500,0.04200,0.01000,-0.01100,-11.90700,-91.07400,-0.99900
1537109063.50600,0.03200,0.00800,-0.01900,-12.45200,-90.37000,0.25800
1537109063.50700,0.05200,0.00700,-0.03200,-12.96600,-90.51100,1.44400
1537109063.52800,0.03700,0.00300,0.00000,-13.31200,-89.91400,2.22900
1537109063.63900,0.02900,-0.00800,0.04000,-13.88000,-90.23800,3.47600
1537109063.64000,-0.01200,0.02700,0.04000,-14.26900,-89.75000,4.45500
1537109063.64100,0.05600,0.11200,0.07300,-14.92200,-89.83500,6.17400
1537109063.64200,0.03400,0.23400,0.13400,-15.51800,-89.43000,8.24700
1537109064.00800,-0.08900,0.20800,0.08700,-15.93600,-89.83400,9.93500
1537109064.00800,-0.08600,0.15900,0.22500,-16.68500,-90.04200,12.90500
1537109064.00800,-0.08000,0.26300,0.29400,-17.36900,-90.40000,15.14300
1537109064.00900,-0.09600,0.21300,0.32700,-18.68900,-90.71500,18.92600
1537109064.08500,-0.14000,0.21200,0.55900,-20.23700,-92.32900,23.10000
1537109064.08600,-0.10200,0.11600,0.72700,-21.29400,-93.95100,26.05400
1537109064.08700,-0.15100,0.05000,0.38900,-22.44800,-98.14800,30.80000
1537109064.08800,0.14400,0.29600,0.28500,-22.86400,-101.68600,34.28900
1537109064.11100,-0.19100,0.19700,0.40900,-23.98300,-106.46400,39.35300
1537109064.11200,-0.00200,-0.20000,0.40500,-24.48200,-109.22100,41.81900
1537109064.11300,0.02500,-0.65100,0.18700,-23.45100,-113.79600,44.54300
1537109064.11400,-0.26900,-0.98600,0.40500,-21.02500,-117.22600,45.31300
1537109064.21600,-0.19900,-0.93900,0.31900,-19.28500,-118.80200,44.17100
1537109064.21700,-0.25900,-0.49900,0.21800,-15.93100,-120.70900,37.85200
1537109064.21700,-0.41200,-0.40900,0.26200,-13.83000,-121.75700,32.48500
1537109064.21800,-0.39900,-0.12600,0.04700,-12.84200,-122.14900,28.51000
1537109064.29100,-0.33400,0.00900,0.09100,-11.81100,-122.07000,22.00600
1537109064.29100,-0.30500,0.37900,0.02900,-10.75700,-119.39900,9.83400
1537109064.31400,-0.21400,0.51500,-0.16500,-9.73800,-116.27800,1.70900
1537109064.40100,-0.06300,0.87100,-0.26900,-8.53000,-114.26100,-3.88900
1537109064.40100,0.26600,0.84900,-0.59200,-5.83100,-110.68700,-11.91400
1537109064.40200,0.96000,0.39500,-1.07100,-2.22900,-106.48200,-18.43600
1537109064.40200,0.08700,0.04100,-0.08500,-6.65400,-98.93500,-10.06500
1537109064.50500,0.10900,-0.03600,0.06400,-7.59000,-99.62600,-9.65700
1537109064.50600,0.07400,0.02600,-0.04300,-8.29400,-100.07800,-9.26100
1537109064.50600,0.06300,0.05200,0.09600,-8.74000,-101.47500,-8.92200
1537109064.60300,0.06700,-0.03900,0.00700,-9.44200,-102.76400,-8.19000
1537109064.69000,0.06400,-0.00800,-0.09900,-9.67600,-102.67500,-7.79700
1537109064.69000,0.05000,-0.02200,0.06900,-10.05100,-103.77800,-7.29500
1537109064.69100,0.04200,-0.04500,0.04900,-10.32300,-104.10000,-6.94700
1537109064.69200,0.02800,-0.02100,0.02900,-10.68700,-104.86700,-6.27500
1537109064.76000,0.02100,-0.00600,0.04700,-11.00200,-104.97600,-5.73700
1537109064.86900,0.06200,0.00300,0.01200,-11.46600,-105.43200,-4.72200
1537109064.86900,0.04100,0.00800,-0.02400,-11.76700,-105.54800,-3.95600
1537109065.16300,0.04600,0.00200,0.00000,-12.18900,-106.22000,-2.75500
1537109065.16300,0.04100,0.00800,-0.01700,-12.60900,-106.48400,-1.55200
1537109065.16400,0.05500,0.02400,-0.00800,-12.91500,-106.59000,-0.72700
1537109065.16500,0.04700,-0.01100,-0.01100,-13.35700,-107.15700,0.52700
1537109065.34600,0.02700,0.03500,-0.01500,-13.65200,-107.36300,1.38200
1537109065.34600,0.00200,0.02600,-0.00100,-14.12000,-107.85900,2.71800
1537109065.34700,-0.01200,0.05600,-0.02400,-14.61000,-108.17800,4.08300
1537109065.36800,-0.02800,0.04800,0.02800,-15.56500,-108.83300,6.64200
1537109065.36800,0.00200,0.10500,0.08900,-15.97200,-108.97500,7.83600
1537109065.45000,-0.02300,0.19200,0.13600,-16.56800,-109.15000,10.00300
1537109065.45000,-0.14400,0.18000,0.09200,-17.10100,-109.73100,12.64100
1537109065.45100,-0.19800,0.13500,0.12500,-17.44600,-110.15000,14.66000
1537109065.45200,-0.24200,0.25200,0.24700,-18.07800,-111.05500,18.08800
1537109065.65800,-0.38900,0.29300,0.40200,-18.79800,-112.81400,22.14000
1537109065.65800,-0.48500,0.19900,0.81900,-19.39400,-114.75600,25.25600
1537109065.65900,-0.07000,0.13400,0.68200,-21.04400,-117.75200,30.52400
1537109065.73900,-0.18500,0.64700,0.49400,-23.12200,-119.61500,34.64200
1537109065.74000,-0.35000,0.23600,0.70800,-26.30800,-121.53100,40.32900
1537109065.74100,-0.03000,-0.36000,0.37500,-28.41300,-122.54900,44.41800
1537109065.76600,-0.15500,-0.73000,0.32600,-30.78100,-122.36900,48.26300
1537109065.76600,0.67800,1.36700,-0.60300,-3.66300,-96.28200,-7.98800
1537109065.76600,1.46400,0.40100,-1.12500,1.10500,-91.28900,-15.17100
1537109065.76700,1.35400,-0.34900,-1.60700,4.39200,-87.40700,-18.38600
1537109065.87300,0.79700,-1.38200,-2.23500,7.28500,-83.95800,-20.61100
1537109065.87300,0.47700,-0.29000,-0.64900,1.62100,-82.32000,-13.27600
1537109065.87300,-0.04500,0.21100,-0.53200,-0.41100,-81.50000,-11.34100
1537109065.87400,0.04200,-0.01300,-0.12000,-1.65100,-81.37800,-10.07100
1537109065.94800,0.11000,-0.16800,-0.08700,-2.43500,-80.48700,-9.23200
1537109065.94800,0.06300,-0.03500,-0.01400,-3.44200,-79.83200,-8.82500
1537109065.94800,0.13300,0.07200,-0.01000,-4.16100,-79.73400,-8.48400
1537109066.02800,0.08200,-0.06300,-0.05200,-4.96200,-79.76100,-7.92500
1537109066.02900,0.04800,0.05800,-0.02900,-5.44000,-79.98400,-7.51700
1537109066.03000,0.05800,-0.01800,0.03900,-6.05500,-80.41300,-6.91600
1537109066.03000,0.06700,-0.01300,-0.02300,-6.53300,-80.44800,-6.26500
1537109066.12600,0.04600,-0.01000,0.00500,-7.63800,-80.83900,-4.75300
1537109066.26100,0.05600,-0.01100,0.01900,-8.21600,-81.10100,-4.08400
1537109066.26200,0.05200,-0.00300,0.00000,-9.10200,-81.08500,-2.70100
1537109066.26300,0.03600,-0.01000,-0.00500,-9.53900,-80.93300,-1.65400
1537109066.41400,0.06100,0.00500,-0.01000,-9.82400,-80.87700,-0.94100
1537109066.63100,0.04400,0.01000,-0.03700,-10.21000,-80.69200,0.11700
1537109066.63200,0.04900,0.00700,-0.02700,-10.44800,-80.65400,0.84000
1537109066.63300,0.04200,-0.00400,-0.02000,-10.77900,-80.60500,1.91600
1537109066.63400,0.02800,0.01600,0.00600,-11.15000,-80.71500,3.02100
1537109066.68000,-0.00900,0.02900,0.01500,-11.39800,-80.51100,3.81100
1537109066.68100,0.03000,0.03200,0.00500,-11.80600,-80.60100,5.14500
1537109066.71000,0.11600,0.04700,0.04800,-12.07900,-80.29500,6.08500
1537109066.71100,0.04800,0.12700,0.03500,-12.37600,-80.42200,7.70500
1537109066.71200,-0.05100,0.15300,0.11100,-12.56700,-80.55000,9.70200
1537109066.73800,-0.06600,0.19100,0.24500,-12.90700,-81.02200,13.93000
1537109066.73800,-0.06900,0.19300,0.30600,-13.13700,-81.13400,16.00800
1537109066.73900,-0.09800,0.17200,0.50000,-13.66100,-81.63800,19.66300
1537109066.73900,0.03000,0.15000,0.67200,-14.19900,-82.25000,22.45900
1537109066.80800,0.20000,-0.03200,0.57100,-15.32200,-83.43100,26.99400
1537109066.84300,0.42200,0.07200,0.39100,-17.11200,-84.56800,31.87400
1537109066.84300,0.20300,0.30800,0.15300,-18.42700,-85.65200,35.33400
1537109066.84400,0.07800,0.13700,0.28300,-21.79500,-85.47200,40.30500
1537109066.84400,0.08700,-0.61500,0.68900,-22.73900,-86.20000,42.88100
1537109066.96900,0.23700,-0.67600,0.18500,-23.23900,-87.00900,45.28300
1537109066.96900,0.21700,-0.80200,0.40100,-22.66600,-85.12600,45.26600
1537109067.00000,0.28300,0.06600,0.16300,-9.12000,-72.44700,19.88400
1537109067.00000,0.24600,0.57800,-0.33000,-2.91800,-61.80800,-2.52700
1537109067.00100,0.04100,0.45800,-0.91300,-0.73200,-56.97200,-9.15100
1537109067.00200,0.24700,0.27900,-1.00600,0.87000,-54.36500,-13.10800
1537109067.10400,-0.18200,-0.25500,-1.28500,2.94700,-52.09600,-18.23100
1537109067.10400,-0.13700,-0.59200,-1.58400,3.97500,-51.05500,-20.59300
1537109067.13100,0.65400,0.77500,1.00200,2.92900,-45.99500,-18.29800
1537109067.13100,-0.38200,0.53100,-0.56700,2.62800,-43.21100,-16.02200
1537109067.13100,-0.15800,0.06900,-0.41300,1.68500,-41.09100,-13.88800
1537109067.13200,0.09300,-0.04700,-0.19200,0.61400,-38.90500,-11.73500
1537109067.20900,-0.30100,0.03500,-0.53700,-0.31700,-37.60600,-10.36000
1537109067.20900,0.09400,-0.04100,-0.15700,-1.50400,-36.72800,-9.24600
1537109067.21000,0.01900,0.02500,-0.14200,-2.90400,-36.94500,-8.51200
1537109067.21100,0.05500,-0.06800,-0.04900,-3.72100,-37.28800,-8.22200
1537109067.23700,0.02400,0.04100,-0.05500,-4.76100,-37.85500,-7.90000
1537109067.23700,0.13500,0.02000,0.00500,-5.40100,-38.20200,-7.70500
1537109067.23700,0.10000,-0.04000,-0.04200,-6.12900,-38.05000,-7.49100
1537109067.23800,-0.00600,0.02800,-0.11600,-6.60500,-37.49700,-7.26000
1537109067.25700,0.04200,-0.02800,-0.04700,-6.90200,-37.69600,-7.03900
1537109067.25800,0.14800,-0.01200,0.05800,-7.36600,-38.43300,-6.60500
1537109067.28300,0.04700,-0.04300,0.02600,-7.67800,-38.58200,-6.21300
1537109067.28400,0.07400,-0.03400,0.00900,-8.02400,-38.43300,-5.21600
1537109067.30500,0.01600,-0.02000,-0.04100,-8.49600,-38.19900,-4.00800
1537109067.39300,0.08500,-0.01800,-0.01300,-8.83200,-38.17400,-3.14400
1537109067.39300,0.04300,0.00800,-0.03200,-9.34800,-38.14700,-1.87400
1537109067.39400,0.02700,0.00200,-0.04800,-9.64000,-38.03900,-0.99300
1537109067.39500,0.03000,-0.00100,-0.04100,-10.02200,-37.87600,0.25200
1537109067.41300,0.05000,0.00700,-0.01900,-10.37100,-37.85300,1.47100
1537109067.41300,0.03900,0.00700,-0.02300,-10.66600,-37.80000,2.23100
1537109067.52000,0.02900,-0.00100,-0.02300,-11.02500,-37.75800,3.47300
1537109067.52000,0.03300,-0.00400,-0.02400,-11.22800,-37.76200,4.33200
1537109067.60100,0.00800,0.04500,0.01200,-11.50900,-37.79500,5.61900
1537109067.60100,-0.00400,0.02000,0.08600,-11.70500,-37.52200,6.54100
1537109067.60200,-0.04100,0.06600,0.03100,-12.08300,-37.51700,8.04100
1537109067.70200,0.16600,0.07500,-0.01900,-12.50300,-37.33500,9.75400
1537109067.99600,0.18100,0.14600,0.05400,-12.73200,-37.28100,11.03900
1537109067.99700,0.14100,0.15800,0.13400,-12.95300,-37.59300,13.41900
1537109067.99700,0.15200,0.19700,0.20000,-13.15200,-37.84500,15.31400
1537109067.99800,0.23400,0.19800,0.23200,-13.55400,-37.93200,18.57300
1537109068.07300,0.31900,0.19200,0.36700,-14.20000,-38.45200,22.34400
1537109068.07300,0.40700,0.16700,0.43700,-14.83000,-38.93300,25.19200
1537109068.07400,0.54400,0.08000,0.51600,-15.73700,-40.35000,29.77000
1537109068.20700,0.23600,0.27400,0.30500,-16.00800,-41.31000,32.77400
1537109068.20800,0.69200,-0.00600,0.17500,-15.76600,-44.57200,38.16900
1537109068.20800,0.41200,0.35700,0.31900,-18.12600,-44.69500,42.76200
1537109068.20900,0.15700,-0.12800,0.26200,-18.68500,-45.30700,44.79500
1537109068.28600,0.37700,-0.68500,0.23700,-18.80700,-46.25800,46.90300
1537109068.28600,0.54700,-0.81800,0.34500,-19.38200,-45.79400,47.12900
1537109068.28700,0.45500,-0.78800,0.17800,-19.95300,-43.77300,45.12100
1537109068.28800,0.21800,-0.52600,0.17400,-20.19000,-41.87300,42.68800
1537109068.39000,0.21000,-0.46400,0.15000,-18.97500,-39.53800,38.02700
1537109068.39000,0.28600,-0.36700,0.33900,-16.66500,-38.26000,32.64400
1537109068.39100,0.16300,-0.16100,0.34000,-14.95300,-37.31900,28.56200
1537109068.93300,0.27600,0.06700,0.28000,-10.39800,-35.06000,17.06100
1537109069.17500,0.20900,0.29300,0.19500,-8.36000,-32.76900,9.41200
1537109069.17600,0.23100,0.52400,0.00200,-6.10300,-29.46500,1.13800
1537109069.17600,0.19200,0.95000,-0.20500,-4.35400,-26.57200,-4.66000
1537109069.62000,-1.24000,0.92500,-1.09700,-1.10000,-20.93100,-12.82400
1537109069.62000,-1.06400,0.21000,-1.14700,1.82600,-18.04900,-16.92200
1537109070.42900,-1.77000,-1.02400,-1.37300,5.29300,-14.62000,-21.18500
1537109070.59600,-0.85900,-0.27400,-1.24800,5.30600,-13.35500,-21.04900
1537109070.59600,-0.38600,-0.25200,-1.03600,4.16800,-12.81800,-19.19000
1537109070.59700,0.41600,0.26300,0.30500,2.97000,-11.24600,-16.82600
1537109070.59800,-0.82200,-0.43400,-0.09000,2.14000,-10.81100,-14.85900
1537109070.72700,-0.13000,0.29000,-0.40800,-0.01900,-9.41600,-11.43400
1537109070.72700,-0.40000,-0.04000,0.04400,-1.08100,-8.48700,-9.81100
1537109070.72800,-0.33500,0.09300,-0.14700,-2.84600,-7.53700,-7.39900
1537109070.72900,-0.08000,-0.03700,-0.09500,-3.83600,-6.50300,-6.43100
1537109070.87600,-0.11400,0.02800,-0.06800,-4.51100,-6.05400,-5.84700
1537109071.56600,-0.05900,-0.01400,-0.01100,-5.48600,-5.87700,-5.11800
1537109071.56700,0.06500,-0.01600,-0.08900,-6.05600,-6.00200,-4.72400
1537109071.56800,0.02500,0.03100,-0.05300,-6.84800,-6.03700,-4.05700
1537109071.56900,0.05600,-0.01000,-0.05000,-7.41800,-5.83200,-3.37300
1537109071.58600,-0.01000,-0.02100,-0.02900,-7.73800,-5.62500,-2.86400
1537109071.69100,-0.06000,-0.00600,-0.07000,-8.18200,-5.41000,-2.12400
1537109072.27100,0.33100,0.23400,0.19000,-14.76700,-7.25700,18.30000
1537109072.27100,0.32700,0.16500,-0.21800,-18.75200,-16.22300,38.02700
1537109072.35200,0.48300,0.23300,0.05800,-20.00400,-17.65600,41.33200
1537109072.35200,0.47200,-1.01300,-0.02600,-19.22000,-22.86900,46.57900
1537109072.35200,-1.67000,-1.59800,-0.70000,1.47800,-7.35800,-24.05800
1537109072.55600,-0.60200,-0.17600,-0.69000,-0.96500,-8.18400,-23.60300
1537109072.63700,0.26400,0.18600,0.19200,-17.39600,-5.13300,16.30100
1537109072.63800,0.55900,0.20500,0.29900,-18.59300,-7.37200,22.59700
1537109072.74600,0.94700,0.07500,0.24100,-19.15800,-8.97800,25.65800
1537109072.74600,0.74800,-0.08000,0.03200,-20.67600,-11.58300,30.70500
1537109072.74700,0.41400,0.42100,-0.15800,-23.48000,-13.10000,36.39300
1537109072.82700,0.71000,-0.34700,0.22800,-28.61200,-15.79600,44.77900
1537109072.82700,0.18500,-0.50200,0.01300,-29.58600,-16.58700,47.11000
1537109072.82800,0.47000,-0.76700,0.19000,-30.29100,-16.48800,49.33800
1537109072.82900,0.47300,-0.92000,-0.04000,-28.89200,-15.56300,48.58100
1537109073.82400,0.41200,0.13100,-0.23000,-9.35300,3.70300,15.10200
1537109073.82500,0.04800,0.01300,-0.06100,-9.33100,29.08300,-1.20100
1537109073.82600,0.06200,-0.04400,-0.07500,-9.72500,28.93500,-0.86400
1537109073.92800,-0.01200,0.04500,-0.02100,-10.54000,28.76600,1.11000
1537109073.92800,0.01700,0.01000,-0.02900,-11.30400,28.88500,3.84700
1537109073.92800,0.07300,0.02900,-0.07600,-12.22400,29.38600,8.13800
1537109074.76100,0.24700,-0.36300,-0.41300,-19.32000,41.01500,35.57700
1537109075.08400,0.16500,-0.17600,-0.33800,-16.22200,45.02100,29.12600
1537109075.08500,0.17800,0.14800,-0.42500,-11.23300,51.42300,16.79900
1537109075.08600,0.08100,0.38200,-0.36200,-9.51700,54.25200,11.26300
1537109075.08600,-1.13100,1.23500,0.20500,-4.20000,61.70700,-6.58100
1537109076.44900,0.18000,0.06600,0.47900,-2.62000,74.40800,-11.54400
1537109076.45000,0.09800,0.08100,0.44000,-3.25000,76.84000,-10.06800
1537109076.45000,-0.03200,0.06000,-0.10600,-6.91500,76.91500,-7.77100
1537109076.45100,-0.02300,0.00900,-0.09300,-7.62400,77.25600,-7.24300
1537109076.70400,-0.05800,-0.06600,-0.04000,-8.35300,78.10400,-6.29200
1537109077.01800,-0.07600,0.04100,0.00600,-8.82300,78.51600,-5.56200
1537109077.31000,-0.02300,-0.01800,-0.13200,-9.53900,78.04300,-4.16300
1537109077.31100,0.01800,-0.00400,-0.04200,-10.08500,77.57700,-2.58800
1537109078.43500,0.00600,0.00300,-0.03200,-10.43000,77.55300,-1.59200
