1521811997.38500,-0.00200,-0.00500,0.00400,4.83700,-13.46900,-20.55500
1521811997.38600,0.00600,0.00100,0.00100,4.80800,-13.54200,-20.55000
1521811997.38700,0.00400,0.00400,0.01800,4.74800,-13.71000,-20.63800
1521811997.55900,-0.00300,-0.00700,-0.00300,4.52100,-12.94700,-20.24800
1521811997.75000,0.02500,-0.01100,0.00500,4.41300,-12.79300,-19.55800
1521811997.75100,0.03500,-0.02500,0.02100,4.32800,-12.99500,-19.54500
1521811997.75300,0.01000,0.00800,0.02000,4.16100,-13.20800,-19.52600
1521811997.88500,-0.00900,0.00700,0.01900,4.19600,-13.11900,-19.54200
1521811997.88500,-0.00500,0.00300,0.01900,4.23000,-13.12100,-19.55400
1521811997.88600,0.00600,-0.00300,0.01000,4.23700,-13.22600,-19.56900
1521811997.88600,0.00700,-0.00900,0.01400,4.25500,-13.29300,-19.57300
1521811997.98800,0.00700,0.00100,0.00200,4.28300,-13.36600,-19.58100
1521811997.98900,0.00600,0.00300,-0.00500,4.29900,-13.40400,-19.58300
1521811997.98900,0.00100,-0.00500,0.00300,4.32400,-13.42900,-19.59200
1521811997.99000,0.00100,-0.00800,0.00100,4.31600,-13.47200,-19.61500
1521811998.11200,-0.00300,-0.00500,0.01500,4.29200,-13.51800,-19.62200
1521811998.24900,0.00500,0.00300,0.00900,4.27100,-13.61700,-19.62200
1521811998.25000,0.01600,0.00700,0.02400,4.24100,-13.81900,-19.64400
1521811998.25100,0.01800,0.01000,0.01600,4.31200,-13.77400,-19.73300
1521811998.35600,0.00300,0.00500,0.00700,4.36500,-13.64800,-19.73800
1521811998.35700,0.00700,-0.00200,0.00700,4.30000,-13.27200,-19.95000
1521811998.35700,0.01100,0.00100,0.01600,4.27400,-13.27000,-19.92300
1521811998.35800,0.01900,0.00500,0.00800,4.26100,-13.26000,-19.90200
1521811998.47900,0.01500,0.00400,0.01400,4.27700,-13.23100,-19.91100
1521811998.62100,0.00100,0.00100,0.00300,4.32800,-13.13800,-19.93500
1521811998.62200,0.01900,0.00000,0.00400,4.13200,-13.68600,-19.97400
1521811998.62200,0.01500,0.00800,0.01300,4.05600,-13.86300,-20.01600
1521811998.62200,0.00200,0.00700,0.01900,4.09700,-13.78800,-20.01900
1521811999.32800,-0.01500,0.00100,0.00300,4.18900,-13.65600,-20.05400
1521811999.32900,0.00600,0.00500,-0.00100,4.19000,-13.73400,-20.04900
1521811999.33000,0.01500,0.00400,0.00500,4.16200,-13.90300,-20.03100
1521811999.33100,0.02500,-0.00700,0.01100,4.13900,-14.02700,-20.02000
1521811999.37400,0.02900,-0.00600,0.01100,4.13300,-14.04300,-20.01700
1521811999.50200,0.02800,0.00600,0.00700,4.15100,-14.00700,-20.02000
1521812013.23700,0.00500,0.02500,0.00200,5.10100,-118.12000,-18.84300
1521812013.86100,0.00100,0.01200,0.01400,5.13900,-118.41900,-18.80000
1521812013.86200,-0.00500,0.00900,0.01300,5.15900,-118.59600,-18.75000
1521812013.86200,-0.00400,0.01100,0.02200,5.17600,-118.83800,-18.66000
1521812013.86300,-0.01200,0.01300,0.02100,5.16600,-119.12900,-18.55200
1521812013.94100,-0.01200,0.01600,0.03000,5.18200,-119.26400,-18.47900
1521812013.94100,-0.01200,0.01400,0.02300,5.25900,-119.32500,-18.37000
1521812013.94200,-0.00600,0.01100,0.02000,5.29900,-119.34200,-18.30200
1521812013.94200,-0.00200,0.00500,0.01300,5.35900,-119.28600,-18.21900
1521812013.98600,-0.00300,0.01300,0.00300,5.39800,-119.14900,-18.14000
1521812013.98700,-0.01400,0.01300,0.01500,5.40600,-119.06400,-18.07400
1521812014.20300,-0.00600,0.02300,0.00100,5.46100,-118.81100,-17.97400
1521812014.20300,0.00300,0.02200,-0.00200,5.51300,-118.57700,-17.91100
1521812014.20400,-0.00500,0.02100,-0.00800,5.55700,-118.26800,-17.82900
1521812014.20500,0.00100,0.02400,0.00100,5.58700,-118.07200,-17.79500
1521812014.21900,0.00400,0.01800,-0.01000,5.65900,-117.67300,-17.72800
1521812014.66500,0.01700,0.00300,-0.01600,5.73500,-117.27400,-17.66000
1521812014.71800,0.01000,0.01000,-0.01700,5.76400,-117.13200,-17.60400
1521812014.74400,0.01700,0.02500,0.00100,5.78500,-117.02400,-17.53400
1521812014.79900,0.01000,0.02700,0.00200,5.81800,-116.92000,-17.48700
1521812014.80000,0.00700,0.01600,-0.00300,5.85200,-116.72400,-17.45200
1521812014.82300,-0.00600,0.02500,-0.01100,5.89900,-116.56900,-17.43900
1521812014.87500,0.01100,0.00700,-0.03400,6.55800,-115.97400,-17.26000
1521812014.96400,-0.00900,-0.00600,0.01400,6.67500,-117.82600,-17.05800
1521812014.96500,-0.01400,-0.00700,0.00700,6.65200,-118.22600,-17.02600
1521812014.96600,0.00500,-0.00100,-0.00500,6.59000,-118.74800,-17.00100
1521812015.12100,0.02600,0.00100,-0.03400,6.50700,-119.31600,-16.93700
1521812015.12200,0.02900,-0.01400,-0.04700,6.34500,-120.58200,-16.73100
1521812015.12200,0.04600,-0.00800,-0.09800,6.30400,-121.77700,-16.51100
1521812015.12300,0.06700,0.01800,-0.06800,6.42900,-124.54000,-16.04900
1521812015.17300,-0.08000,0.03600,-0.00100,6.49000,-128.68600,-15.49500
1521812015.17400,-0.17900,0.03400,0.01300,6.38300,-131.70000,-15.15600
1521812015.17400,-0.07700,-0.01200,0.08700,7.39300,-136.51600,-13.88200
1521812015.17500,-0.04400,0.00900,0.09400,7.87700,-136.40900,-13.67500
1521812015.19900,-0.00800,0.03400,0.12300,8.33600,-136.18300,-13.37300
1521812015.20000,-0.00100,0.03500,0.11900,8.58700,-135.94400,-13.12400
1521812015.20100,-0.02800,-0.06600,0.05500,8.80600,-135.15600,-12.59600
1521812015.20200,0.12100,0.09500,-0.08700,11.62700,-136.27900,-11.64000
1521812015.25200,0.07300,0.01300,-0.05800,12.12100,-138.78100,-12.00800
1521812015.25300,0.08100,-0.03900,-0.05300,12.79900,-142.52200,-12.52000
1521812015.25300,0.09000,-0.02200,-0.04400,13.28100,-144.07300,-12.63000
1521812015.25400,0.10300,-0.01100,-0.02800,13.51400,-144.67000,-12.15900
1521812015.34800,0.11400,0.00100,-0.02600,13.80300,-145.32400,-11.30600
1521812015.56000,0.03900,0.00600,-0.05100,15.63300,-147.88300,-9.28900
1521812015.61100,0.01300,0.00200,-0.02100,16.22600,-148.50200,-8.36100
1521812015.63700,0.02000,-0.00400,-0.00200,16.81300,-148.86400,-7.37700
1521812015.68900,-0.00400,-0.01700,0.02000,17.14200,-149.06600,-6.75200
1521812015.71700,-0.03500,-0.02900,0.08200,17.58200,-149.30900,-5.87000
1521812015.77800,-0.03400,-0.01700,0.09300,18.00900,-149.57300,-4.90100
1521812015.77800,-0.03100,0.02300,0.10600,17.98900,-149.50300,-4.73100
1521812015.77800,-0.04400,0.00900,0.09200,18.02300,-149.20900,-4.33000
1521812015.77900,-0.06300,-0.02600,0.07300,17.92500,-148.93200,-3.96800
1521812015.80500,-0.06600,-0.05600,0.06300,17.79900,-148.73400,-3.76000
1521812015.80500,-0.06800,-0.02700,0.06000,17.55600,-148.47800,-3.52200
1521812015.80500,-0.07700,0.04300,0.05700,17.37600,-148.29500,-3.42400
1521812015.80500,-0.07200,0.02300,0.04600,17.07200,-147.89700,-3.30000
1521812015.88200,-0.08200,0.01300,0.01200,16.76200,-147.58100,-3.42400
1521812015.88300,-0.07700,0.02200,0.00600,16.65100,-147.42000,-3.69100
1521812015.88400,-0.05100,0.02600,0.00100,16.49700,-147.15900,-4.02600
1521812015.88400,-0.05200,0.03500,-0.00300,16.39400,-147.06100,-4.22300
1521812015.92700,-0.02600,0.06600,-0.05100,16.24600,-146.95700,-4.55200
1521812016.01300,-0.03700,0.05900,-0.04500,16.08400,-146.92300,-4.79900
1521812016.01400,-0.03300,0.03700,-0.04300,16.08100,-146.92400,-4.95000
1521812016.01500,-0.03900,0.01700,-0.07000,16.08900,-146.95700,-5.07700
1521812016.01600,-0.05500,-0.00600,-0.02200,16.11100,-146.93400,-5.10000
1521812016.06700,-0.02000,0.06300,0.02500,16.58000,-146.53700,-5.02900
1521812016.06800,0.01300,0.09100,0.03700,16.80700,-146.38300,-5.09900
1521812016.06900,0.01100,0.02100,-0.00900,16.82700,-146.36500,-5.54200
1521812016.06900,-0.00100,0.00800,0.01800,16.76800,-146.47500,-5.79400
1521812016.08600,0.00600,-0.00300,-0.03000,16.68500,-146.50000,-5.99800
1521812016.13900,-0.02900,-0.01000,-0.03600,16.60900,-146.35100,-6.01500
1521812016.16500,-0.03500,-0.02100,-0.01500,16.50700,-146.04000,-5.90800
1521812016.22400,-0.02400,-0.02600,-0.02300,16.48300,-145.77900,-5.67200
1521812016.22500,-0.04000,0.02000,-0.01200,16.53800,-145.55000,-5.39500
1521812016.22600,-0.03100,0.02800,-0.02500,16.51000,-145.48500,-5.32400
1521812016.24900,-0.03600,0.01400,-0.03100,16.49500,-145.51900,-5.29600
1521812016.25000,-0.03400,-0.01100,-0.05100,16.55200,-145.64500,-5.33600
1521812016.25100,-0.05400,-0.02900,-0.05500,16.51000,-145.85900,-5.36800
1521812016.25200,-0.05500,-0.04300,-0.02700,16.52900,-146.05500,-5.35500
1521812016.29500,-0.06000,-0.02200,-0.00900,16.59300,-146.20400,-5.31500
1521812016.61000,-0.06400,-0.00700,0.00600,16.81200,-146.42900,-5.34100
1521812017.06100,-0.08100,-0.00600,0.01400,16.90200,-146.43000,-5.25700
1521812017.06200,-0.05500,-0.01000,0.05100,17.06600,-146.22300,-5.11700
1521812017.06300,-0.05300,-0.01700,0.08400,17.17800,-146.10000,-5.09200
1521812017.13300,-0.04000,-0.00400,0.09300,17.19800,-146.06800,-5.18700
1521812017.42200,-0.03000,-0.00200,0.08600,17.14400,-145.87500,-5.46000
1521812017.50000,-0.01800,-0.06200,0.03700,16.87600,-145.76900,-5.96500
1521812017.57900,-0.02300,-0.07100,0.01600,16.47500,-145.59300,-6.63100
1521812017.65900,-0.01800,-0.02700,0.04700,16.00000,-145.35600,-7.36800
1521812017.87200,0.00100,0.05700,0.06900,15.70100,-145.11700,-7.82500
1521812017.87200,0.05000,0.07900,0.02700,15.31500,-144.57400,-8.47000
1521812017.94700,0.03200,0.02600,0.03000,15.07900,-144.11800,-8.82400
1521812018.03500,0.00300,-0.03100,0.01000,14.68000,-143.40300,-9.27800
1521812018.03600,0.02200,-0.06100,-0.03200,14.26000,-142.53300,-9.65000
1521812018.03700,0.03800,0.00900,-0.01000,13.96700,-141.86500,-9.89500
1521812018.03700,0.07200,0.13600,-0.00900,13.58700,-140.73400,-10.21400
1521812018.11300,0.05100,0.09800,-0.01100,13.33300,-139.89400,-10.35500
1521812018.11400,0.02500,0.03500,-0.02800,12.91700,-138.47600,-10.43200
1521812018.11500,0.00000,-0.05800,-0.04100,12.61900,-136.57800,-10.30600
1521812018.15800,0.04200,-0.05100,-0.09000,12.40200,-132.99800,-9.94400
1521812018.31900,0.08600,0.04100,-0.08100,12.33700,-132.01300,-9.79500
1521812018.31900,-0.05700,0.04800,-0.03200,11.68400,-131.50900,-9.25700
1521812018.39300,-0.00500,0.00600,0.00400,7.22300,-127.73100,-16.01200
1521812018.55000,-0.00200,0.00000,-0.01000,6.99000,-126.81000,-16.42300
1521812018.76000,-0.02200,0.00200,-0.02800,6.81800,-125.58700,-16.80300
1521812018.85000,-0.01700,0.01600,-0.04300,6.76400,-124.53500,-17.09200
1521812018.85000,-0.00500,0.00700,0.02700,6.42000,-120.24800,-17.13300
1521812018.85000,-0.00500,0.01000,0.03200,6.33600,-120.21700,-17.08900
1521812018.85100,-0.01600,0.00600,0.00100,6.10500,-119.52600,-17.51200
1521812018.91800,-0.00500,0.00700,-0.00500,6.14500,-119.15600,-17.58600
1521812019.00700,0.00000,-0.00100,-0.00900,6.29900,-118.23500,-17.79800
1521812019.00800,-0.00800,0.00700,-0.00700,6.17900,-118.33200,-17.85500
1521812019.08700,0.00200,0.00400,-0.00400,6.17000,-118.37200,-17.87700
1521812019.08700,-0.00200,0.00600,-0.00800,6.16100,-118.41300,-17.89900
1521812019.08700,0.00600,0.00800,0.00300,6.13000,-118.50800,-17.93600
1521812019.08800,-0.00300,0.00800,0.00400,6.12600,-118.58100,-17.96200
1521812019.28600,0.00600,0.00800,0.00800,6.11500,-118.63800,-18.01000
1521812019.36500,-0.00700,-0.00100,-0.00100,6.12500,-118.65400,-18.07300
1521812019.44300,0.00300,0.00700,-0.00100,6.16500,-118.61100,-18.09700
1521812019.60100,-0.00500,0.00200,0.00300,6.19500,-118.62500,-18.14000
1521812019.82000,-0.01600,0.00300,-0.00900,6.25800,-118.64200,-18.16700
1521812019.82000,-0.00500,0.00100,0.00200,6.25800,-118.70300,-18.17200
1521812019.82100,-0.00200,-0.00100,0.00600,6.06800,-118.52700,-18.04900
1521812019.82200,-0.01300,0.00500,0.00400,5.87900,-118.50300,-17.86200
1521812019.89200,-0.00700,0.00800,0.00400,5.94500,-118.55700,-17.75700
1521812019.89300,-0.00700,0.00600,-0.00200,5.98700,-118.55900,-17.75900
1521812019.97900,0.01200,-0.00500,-0.01000,6.06600,-118.50500,-17.75400
1521812019.98100,0.00600,0.00000,-0.02100,6.13100,-118.48600,-17.76400
1521812019.98100,0.01100,0.00300,-0.02000,6.15200,-118.51900,-17.77000
1521812019.98100,0.00700,0.00000,-0.02700,6.16700,-118.61200,-17.75000
1521812020.05500,0.00900,-0.00100,-0.02500,6.16700,-118.71100,-17.71700
1521812020.05600,0.00200,0.00100,-0.01600,6.11100,-118.98900,-17.66300
1521812020.05700,-0.00500,-0.00100,0.00400,6.00900,-119.28900,-17.61200
1521812020.05800,-0.01400,-0.00300,0.01300,5.94600,-119.46800,-17.56400
1521812020.33600,-0.01400,-0.00100,0.02000,5.87000,-119.60800,-17.46600
1521812020.41400,-0.01800,0.00400,0.02100,5.83600,-119.63000,-17.35400
1521812020.78200,-0.01500,0.01200,0.02700,5.83700,-119.62100,-17.28800
1521812020.94200,-0.01900,0.02600,0.02800,5.85200,-119.58700,-17.22700
1521812021.02800,0.00800,0.00500,-0.01200,6.05900,-118.85600,-17.50200
1521812021.02800,0.01200,0.00200,-0.00900,6.07300,-118.77700,-17.56400
1521812021.02800,0.00500,0.00600,-0.00800,6.03400,-118.55400,-17.58600
1521812021.02900,0.00100,0.00000,-0.00200,6.03100,-118.58300,-17.50100
1521812021.23600,0.00000,0.00500,-0.01000,5.96300,-118.82200,-17.64400
1521812021.23700,-0.00100,0.00600,-0.00500,5.94000,-118.89000,-17.65500
1521812021.23800,-0.00400,0.00700,-0.00500,5.91200,-118.96200,-17.66100
1521812021.30700,-0.01400,0.00700,0.00400,5.89200,-119.08200,-17.67600
1521812021.38500,-0.01100,0.00200,0.00600,5.89100,-119.11500,-17.71900
1521812021.46400,-0.00800,0.00300,0.00700,5.89300,-119.11200,-17.74400
1521812021.76200,-0.01100,-0.00100,0.00300,5.91300,-119.07300,-17.79100
1521812021.76300,0.00300,0.00700,-0.00200,5.93700,-119.00300,-17.81500
1521812021.76300,0.00200,0.00900,-0.00600,5.97600,-118.90100,-17.87400
1521812021.76400,0.00500,0.00200,-0.00600,5.99800,-118.83800,-17.93400
1521812021.84100,-0.00200,0.00200,-0.01100,6.00700,-118.81100,-17.97400
1521812021.84200,0.01000,0.00600,-0.01000,6.03000,-118.75300,-18.02900
1521812021.84200,0.00400,0.01500,-0.01500,6.04700,-118.72100,-18.05500
1521812021.84300,-0.01100,0.00200,-0.00300,6.12800,-118.69200,-18.15800
1521812021.92100,-0.00200,0.00200,0.00400,6.11500,-118.72800,-18.20400
1521812021.92100,-0.00400,-0.00400,-0.00600,5.88100,-120.40100,-19.14500
1521812021.92200,-0.01300,0.00700,-0.00100,5.45400,-119.84800,-19.04800
1521812021.92300,-0.00800,0.00800,-0.01100,5.43600,-119.64500,-19.17600
1521812022.20000,0.00600,-0.00300,-0.01300,5.39400,-119.65100,-19.29500
1521812022.27800,0.00700,0.00100,-0.01200,5.29500,-119.71000,-19.48600
1521812022.35700,-0.00500,0.01100,-0.01600,5.23600,-119.68700,-19.60400
1521812022.43600,-0.03700,0.00400,0.01000,4.92100,-119.46600,-19.98800
1521812022.51400,-0.01800,0.00900,-0.00800,4.94100,-119.31600,-20.00000
1521812022.72600,-0.02000,0.02400,-0.00500,5.04300,-119.05400,-19.99500
1521812022.88800,-0.00200,0.02800,-0.01900,5.12300,-118.89500,-19.94100
1521812022.88900,0.02000,-0.00700,0.02200,5.71500,-117.95800,-18.49500
1521812022.89000,0.01200,0.00100,0.01800,5.73500,-117.84300,-18.33400
1521812022.97100,0.01000,0.00200,0.01800,5.76600,-117.43600,-17.95500
1521812022.97100,-0.01500,-0.00100,-0.01900,5.27300,-116.73000,-17.96700
1521812022.97200,-0.01200,-0.00200,-0.01800,5.25800,-116.73200,-17.95900
1521812022.97300,-0.01900,-0.00600,-0.01500,5.26400,-116.78300,-17.93400
1521812023.25100,-0.00700,0.00000,-0.00400,5.23700,-116.90100,-17.87200
1521812023.32800,-0.00700,0.00700,0.00000,5.21100,-116.98600,-17.76700
1521812023.38000,0.00100,0.01300,0.00100,5.20100,-117.01300,-17.65200
1521812023.48600,0.00300,0.00300,0.01300,5.15900,-116.97400,-17.22300
1521812023.53800,-0.01300,0.02000,0.02300,5.12300,-116.95700,-16.95900
1521812023.57400,-0.02200,0.01200,0.02700,5.08900,-116.93200,-16.81100
1521812023.57400,-0.02800,0.00800,0.03300,5.06400,-116.85100,-16.61500
1521812023.57400,-0.02900,0.01100,0.02600,5.07300,-116.68300,-16.49400
1521812023.57500,0.02500,0.00400,-0.02100,5.48900,-115.57800,-17.56300
1521812023.78400,0.01600,-0.00300,-0.02700,5.48700,-115.57000,-17.76400
1521812023.78400,0.01100,-0.00900,-0.02800,5.44100,-115.38000,-18.00000
1521812023.78500,0.00100,0.00000,-0.02000,5.43800,-115.41400,-17.97700
1521812023.78600,-0.01600,0.00500,0.01200,5.47300,-115.64000,-17.70100
1521812023.86200,-0.00500,0.00100,0.00700,5.70500,-116.17000,-17.82400
1521812023.86300,-0.01000,0.00200,0.01100,5.71400,-116.33000,-17.76600
1521812023.86400,-0.01000,0.00700,0.00300,5.71400,-116.33900,-17.75600
1521812023.86500,-0.01500,0.00600,0.00200,5.73100,-116.32700,-17.76300
1521812023.90700,-0.00700,0.00200,-0.00400,5.75700,-116.26500,-17.75800
1521812023.94200,-0.00700,0.00400,-0.01400,5.79000,-116.19900,-17.74800
1521812023.94200,0.00100,0.00400,-0.01300,5.80200,-116.18100,-17.75900
1521812023.94200,-0.00800,-0.00100,-0.01500,5.81100,-116.19200,-17.76100
1521812023.94300,0.03800,0.00100,-0.01000,9.01700,-112.50800,-18.93100
1521812023.98700,0.02000,-0.02600,-0.00100,9.22100,-112.89800,-19.40800
1521812023.98800,-0.14200,0.00500,0.04400,9.64100,-113.00400,-20.51400
1521812024.02000,-0.19600,0.01000,0.07900,10.00900,-112.50100,-20.72100
1521812024.02100,0.00900,0.19100,0.41000,9.06000,-119.27300,-24.86600
1521812024.02200,-0.04600,0.20500,0.31900,8.93400,-120.46100,-27.58400
1521812024.02300,-0.01000,0.11900,0.04400,10.37300,-118.03700,-30.77500
1521812024.43100,-0.06200,0.10300,0.07300,11.81800,-115.77800,-33.07700
1521812024.51900,0.04100,0.21800,0.11700,14.07600,-112.97000,-36.84700
1521812024.51900,0.08200,0.29600,0.17500,15.47700,-111.80200,-39.62700
1521812024.52000,0.15800,-0.04100,-0.21000,47.62200,-97.41000,-62.55500
1521812024.54100,0.30500,-0.03500,-0.15100,68.71300,-94.73400,-74.26100
1521812024.54100,0.28500,-0.10000,-0.24100,75.24000,-93.71800,-77.72500
1521812024.59200,0.03900,-0.33900,-0.28100,83.10800,-92.49700,-82.78200
1521812024.62300,-0.10600,-0.35500,-0.17900,91.08500,-92.93100,-91.66600
1521812024.62400,0.08500,-0.14000,-0.10800,93.96400,-94.07500,-97.03600
1521812024.62500,0.14500,-0.09300,-0.16600,95.37500,-95.12100,-100.63500
1521812024.62600,-0.13000,-0.25100,-0.12600,96.93500,-98.40800,-107.65400
1521812024.67400,-0.13300,-0.21000,-0.06800,97.73900,-101.54100,-113.07000
1521812024.67400,-0.02000,-0.14500,-0.12200,98.58800,-105.72400,-120.41400
1521812024.79800,-0.06200,-0.09800,-0.10200,98.96500,-109.05600,-125.82000
1521812024.87700,-0.15700,-0.11100,-0.04400,99.41600,-115.24600,-134.89000
1521812024.96400,-0.07500,-0.08700,-0.04800,99.90300,-121.23000,-143.30100
1521812024.96500,-0.07900,-0.04400,-0.06400,100.18100,-125.08300,-148.67000
1521812024.96600,-0.09500,-0.03200,-0.04500,100.58500,-131.67400,-157.34900
1521812024.96700,-0.08900,-0.05300,-0.01100,101.08500,-137.48600,-164.98100
1521812025.04800,-0.13000,-0.04500,0.00100,101.40700,-141.25800,-169.82500
1521812025.04900,-0.02900,-0.05200,-0.02600,106.63600,-156.57500,164.73900
1521812025.04900,-0.04900,-0.04400,0.00200,107.05000,-157.22500,163.29300
1521812025.04900,-0.08100,-0.02900,0.02400,107.24900,-157.34800,162.66300
1521812025.06000,-0.05600,-0.04800,-0.00600,107.45200,-156.76800,162.54500
1521812025.11400,-0.04000,-0.03400,-0.01900,107.52700,-156.60800,162.27300
1521812025.32400,-0.05700,-0.02600,-0.01200,107.59800,-156.86700,161.48800
1521812025.48000,-0.08700,-0.02900,0.01100,107.65900,-156.61500,161.30100
1521812025.51600,-0.07400,-0.04600,-0.01500,107.70000,-155.93300,161.76300
1521812025.51600,-0.05300,-0.03700,-0.01900,107.78700,-155.20100,162.26400
1521812025.51700,-0.06700,-0.01100,-0.00700,107.85500,-154.88800,162.49600
1521812025.51800,-0.06500,-0.00900,-0.00200,107.86000,-154.25800,163.05000
1521812025.56000,-0.02700,-0.01100,-0.02300,107.84700,-153.09200,164.17100
1521812025.59600,-0.03300,-0.00900,-0.01400,107.84200,-152.57100,164.70600
1521812025.59600,-0.05100,0.01900,-0.01300,107.72200,-152.14500,165.19000
1521812025.59600,-0.02000,0.02000,-0.04600,107.64800,-151.65700,165.70200
1521812025.59700,-0.02500,0.01500,-0.03400,107.58600,-150.96200,166.44100
1521812025.80500,-0.01900,0.00800,-0.01900,107.55700,-150.25400,167.20500
1521812025.80600,-0.02200,0.01300,-0.01100,107.51200,-149.78300,167.69400
1521812025.80700,0.01300,0.00500,-0.03100,107.47100,-148.82700,168.66700
1521812025.80800,-0.00800,0.01400,-0.02700,107.45600,-148.51900,168.97300
1521812025.88300,-0.01300,-0.00500,-0.01000,107.44900,-148.26200,169.21500
1521812025.88300,0.00100,0.00800,-0.02700,107.47300,-147.66600,169.75600
1521812025.88400,0.01200,0.00300,-0.03100,107.51800,-147.23500,170.14500
1521812025.96300,-0.02300,0.00600,-0.02400,107.62600,-146.23600,170.94500
1521812025.96500,-0.00800,0.01300,-0.02900,107.69300,-145.15300,171.84200
1521812025.96500,-0.00100,0.00200,-0.01500,107.76700,-144.32400,172.48500
1521812025.96500,-0.02400,0.00300,-0.02100,106.48200,-141.80600,174.14000
1521812026.03200,-0.01200,0.01600,-0.00800,106.44200,-141.08000,174.73600
1521812026.24300,-0.01900,0.01800,-0.01000,106.42600,-141.05500,174.71600
1521812026.32000,-0.01800,0.00600,-0.01900,106.34000,-140.78500,174.91500
1521812026.39900,-0.01200,-0.00800,-0.02500,106.25600,-140.62400,175.02700
1521812026.48700,-0.02300,-0.00100,-0.00800,106.14800,-140.74700,174.83200
1521812026.48800,-0.02500,0.00000,0.00000,106.06500,-140.73500,174.78200
1521812026.48900,-0.02200,-0.00300,-0.00200,106.01500,-140.52900,174.95400
1521812026.49000,-0.00400,-0.01600,-0.01300,105.97700,-140.06600,175.43100
1521812026.56300,-0.01700,-0.00900,-0.01300,105.95200,-140.14600,175.38600
1521812026.56400,-0.02400,-0.00300,0.00700,105.91300,-140.46200,175.10700
1521812026.56500,0.00900,-0.00700,-0.03100,105.75500,-139.87300,175.70200
1521812026.69700,-0.01300,0.00800,-0.01400,105.64100,-139.78200,175.75800
1521812026.69800,-0.02300,0.00900,-0.00600,105.55800,-139.70900,175.81900
1521812026.69900,-0.01500,0.00000,-0.01600,105.52800,-139.31400,176.20500
1521812026.70000,-0.00700,-0.00600,0.00000,105.51500,-138.99900,176.50400
1521812026.85500,-0.01100,0.00500,0.00200,105.51000,-138.86600,176.63100
1521812026.85600,-0.00500,0.00200,-0.01500,105.50000,-138.26700,177.20500
1521812026.85700,-0.01400,0.00000,0.00500,105.49100,-138.15900,177.29100
1521812026.92400,-0.01400,0.00200,0.00300,105.47100,-137.83700,177.56800
1521812027.00300,-0.00300,0.00000,-0.01400,105.41700,-137.31500,178.05000
1521812027.29500,0.00000,-0.00100,-0.01100,105.37200,-137.14300,178.19700
1521812027.46200,-0.00700,-0.01000,-0.00700,105.28600,-136.95500,178.38800
1521812027.46200,-0.00700,0.00000,-0.01600,104.85400,-136.60700,178.83600
1521812027.46200,-0.02100,-0.00900,-0.00700,104.79200,-136.70400,178.82000
1521812027.46200,-0.02100,-0.01400,0.01500,104.26600,-136.28900,179.88000
1521812027.53900,-0.01300,-0.00900,0.00500,104.14800,-135.94100,-179.65100
1521812027.53900,-0.02500,0.00200,-0.00100,103.95600,-135.59900,-179.12200
1521812027.54000,-0.01200,0.02600,-0.01800,103.84600,-135.50500,-178.89900
1521812027.54000,0.00700,0.03500,-0.03100,103.77000,-134.66700,-177.90700
1521812027.65900,0.01500,0.03800,-0.03300,103.77800,-134.04400,-177.15100
1521812027.74700,0.00500,0.02300,-0.02400,103.81200,-134.12600,-177.17100
1521812027.74800,-0.01200,0.01600,-0.01100,103.88100,-134.39700,-177.34100
1521812027.74800,-0.01600,0.00300,-0.00100,103.93500,-134.62700,-177.52400
1521812027.74900,-0.01400,-0.00300,-0.00400,104.01100,-134.85900,-177.70900
1521812027.81800,-0.00700,0.01200,-0.01200,104.08000,-134.89800,-177.73700
1521812027.90700,0.01700,0.00800,-0.03000,104.15100,-134.77700,-177.62000
1521812027.90700,0.00400,-0.00200,-0.01500,104.70800,-135.12000,-178.20000
1521812027.90700,-0.01300,-0.02000,-0.01200,104.95300,-134.73600,-177.93900
1521812027.91000,0.00300,-0.00500,-0.01300,105.11300,-134.42600,-177.70500
1521812027.98300,-0.00300,-0.01100,-0.00200,105.32500,-134.10700,-177.48800
1521812027.98400,0.00500,-0.00500,-0.00100,105.52000,-133.20200,-176.70800
1521812027.98500,0.00300,0.00200,-0.00100,105.44200,-132.64300,-176.17300
1521812027.98600,0.00100,-0.00500,-0.01800,105.20100,-129.05200,-172.34400
1521812028.19500,-0.01100,0.00200,0.00200,105.27600,-128.87400,-172.13200
1521812028.19500,0.00500,-0.00200,-0.00700,105.30300,-128.69900,-171.93900
1521812028.19600,0.01000,-0.00200,-0.01000,105.32400,-128.39700,-171.61200
1521812028.19600,-0.01300,-0.01300,0.01300,105.32100,-128.45900,-171.66100
1521812028.26300,0.00000,-0.01400,-0.00600,105.28100,-128.41300,-171.60200
1521812028.34200,0.00000,-0.01100,-0.00400,105.18700,-128.23700,-171.42300
1521812028.42200,-0.00600,0.00000,-0.00300,105.10500,-128.18500,-171.37400
1521812028.51000,-0.00500,-0.00500,-0.01000,104.98600,-127.79800,-170.99200
1521812028.51100,0.00900,0.00000,-0.00300,104.88900,-127.08100,-170.17400
1521812028.51100,0.00100,0.00800,-0.00800,104.91700,-126.68800,-169.75700
1521812028.51100,0.00600,-0.00400,-0.00400,104.97000,-126.58200,-169.63200
1521812028.71900,-0.00300,-0.00100,0.00300,105.06100,-126.59400,-169.61800
1521812028.72000,0.01000,-0.00400,-0.00200,105.14900,-126.50300,-169.49300
1521812028.72100,0.00900,-0.00300,-0.00600,105.19600,-126.31900,-169.29800
1521812028.72200,0.01000,-0.01300,-0.00600,105.22200,-126.06200,-169.03900
1521812028.79700,-0.00100,-0.01200,-0.00500,105.19200,-125.88900,-168.86700
1521812028.79800,0.00100,0.00200,-0.00700,105.17100,-125.70900,-168.69400
1521812028.79900,0.00200,0.00200,-0.00200,105.12400,-125.40500,-168.40000
1521812028.84200,0.00500,-0.00100,-0.00700,105.07200,-124.96300,-167.97600
1521812028.92800,0.00400,0.00400,-0.00700,105.04800,-124.75600,-167.77500
1521812028.92900,0.00400,0.00500,0.00300,105.00800,-124.59300,-167.65200
1521812028.93000,0.00100,-0.00600,0.00200,104.96400,-123.84200,-167.09500
1521812028.95400,0.00300,-0.01800,0.00200,104.96800,-123.69100,-166.97400
1521812028.95500,0.00100,-0.01200,-0.00400,104.96900,-123.51500,-166.82700
1521812028.95600,0.00300,-0.00300,0.00000,104.92700,-122.86400,-166.27400
1521812028.95700,0.00800,0.00100,-0.00300,104.89700,-122.73000,-166.16200
1521812028.99900,0.00100,-0.00200,-0.00500,104.80800,-121.91300,-165.36900
1521812029.15600,0.00200,-0.00600,-0.00600,104.79900,-121.80300,-165.26900
1521812029.23400,0.00000,-0.01400,-0.00100,104.77800,-121.74300,-165.18000
1521812029.31300,-0.01100,-0.00700,0.00800,104.75600,-121.64900,-165.07000
1521812029.44400,0.00100,-0.00700,-0.00400,104.70800,-121.11900,-164.49600
1521812029.47900,0.00600,-0.00400,-0.00300,104.49700,-120.02000,-163.20300
1521812029.48000,0.00700,-0.01600,0.00200,104.45200,-119.74200,-162.90200
1521812029.48000,-0.00700,-0.02400,0.01200,104.35300,-119.56400,-162.67500
1521812029.48100,-0.05700,-0.08700,0.01300,104.24000,-118.62200,-161.63800
1521812029.52300,-0.11300,-0.14300,0.02300,104.20500,-117.18800,-160.02100
1521812030.13600,-0.31200,-0.41300,0.06000,104.28000,-111.99700,-154.00800
1521812030.13600,-0.32000,-0.64400,0.01200,104.38600,-104.86300,-145.76800
1521812030.13700,-0.31900,-0.88200,-0.05500,104.65900,-92.16300,-130.54600
1521812030.13800,-0.15900,-0.81100,-0.20000,104.59100,-82.41700,-117.14100
1521812030.49500,-0.00400,-0.46700,-0.42800,104.12900,-78.62200,-110.36400
1521812030.66000,0.12200,-0.06200,-0.47600,102.72400,-77.01600,-103.59700
1521812030.66000,0.10600,-0.11200,-0.19600,100.31500,-77.86600,-99.88400
1521812030.66000,-0.06400,-0.37500,-0.06100,93.97900,-79.76100,-93.50500
1521812031.17700,-0.03400,-0.28700,-0.31200,83.30900,-80.61400,-85.00900
1521812031.54400,0.10900,-0.14600,-0.42500,72.81200,-81.79800,-78.96800
1521812031.62600,0.55900,0.19300,-0.37100,53.70400,-85.14300,-70.11900
1521812031.62700,0.57300,0.42300,-0.25400,41.33300,-87.89600,-64.40500
1521812031.91400,0.35400,0.38600,-0.08800,27.09400,-92.19700,-55.88700
1521812032.59700,0.16500,0.65400,0.26500,10.07000,-105.92100,-32.36600
1521812032.59800,0.32300,0.57200,0.24700,9.19900,-109.31100,-27.31400
1521812032.67400,0.49600,0.04500,0.16100,4.18000,-29.55800,-11.21300
1521812032.88500,0.13600,0.02500,0.36300,2.73500,-36.60300,-11.52000
1521812032.96200,0.10600,-0.01200,0.11400,3.07100,-35.58000,-11.51400
1521812033.11900,0.07500,0.01300,-0.04100,3.54800,-33.24200,-11.56400
1521812033.41700,0.01900,-0.01900,-0.14900,4.01000,-31.63700,-11.79700
1521812033.41700,-0.00300,-0.02400,-0.18800,4.75300,-29.70800,-12.05500
1521812033.41800,0.04900,-0.03900,-0.07200,5.12400,-29.43500,-12.27900
1521812033.49400,-0.03200,0.00700,0.01400,6.91500,-10.89500,-17.32600
1521812033.49400,0.00400,0.00600,-0.00900,6.79300,-11.32200,-17.35100
1521812033.49400,0.01900,0.01000,-0.00700,6.71900,-11.71800,-17.35500
1521812033.57600,0.01700,0.01100,-0.01000,6.26700,-13.32900,-18.03700
1521812033.57600,0.00700,-0.00600,-0.00700,6.29200,-13.27000,-18.05600
1521812033.57600,-0.00100,-0.00500,-0.01200,6.31900,-13.22100,-18.05800
1521812033.57700,0.01300,0.00900,-0.01200,6.21500,-13.62100,-18.13300
1521812033.65600,0.02500,0.00400,0.01200,5.86000,-15.02900,-18.49000
1521812033.65600,0.01000,0.00700,-0.00300,5.90200,-14.51700,-18.49100
1521812033.65600,0.01500,0.00500,-0.00100,5.87700,-14.57700,-18.48600
1521812033.65700,-0.00400,0.00100,-0.00400,5.86000,-14.57000,-18.46700
1521812033.85400,0.01000,0.00900,-0.00100,5.62100,-14.43600,-18.38900
1521812034.02200,-0.00700,-0.00100,-0.00200,5.27900,-14.93000,-18.47000
1521812034.02200,0.01400,0.00500,-0.00300,5.29100,-15.13900,-18.34700
1521812034.02300,-0.00600,-0.00800,0.00300,5.25200,-15.34400,-18.38000
1521812034.02400,-0.01000,-0.00100,-0.00600,5.28600,-15.25300,-18.37400
1521812034.09000,-0.00800,0.00800,0.00100,5.26300,-15.14700,-18.38500
1521812034.38900,-0.00300,0.00100,0.00400,5.24100,-15.13500,-18.27300
1521812034.38900,-0.00400,-0.00500,0.00400,5.23700,-15.14300,-18.24200
1521812034.39000,-0.00100,0.00000,-0.00600,5.21700,-15.20000,-18.23300
1521812034.39000,0.00900,0.00500,-0.00300,5.19100,-15.28400,-18.23100
1521812034.54800,0.01800,-0.00100,-0.01000,5.12900,-15.41300,-18.21700
1521812034.54800,0.02000,0.00100,-0.00600,5.10700,-15.45900,-18.21800
1521812034.54800,0.00500,0.00600,0.00300,5.09100,-15.41400,-18.22800
1521812034.54800,0.00200,0.00100,0.00000,5.08300,-15.30900,-18.19100
1521812034.61800,-0.00600,0.00000,0.00600,5.07400,-15.23500,-18.15800
1521812034.82600,-0.00900,-0.00100,-0.00200,5.08100,-15.13100,-18.12100
1521812034.90500,-0.01100,0.00200,0.00100,5.07900,-15.10200,-18.10500
1521812035.06200,0.00100,0.00600,-0.00400,5.05500,-15.15500,-18.10600
1521812035.51700,0.01300,0.00700,0.00300,5.03200,-15.23200,-18.09100
1521812035.51800,0.01000,0.01900,0.00200,5.03400,-15.22400,-18.07000
1521812035.51900,0.00300,0.01500,0.00400,5.06700,-15.11400,-18.03800
1521812035.52000,0.00600,-0.00100,-0.00100,5.18100,-14.98900,-17.87500
1521812035.58700,0.01300,-0.00500,0.00800,5.17400,-15.01200,-17.85800
1521812035.87700,0.00000,-0.00300,-0.00500,5.21400,-14.88500,-17.80800
1521812035.96400,-0.00300,-0.00800,-0.00400,5.20900,-14.89500,-17.81200
1521812035.96500,-0.00300,-0.00500,-0.00100,5.19400,-14.93700,-17.85600
1521812035.96500,0.01300,0.01300,-0.00200,5.16800,-15.02300,-17.87600
1521812035.96600,-0.01100,0.00100,-0.01200,5.44100,-14.48000,-17.76100
1521812036.03400,0.00200,-0.00500,-0.00500,5.41600,-14.70500,-17.72600
1521812036.33000,0.01300,-0.00800,-0.00700,5.40000,-14.85800,-17.70500
1521812036.33000,0.01500,0.00400,-0.00100,5.37500,-15.04100,-17.68800
1521812036.33000,0.01200,0.00400,0.01400,5.31800,-15.12200,-17.63200
1521812036.48900,0.00000,-0.00500,0.02200,5.34500,-15.00500,-17.62100
1521812036.49000,-0.01100,0.00100,0.00400,5.38400,-14.85400,-17.60800
1521812036.49100,-0.00300,0.00100,0.00400,5.39900,-14.80700,-17.60700
1521812036.56500,-0.00100,-0.00600,0.00000,5.50800,-14.33600,-17.57000
1521812036.56600,0.00000,-0.00100,-0.00600,5.51400,-14.27600,-17.56300
1521812036.56600,-0.01900,-0.00200,0.00200,5.53000,-13.98900,-17.59100
1521812036.76800,0.00300,0.00300,0.00000,5.47200,-14.48600,-17.63500
1521812036.84800,0.01200,0.00300,-0.00600,5.44300,-14.57500,-17.65300
1521812036.92600,0.01400,0.00200,0.00600,5.41100,-14.67700,-17.67100
1521812037.00500,0.01700,0.00000,0.00900,5.39100,-14.72800,-17.68300
1521812037.30200,-0.01700,0.00700,-0.01000,5.45900,-14.49900,-17.80500
1521812037.30300,-0.00800,0.00200,0.00600,5.28900,-14.46500,-18.07100
1521812037.30300,-0.01900,0.00500,-0.00100,5.31400,-14.30900,-18.13500
1521812037.37900,-0.00100,-0.00100,-0.00300,5.19700,-14.39200,-18.25700
1521812037.38000,0.00300,0.00100,0.00100,5.15700,-14.42600,-18.28000
1521812037.38000,0.00400,0.00500,0.00400,5.12100,-14.42100,-18.27900
1521812037.75200,-0.01300,0.00000,-0.00100,5.12200,-14.14400,-18.28600
1521812037.75200,-0.00900,-0.00200,0.01100,4.95900,-14.18300,-18.29400
1521812037.75300,-0.01100,0.00500,0.00100,4.97700,-14.11500,-18.29100
1521812037.75300,0.00700,-0.00300,0.00000,4.89000,-14.18800,-18.31100
1521812037.98000,0.01600,0.00900,0.00400,4.81800,-14.26200,-18.32500
1521812037.98000,0.00300,0.00700,0.01400,4.80500,-14.20400,-18.32900
1521812038.27400,-0.00500,0.00800,0.01200,4.81000,-14.12700,-18.34000
1521812038.27400,-0.00400,0.00200,0.00500,4.81800,-14.07900,-18.35900
1521812038.27500,-0.00300,-0.00400,0.00100,4.81800,-14.08000,-18.37300
1521812038.27600,-0.00600,-0.00200,-0.01100,4.82400,-14.06400,-18.39700
1521812038.35300,0.00200,0.00100,-0.00700,4.79600,-14.13800,-18.41400
1521812038.35400,0.00500,0.00300,-0.00400,4.69600,-14.18200,-18.38600
1521812038.35400,0.00700,0.00300,-0.01300,4.67800,-14.21800,-18.38900
1521812038.35500,-0.00200,0.00300,0.00400,4.67600,-14.21300,-18.35700
1521812038.42500,0.00300,0.00800,-0.00500,4.64900,-14.30500,-18.37100
1521812038.42600,-0.00100,0.00800,-0.00300,4.79000,-14.01500,-18.44600
1521812038.71200,0.00900,0.00100,0.00500,4.76000,-14.10200,-18.44900
1521812038.78900,0.01300,-0.00100,0.00600,4.73300,-14.15200,-18.45400
1521812038.87000,0.01600,-0.00300,0.01600,4.71500,-14.18800,-18.45700
1521812038.94700,0.01200,0.00400,0.01300,4.72200,-14.17100,-18.45400
1521812039.24500,0.00400,0.00300,0.01000,4.76200,-14.04600,-18.46000
1521812039.24600,-0.01500,-0.00100,0.00600,4.84500,-13.81900,-18.49600
1521812039.24600,0.00100,-0.00300,0.00000,4.82800,-14.02200,-18.55900
1521812039.24700,0.00100,0.00300,0.01200,4.83900,-14.08800,-18.56200
1521812039.32300,0.00800,0.00300,0.00400,4.83100,-14.13600,-18.55700
1521812039.32400,0.00900,0.00100,0.01100,4.81000,-14.19900,-18.54200
1521812039.32500,-0.01300,0.00000,0.00200,4.93000,-13.84600,-18.47300
1521812039.47900,-0.00400,0.00300,0.00100,4.94900,-13.78800,-18.36600
1521812039.48000,-0.00600,0.00400,0.00500,4.93500,-13.80900,-18.34100
1521812039.68200,-0.00100,0.00700,-0.00100,4.92900,-13.81900,-18.33700
1521812039.84000,0.00000,0.00000,0.01000,4.91300,-13.87200,-18.31800
1521812039.91800,0.00200,-0.00200,0.00400,4.90000,-13.90500,-18.30500
1521812040.21700,-0.00800,0.00800,0.01200,4.89800,-13.91900,-18.30500
1521812040.21700,-0.00400,0.00100,0.01000,4.89800,-13.91900,-18.30500
1521812040.21700,-0.00300,-0.00200,0.01200,4.87900,-13.96200,-18.31000
1521812040.21800,0.00400,0.00900,0.00000,4.87500,-13.99000,-18.31100
1521812040.29500,-0.01000,0.00100,0.00600,4.71900,-13.60600,-18.28200
1521812040.29600,-0.00900,0.00400,0.00900,4.69000,-13.60200,-18.28000
1521812040.29700,0.00000,-0.00200,0.00500,4.61600,-13.70800,-18.28500
1521812040.29700,-0.00300,0.00500,-0.00500,4.61300,-13.72900,-18.29300
1521812040.37300,0.00100,0.00500,0.00400,4.56400,-13.86900,-18.44600
1521812040.37400,-0.00200,0.00200,0.00200,4.56400,-13.86900,-18.44600
1521812040.37400,-0.00500,0.00100,0.00400,4.57600,-13.83700,-18.47300
1521812040.37500,-0.00700,0.00100,0.00500,4.59400,-13.80100,-18.48300
1521812040.44400,-0.00500,0.00200,0.00400,4.60000,-13.78400,-18.48000
1521812040.81000,-0.00600,0.00300,0.00900,4.61100,-13.74700,-18.47500
1521812040.86300,-0.00300,0.00000,0.00500,4.61500,-13.74400,-18.47800
1521812040.88900,-0.00500,0.00200,0.00400,4.61100,-13.74000,-18.49500
1521812040.95100,-0.00500,0.00300,0.00500,4.61500,-13.73800,-18.50600
1521812040.95100,-0.00100,0.00100,0.00900,4.61500,-13.73800,-18.50600
1521812040.95200,-0.00300,0.00700,0.00100,4.62100,-13.70400,-18.51200
1521812040.95300,0.00200,0.00200,0.00000,4.58000,-13.80600,-18.57800
1521812041.02900,-0.00600,0.00100,0.00100,4.60900,-13.72000,-18.60400
1521812041.03000,0.00000,0.00200,-0.00200,4.59600,-13.75300,-18.60500
1521812041.03100,0.00700,-0.00200,-0.00200,4.49200,-14.05000,-18.63400
1521812041.10800,-0.00200,0.00500,0.00100,4.50700,-14.01000,-18.62700
1521812041.10900,0.00000,0.00400,0.00000,4.50800,-14.00300,-18.63300
1521812041.11000,0.00400,0.00200,0.00800,4.49900,-14.03400,-18.63100
1521812041.11100,0.00300,0.00100,0.00300,4.50300,-14.03100,-18.63400
1521812041.18800,0.00000,0.00700,0.01200,4.51100,-14.00700,-18.64400
1521812041.18800,0.01200,0.00800,0.01700,4.52800,-13.95300,-18.63500
1521812041.18900,0.01600,0.01200,0.02600,4.57900,-13.80900,-18.63500
1521812041.18900,0.04300,0.02100,0.04800,4.69100,-13.63000,-18.70300
1521812041.39900,0.04700,0.02600,0.09200,4.90500,-13.12100,-18.77500
1521812041.39900,0.11700,0.03000,0.22400,5.11400,-12.76000,-18.93400
1521812041.39900,0.25600,0.17200,0.15800,5.97200,-12.50700,-20.26200
1521812041.40000,-0.34100,-0.42000,-0.18100,91.92900,6.07700,-91.99400
1521812041.55500,-0.28400,-0.48100,-0.03200,96.04500,5.32100,-97.69400
1521812041.55500,-0.11700,-0.36300,0.04900,102.81100,-2.51200,-117.59600
1521812041.55600,-0.16300,-0.35800,0.01400,104.02200,-6.80300,-125.06700
1521812041.57200,0.00100,-0.32600,0.16300,105.73200,-22.70500,-147.41600
1521812042.07900,-0.06200,-0.22700,0.12500,106.23800,-31.29300,-159.16700
1521812042.08000,-0.05700,-0.19400,0.08800,106.71000,-39.07500,-169.62700
1521812042.08100,-0.00400,-0.19300,0.10700,107.00600,-43.56500,-175.61000
1521812042.08200,-0.00400,-0.15100,0.09800,107.33600,-48.09000,177.85700
1521812042.10600,-0.05300,-0.09900,0.07800,107.58700,-51.22800,173.00100
1521812042.10600,-0.03900,-0.09500,0.05200,107.79400,-52.64900,170.48000
1521812042.10700,-0.05600,-0.08600,0.05900,108.16800,-53.81900,167.97300
1521812042.10800,-0.02700,-0.06900,0.08900,108.43200,-54.23800,166.70500
1521812042.16000,-0.00300,-0.05200,0.09000,108.85900,-53.98800,165.85700
1521812042.16000,-0.05200,-0.03800,0.07500,109.31900,-52.93100,165.97700
1521812042.16000,-0.03200,-0.03600,0.08800,109.48900,-52.76300,165.60900
1521812042.16100,-0.00500,0.00200,0.09300,109.69400,-52.88600,164.80400
1521812042.36800,0.01600,-0.01600,0.08400,109.99500,-52.56900,164.79300
1521812042.36900,-0.02100,-0.04100,0.06200,110.65000,-51.41400,165.41000
1521812042.37000,0.01500,-0.01500,0.06000,110.74100,-51.42100,165.34100
1521812042.37100,-0.01300,-0.00700,0.03500,110.74100,-51.02300,165.70200
1521812042.39400,-0.05300,-0.03700,0.01500,110.65800,-50.73100,165.93200
1521812042.39500,-0.02000,-0.01500,0.03900,110.13800,-51.39400,165.46300
1521812042.39600,-0.05900,-0.01000,0.01500,109.89000,-51.13700,165.83200
1521812042.39700,-0.03200,0.00200,0.02400,109.78400,-51.30600,165.75700
1521812042.44700,-0.00100,0.00200,0.03000,109.69300,-51.30800,165.89000
1521812042.44800,-0.00400,0.00400,0.02800,109.64200,-51.04900,166.22300
1521812042.44900,-0.00600,-0.00900,0.03300,108.33600,-47.37200,170.80300
1521812042.46600,0.00900,-0.02700,0.04600,108.29100,-47.31700,170.91300
1521812042.51900,0.01200,-0.09700,0.09900,108.29400,-46.54800,171.88200
1521812042.80700,-0.01500,-0.28400,0.17000,108.29900,-45.31400,173.38300
1521812042.83300,-0.01000,-0.33000,0.17600,108.17700,-41.99200,177.24700
1521812042.92000,0.00600,-0.38100,0.24600,107.66300,-36.55600,-176.39400
1521812042.92000,-0.05900,-0.41300,0.24400,107.18100,-30.41600,-169.32800
1521812042.92100,-0.18100,-0.40400,0.18400,106.37500,-16.96500,-153.86900
1521812042.92100,-0.20100,-0.40900,0.17800,105.82900,-7.83200,-142.92100
1521812042.99800,-0.23600,-0.48600,0.07500,104.92300,2.55100,-128.88200
1521812043.00100,-0.22500,-0.35400,-0.06400,103.49200,9.19900,-117.43700
1521812043.00100,-0.19100,-0.30000,-0.07200,101.71600,12.17400,-110.74200
1521812043.00100,-0.21200,-0.29000,-0.05100,97.29100,15.32100,-100.89700
1521812043.13100,-0.23400,-0.27200,-0.19700,93.28700,16.64800,-94.39600
1521812043.13100,-0.19000,-0.13400,-0.26900,85.20800,17.79800,-84.52400
1521812043.13100,-0.29300,-0.21300,-0.06200,75.00600,19.05300,-74.19200
1521812043.13200,-0.24000,-0.14800,-0.14700,67.36800,20.48600,-66.67600
1521812043.20800,-0.17800,0.28800,-0.35200,54.71400,22.40200,-55.77800
1521812043.20900,-0.05100,0.53200,-0.29000,46.23800,22.79300,-49.62700
1521812043.21000,-0.00600,0.54000,-0.17800,34.68700,22.07500,-41.19100
1521812043.21000,-0.17500,0.64700,-0.01800,28.67300,21.25600,-35.39700
1521812043.26100,-0.08200,0.68300,-0.16300,23.44700,20.69700,-26.08300
1521812043.26200,0.13000,0.63600,-0.36100,20.94500,20.40100,-18.61500
1521812043.26300,0.21100,0.29700,-0.08300,19.81600,19.07100,-15.22000
1521812043.26400,0.26600,0.20100,0.01900,18.16700,14.98400,-12.54900
1521812043.28500,0.21800,-0.02100,-0.04900,11.70400,-5.82400,-17.59200
1521812043.28500,0.20400,-0.01500,-0.02700,9.40200,-11.23400,-18.87500
1521812043.28600,0.12100,-0.04800,-0.02800,7.55100,-16.19800,-19.02100
1521812043.33500,0.11200,0.00400,-0.03000,7.18000,-18.06200,-18.24400
1521812043.33500,0.13100,0.02400,-0.01200,6.88900,-19.41100,-17.64400
1521812043.36600,0.14900,0.04400,0.01500,6.44700,-21.05200,-16.83800
1521812043.36700,0.11600,0.04300,0.04100,6.15800,-21.59800,-16.41300
1521812043.36700,0.06400,0.03900,0.03900,5.73600,-21.26900,-16.02800
1521812043.36800,0.05400,0.03600,0.05900,5.21500,-19.91300,-15.96000
1521812043.43700,0.06900,0.05600,0.05600,4.88700,-18.50700,-16.06000
1521812043.56700,-0.06400,0.06800,0.19200,4.77600,-15.47300,-16.53300
1521812043.64600,-0.13300,-0.00400,0.17500,5.22400,-13.32800,-16.77500
1521812043.80600,-0.11400,-0.01300,0.01800,6.09100,-10.49800,-16.95200
1521812043.85700,0.00900,-0.00900,-0.00800,6.50300,-9.20000,-16.93600
1521812043.88200,0.00000,-0.00700,-0.03300,6.93300,-8.15000,-16.95800
1521812044.09200,-0.04700,-0.00300,-0.08900,7.28400,-7.35600,-16.99400
1521812044.18000,0.00300,0.02200,-0.08900,7.42100,-7.11500,-17.09700
1521812044.18100,0.00400,-0.00700,-0.11100,7.64200,-6.77500,-17.16700
1521812044.18100,-0.02100,-0.02900,-0.09500,7.64700,-6.63000,-17.22900
1521812044.18200,-0.01400,-0.02500,-0.08300,7.67200,-6.73600,-17.34500
1521812044.26000,-0.00300,-0.01600,-0.05800,7.44500,-7.01000,-17.50400
1521812044.26000,-0.01200,-0.00100,-0.03600,7.34400,-7.10300,-17.61400
1521812044.26000,-0.03200,0.00500,-0.01800,7.17600,-7.06900,-17.69700
1521812044.26100,-0.03600,0.00600,0.02500,7.05000,-7.12200,-17.71500
1521812044.32900,-0.02800,0.00600,0.04600,6.79900,-7.61900,-17.68200
1521812044.61700,0.00500,0.01300,0.06200,6.55900,-8.50500,-17.62000
1521812044.69600,0.03300,0.01600,0.03500,6.45100,-8.85900,-17.57100
1521812044.77400,0.04700,0.01600,0.01700,6.42700,-9.17100,-17.49500
1521812044.85400,0.03300,0.00600,-0.02500,6.48600,-8.98600,-17.46500
1521812044.98500,0.02100,0.00100,-0.03100,6.58600,-8.79800,-17.44500
1521812045.07200,0.01800,-0.00100,-0.04300,6.65500,-8.62100,-17.45300
1521812045.07300,0.01500,-0.00400,-0.03400,6.61800,-8.55600,-17.46800
1521812045.07300,0.00900,-0.00300,-0.03800,6.57000,-8.42600,-17.49200
1521812045.07400,0.00100,-0.00100,-0.02400,6.54800,-8.30700,-17.50200
1521812045.15100,0.01400,0.00500,0.00600,6.31500,-8.23700,-17.50500
1521812045.15200,0.01700,0.00600,-0.00500,6.32600,-8.20100,-17.46700
1521812045.15300,0.00200,0.00400,-0.00700,6.41900,-7.70200,-17.40700
1521812045.15300,0.00800,-0.00100,-0.00300,6.39600,-7.23000,-17.30700
1521812045.23000,0.00900,-0.00100,-0.00700,6.34500,-7.28000,-17.33800
1521812045.23100,0.01200,-0.00200,-0.01000,6.32200,-7.29200,-17.36000
1521812045.23100,0.01100,0.00900,-0.00700,6.30500,-7.37000,-17.41400
1521812045.23200,0.01000,0.00600,-0.00700,6.29300,-7.34500,-17.45100
1521812045.30800,0.00600,0.00300,0.00000,6.29000,-7.32500,-17.47200
1521812045.30900,-0.00200,-0.00300,-0.00100,6.31000,-7.03300,-17.46100
1521812045.31000,-0.01000,0.00200,0.00600,6.33800,-6.92700,-17.45200
1521812045.31100,-0.01900,0.00100,-0.00700,6.39300,-6.75600,-17.42100
1521812045.38900,-0.02100,-0.00400,-0.00600,6.40300,-6.71800,-17.40900
1521812045.38900,0.00500,0.00700,-0.01400,5.92600,-7.48600,-17.68000
1521812045.39000,0.00700,0.01100,-0.01000,5.87900,-7.52600,-17.70600
1521812045.39100,-0.01200,0.00900,0.00000,5.87700,-7.11000,-17.77200
1521812045.51100,-0.00800,0.00000,-0.00200,5.87900,-7.00400,-17.77300
1521812045.58900,0.01000,0.00300,-0.00400,5.68600,-7.41600,-17.80000
1521812045.66700,0.01300,0.00100,-0.00500,5.63800,-7.56300,-17.84600
1521812045.74700,0.00600,0.00300,0.00400,5.62000,-7.61500,-17.87300
1521812045.82800,0.00500,0.00500,-0.00500,5.61900,-7.65500,-17.91400
1521812045.91400,0.00100,0.00500,0.00200,5.63000,-7.68600,-17.93700
1521812045.91500,-0.00100,0.00200,-0.00500,5.64200,-7.68500,-17.95500
1521812045.91500,0.00000,0.00000,0.00100,5.64200,-7.68600,-17.96800
1521812046.04300,-0.00200,-0.00200,-0.00900,5.62900,-7.77000,-17.98600
1521812046.04400,0.00500,-0.00500,-0.00100,5.59700,-7.85400,-17.99300
1521812046.04500,0.00600,0.00200,0.00000,5.58200,-7.90200,-18.00400
1521812046.04500,0.01300,0.00700,-0.00600,5.55100,-7.98000,-18.03100
1521812046.20100,0.01000,0.00000,0.00100,5.53800,-8.02100,-18.04000
1521812046.20200,0.01500,-0.00200,0.00000,5.51500,-8.07500,-18.06400
1521812046.20200,0.00900,0.00300,-0.00100,5.51200,-8.08000,-18.10300
1521812046.20300,0.00800,0.00500,-0.00200,5.51100,-8.07000,-18.12700
1521812046.27900,0.00400,0.00400,0.00000,5.52100,-8.01600,-18.16100
1521812046.28000,-0.00200,0.00400,-0.00300,5.54000,-7.97300,-18.17600
1521812046.28100,-0.00400,0.00100,-0.00700,5.55200,-7.91200,-18.20200
1521812046.28200,-0.00800,-0.00100,-0.00800,5.56900,-7.85900,-18.22000
1521812046.35000,-0.00900,-0.00400,-0.00900,5.57000,-7.86000,-18.24200
1521812046.48500,0.00200,0.00400,-0.00700,5.53400,-7.96500,-18.25700
1521812046.48500,0.01000,0.00700,-0.01600,5.50500,-8.05300,-18.26800
1521812046.56100,0.00800,0.00700,-0.00700,5.45700,-8.13500,-18.27500
1521812046.64000,0.00400,0.00300,-0.00100,5.47200,-8.09500,-18.27400
1521812046.71700,0.00400,-0.00100,-0.00500,5.52200,-7.94900,-18.25700
1521812047.01600,0.00500,0.00100,-0.00600,5.50700,-7.94600,-18.24300
1521812047.01600,0.01100,-0.00300,-0.00100,5.48100,-7.93800,-18.21800
1521812047.01600,0.00200,-0.00400,0.00100,5.48500,-7.90900,-18.19400
1521812047.01700,-0.00900,0.00800,-0.01000,5.51700,-7.84200,-18.17000
1521812047.09400,0.00100,0.00600,0.00100,5.50800,-7.98100,-18.14100
1521812047.09400,0.00200,0.00700,-0.00100,5.50700,-8.03100,-18.14300
1521812047.09500,0.00900,0.00200,-0.00100,5.49900,-8.12200,-18.14800
1521812047.17300,0.00300,0.00600,0.00200,5.59400,-8.15400,-18.14600
1521812047.17300,-0.00700,0.00100,0.00100,5.64400,-8.05900,-18.15200
1521812047.17400,-0.00800,-0.00200,0.00100,5.71100,-7.96900,-18.14100
1521812047.17500,0.00300,0.00200,-0.00500,5.73100,-7.96200,-18.14400
1521812047.25000,0.00400,-0.00100,0.00000,5.73800,-7.93800,-18.13900
1521812047.25100,0.00100,-0.00100,-0.00500,5.76000,-7.87400,-18.13300
1521812047.25200,0.00200,0.00100,0.00200,5.77600,-7.77700,-18.12800
1521812047.45200,-0.00100,-0.00400,-0.01100,5.78800,-7.52200,-18.11000
1521812047.53100,0.00600,0.00400,-0.00700,5.75700,-7.48100,-18.16800
1521812047.61000,0.00400,0.00300,-0.00100,5.73100,-7.47200,-18.21000
1521812047.76800,-0.01300,0.00100,-0.00700,5.76800,-7.10500,-18.29300
1521812047.98800,-0.01000,0.00300,-0.00600,5.77500,-7.08900,-18.31700
1521812047.98800,0.01300,0.00600,0.00800,5.62200,-7.51200,-18.47900
1521812047.98800,0.00200,0.00000,-0.00400,5.68700,-7.20900,-18.45000
1521812047.98800,0.00800,0.00000,-0.00600,5.64200,-7.25100,-18.43900
1521812048.06000,0.01100,0.00200,0.00200,5.61400,-7.28200,-18.43200
1521812048.06100,0.00800,0.00200,-0.00200,5.60300,-7.30200,-18.43300
1521812048.14300,0.00600,0.00300,0.00200,5.60100,-7.31600,-18.43400
1521812048.14400,0.00800,0.00200,-0.00100,5.60100,-7.31600,-18.43400
1521812048.14500,0.00900,0.00300,0.00400,5.59700,-7.31100,-18.43000
1521812048.14600,0.00300,0.00600,-0.00600,5.61700,-7.26100,-18.42400
1521812048.22200,-0.00600,-0.00200,-0.00100,5.63500,-7.20000,-18.42100
1521812048.22300,-0.00300,0.00000,-0.00100,5.62900,-7.16700,-18.41700
1521812048.22400,-0.00100,-0.00100,0.00300,5.60600,-7.12800,-18.41400
1521812048.22500,0.00500,0.00200,-0.00300,5.59300,-7.11800,-18.41500
1521812048.66000,0.00600,0.00200,0.00100,5.58500,-7.11700,-18.41400
1521812048.73900,0.00900,0.00200,-0.00300,5.57300,-7.10100,-18.41300
1521812048.95800,0.00200,0.00600,0.00000,5.57400,-7.05200,-18.41900
1521812048.95800,-0.00200,0.00700,-0.00700,5.58300,-6.96200,-18.42900
1521812048.95900,-0.00600,0.00700,-0.00400,5.56200,-6.69600,-18.43900
1521812048.96000,0.00000,0.00500,-0.00300,5.53200,-6.66600,-18.41300
1521812049.11400,0.00500,0.00000,0.01200,5.43300,-6.07300,-17.94200
1521812049.11500,0.00500,0.00200,0.00200,5.65800,-5.39500,-17.78500
1521812049.11600,0.00300,0.00200,-0.00400,5.86300,-4.73100,-17.45400
1521812049.11700,-0.00100,0.01200,-0.01200,5.92000,-4.53300,-17.34800
1521812049.18500,0.00200,0.00700,-0.00600,5.95600,-4.41500,-17.27800
1521812049.47600,0.00400,-0.01000,-0.00500,6.01100,-4.02000,-17.03500
1521812049.55200,0.00300,-0.01000,-0.00800,6.01000,-3.89600,-16.96600
1521812049.71800,-0.00100,0.00600,-0.00700,5.98000,-3.58900,-16.82600
1521812049.71900,0.00600,0.00600,-0.00300,5.94400,-3.50400,-16.76700
1521812049.72000,0.01000,0.00100,0.00400,5.89100,-3.34700,-16.67300
1521812049.72000,0.01200,-0.00200,0.00400,5.86100,-3.22800,-16.62700
1521812049.79800,0.01200,-0.00100,0.01300,5.82700,-3.06200,-16.58100
1521812049.79800,0.01000,0.00200,0.00600,5.83700,-2.86800,-16.56200
1521812049.79900,0.00500,0.00400,0.00600,5.84400,-2.74500,-16.55400
1521812049.79900,0.00800,0.00600,0.00700,5.85400,-1.16000,-16.31500
1521812049.84400,0.03400,0.00000,0.03400,5.87200,-1.13900,-16.35100
1521812049.84400,-0.00800,-0.00500,-0.02600,6.62900,-0.72100,-17.09100
1521812049.87000,-0.02300,-0.01800,-0.03700,6.57600,-0.80600,-17.26900
1521812049.87100,-0.02000,-0.01200,-0.02600,6.49200,-0.89200,-17.33800
1521812049.93100,-0.00800,-0.00900,-0.01400,6.35600,-1.01400,-17.39700
1521812049.93100,0.00100,0.02300,0.02400,6.13000,-0.77900,-17.39600
1521812049.93100,0.02800,0.00400,0.11300,6.08400,-0.80200,-17.41400
1521812049.93100,0.03900,0.03500,0.07500,6.27700,-1.19400,-17.66200
1521812050.00900,0.00300,0.03100,0.02100,6.53700,-1.51000,-17.86100
1521812050.00900,-0.00300,-0.00300,0.00000,7.22400,-2.09600,-18.47300
1521812050.01000,-0.03500,-0.02700,-0.04500,7.46300,-1.53400,-18.78300
1521812050.01100,-0.08200,0.37600,-0.18800,25.39600,8.91200,-44.51800
1521812050.13600,-0.15300,0.25200,-0.23800,32.50100,11.08200,-48.84900
1521812050.13700,-0.18300,-0.23800,0.05400,80.62200,16.92000,-78.00800
1521812050.13800,-0.24100,-0.19300,-0.17300,86.81000,15.91300,-85.13300
1521812050.21800,-0.22200,-0.26300,-0.09300,90.02800,14.78100,-90.04900
1521812050.21900,-0.13700,-0.32900,0.14300,93.60300,11.91700,-98.07500
1521812050.21900,-0.05100,-0.28600,0.09300,96.18300,7.48400,-107.04500
1521812050.22000,-0.09500,-0.25600,0.00600,97.46900,4.03400,-113.14000
1521812050.29700,-0.17000,-0.18400,0.00800,98.95000,-3.04100,-123.66700
1521812050.29700,-0.07300,-0.20300,0.09600,99.82400,-9.96300,-132.67000
1521812050.29700,-0.06700,-0.21400,0.10800,101.06200,-20.91100,-146.42500
1521812050.29800,-0.06500,-0.19500,0.07400,102.21400,-29.33300,-157.17900
1521812050.32400,-0.06100,-0.12900,0.07200,102.85600,-33.81000,-163.11200
1521812050.32400,-0.06500,-0.08500,0.06000,103.74100,-39.62000,-170.89600
1521812050.32500,0.01000,-0.10500,0.08900,105.35700,-45.33100,-179.44200
1521812050.73300,0.00200,-0.06800,0.08400,105.89000,-47.46600,177.65200
1521812050.76600,-0.05100,-0.05500,0.03600,106.51200,-49.19400,174.54300
1521812050.76600,-0.02700,-0.00800,0.06900,106.95300,-51.02400,171.45500
1521812050.84700,-0.02700,-0.03900,0.06600,107.23600,-52.12500,169.56200
1521812050.84700,-0.00800,-0.04700,0.06200,107.63700,-53.40100,167.25600
1521812050.84800,-0.01600,-0.04300,0.06800,107.86800,-54.18100,165.84600
1521812050.84900,-0.04800,-0.05600,0.04300,108.23500,-54.54400,164.85400
1521812051.10200,-0.00700,-0.05800,0.06200,108.64900,-54.86700,163.79600
1521812051.13000,0.00600,-0.05400,0.06600,108.92400,-54.94400,163.32800
1521812051.13000,-0.01600,-0.04300,0.03200,109.28000,-54.60500,163.03200
1521812051.20600,-0.01100,-0.04100,0.03600,109.46600,-54.41300,162.93800
1521812051.29500,-0.01500,-0.03800,0.03400,109.60400,-53.94900,162.88300
1521812051.29500,0.00300,-0.04500,0.04100,109.59500,-53.94200,162.51400
1521812051.29600,0.01200,-0.03100,0.05300,109.53300,-54.14300,162.09300
1521812051.29600,-0.00500,-0.01400,0.05600,109.42800,-54.00000,162.04700
1521812051.49500,-0.05500,-0.01700,0.04000,109.33900,-53.65100,162.30800
1521812051.57600,-0.02600,-0.02000,0.04600,109.21600,-53.93400,162.11900
1521812051.65300,-0.01500,0.00100,0.06300,109.16000,-54.09800,161.92100
1521812051.73300,-0.04500,0.00300,0.02900,109.13300,-53.70200,162.41700
1521812052.03000,-0.03500,0.01700,0.03000,109.16100,-53.29000,162.95300
1521812052.03100,0.01400,0.00600,0.06200,109.19800,-53.31300,162.91700
1521812052.03200,0.00000,0.01400,0.03800,109.25200,-53.20200,163.12700
1521812052.03200,-0.01900,-0.01600,0.02900,109.18200,-52.50600,163.94500
1521812052.10700,-0.01800,-0.02000,0.03000,109.09100,-52.24200,164.29700
1521812052.10800,0.00500,-0.00900,0.03600,108.99900,-52.01500,164.60200
1521812052.10900,0.00900,0.00100,0.03800,108.99500,-51.76900,164.86700
1521812052.10900,-0.00800,0.01700,0.02000,108.96900,-50.92800,165.73500
1521812052.17800,-0.01700,0.02100,0.00700,108.93700,-50.45200,166.20300
1521812052.46600,-0.01700,0.02300,0.01400,108.92400,-50.06100,166.63200
1521812052.54500,-0.01900,-0.02700,-0.00200,110.16500,-48.56900,167.86600
1521812052.62400,-0.00300,-0.00800,0.02000,110.43800,-48.22100,168.14300
1521812052.70300,-0.00800,-0.01400,0.00500,110.67300,-47.60900,168.55700
1521812052.99600,-0.01800,0.01000,-0.00400,110.66800,-47.28700,168.75900
1521812052.99700,-0.00600,-0.00100,0.01800,110.37400,-47.33100,168.35200
1521812053.07900,-0.01000,0.00100,0.02700,110.09200,-47.48300,167.97700
1521812053.07900,-0.01100,-0.01600,0.02400,109.82800,-47.41800,167.73700
1521812053.08000,-0.01200,-0.01200,0.03500,109.66200,-47.61900,167.42000
1521812053.08100,-0.01500,-0.00700,0.02600,108.27200,-48.08000,166.23100
1521812053.96300,-0.01100,-0.00900,0.02300,108.09600,-47.87200,166.30900
1521812054.69900,-0.00600,-0.01100,0.01000,107.88100,-48.18700,166.18100
1521812054.78600,-0.01600,-0.01000,0.00000,107.89000,-48.23100,166.21100
1521812054.78700,-0.00700,0.00400,-0.00100,106.94200,-50.46700,164.46800
1521812054.78700,-0.01300,-0.00900,0.00200,106.81600,-50.67600,164.26900
1521812054.94300,-0.00700,-0.00800,0.00600,106.74500,-50.94200,164.00700
1521812054.94400,-0.00400,-0.01300,0.01000,106.70300,-51.03500,163.92800
1521812054.94400,-0.01900,-0.02200,0.00600,106.63800,-50.99300,163.96700
1521812054.94500,-0.01500,-0.01100,0.00000,106.58700,-50.90800,164.04100
1521812054.99500,-0.00600,-0.00300,0.00900,106.54900,-50.85900,164.06800
1521812054.99500,-0.00300,0.00500,0.01400,106.44300,-50.24700,164.52000
1521812054.99600,0.01000,-0.01000,0.01800,106.35500,-49.23600,166.18100
1521812054.99700,0.01200,0.00300,0.01000,106.25600,-49.30800,166.22800
1521812055.02100,-0.01500,-0.00200,-0.00800,106.23900,-48.91000,167.23000
1521812055.02200,-0.01900,-0.00400,-0.01000,106.23200,-48.49600,167.72100
1521812055.02200,0.00000,0.01300,0.00300,105.46000,-47.32900,169.62900
1521812055.02500,0.00200,0.01000,0.00800,105.40100,-47.18900,169.78300
1521812055.07400,-0.01500,0.01100,-0.00600,105.35200,-46.77400,170.22000
1521812055.07500,-0.00100,-0.00500,-0.00500,105.34900,-46.59700,170.40700
1521812055.07600,0.00800,-0.00100,0.00300,105.39200,-46.89400,170.16300
1521812055.07600,0.00200,-0.00600,-0.00200,105.45700,-47.04100,170.06000
1521812055.10000,-0.01900,0.03500,-0.00100,104.12800,-40.36800,179.23300
1521812055.10100,-0.25100,-0.37900,-0.11600,100.37900,6.93900,-103.63700
1521812055.10200,-0.24900,-0.33700,-0.14300,93.20500,7.76600,-93.43100
1521812055.10200,-0.34500,-0.28300,-0.20200,86.03000,8.04600,-86.23000
1521812055.30200,-0.20600,-0.12400,-0.22200,71.54200,7.91300,-75.03200
1521812055.38600,-0.11300,0.16300,-0.28500,60.31700,7.64300,-67.34700
1521812055.38700,-0.04300,0.50200,-0.43700,35.83800,9.45700,-42.80800
1521812055.38700,0.06500,0.64400,-0.40900,30.54200,11.00900,-34.15700
1521812055.43500,0.20500,0.98300,-0.32100,24.75600,14.46700,-20.91300
1521812055.45900,0.35500,0.80800,-0.40500,22.09800,16.84600,-13.12000
1521812055.54700,0.45500,0.47100,-0.42600,19.15800,19.73700,-4.38200
1521812055.54800,0.55400,0.12700,-0.16100,17.06600,20.78100,-0.04600
1521812055.54900,0.07800,0.04200,-0.01700,15.99200,21.41900,1.23900
1521812055.55000,0.07500,-0.00600,0.07100,14.47200,20.56500,0.93300
1521812055.75600,0.05400,-0.00100,0.12300,13.51400,18.34100,0.01200
1521812055.75700,0.24700,0.02200,0.08400,12.25700,12.69900,-2.03000
1521812055.75800,0.42700,0.08400,0.20000,11.23900,6.08000,-4.91800
1521812055.75900,0.24900,0.14000,0.53600,10.97900,3.97700,-6.36500
1521812055.91300,-0.10900,0.07200,0.22000,11.54100,4.53700,-6.82600
1521812055.91400,-0.09400,0.02500,0.06200,11.85400,5.96100,-6.95800
1521812055.91500,-0.01900,-0.03200,-0.00800,12.28600,6.87300,-7.25100
1521812055.91500,-0.01800,-0.00200,-0.07300,12.80000,5.86200,-7.77500
1521812055.99500,0.00300,-0.02900,-0.10600,13.03500,4.19200,-8.36200
1521812055.99500,0.07600,-0.02700,-0.12700,13.04100,0.66500,-9.66100
1521812055.99500,0.08400,-0.01600,-0.15700,12.92000,-1.72600,-10.53300
1521812055.99500,0.05700,-0.02500,-0.16500,12.72600,-5.06000,-11.80800
1521812056.20200,0.08400,-0.05100,-0.14900,12.25900,-8.67400,-13.18800
1521812056.20300,0.13700,0.01000,-0.11400,11.71600,-11.05600,-14.19600
1521812056.20400,0.11700,0.00300,-0.08800,10.91900,-13.42700,-15.57200
1521812056.20400,0.09500,-0.00100,-0.07200,10.43300,-14.42800,-16.37300
1521812056.27200,0.05100,0.01100,-0.05900,9.58000,-14.51300,-17.61600
1521812056.36200,0.01800,0.00400,-0.03100,9.08000,-13.62100,-18.48100
1521812056.36200,-0.00100,0.00000,-0.03000,8.98800,-12.36900,-18.86500
1521812056.36200,-0.08900,0.00500,0.03600,9.22400,-9.78600,-19.16900
1521812056.36300,-0.19800,-0.01500,0.10000,9.56500,-8.11800,-19.15800
1521812056.43200,-0.16700,0.00200,0.06200,9.82200,-6.84000,-19.22200
1521812056.51400,-0.01400,-0.00700,-0.07500,9.84300,-8.13700,-18.70000
1521812056.51400,-0.00100,-0.00700,-0.09500,9.83000,-8.87600,-18.57800
1521812056.72900,0.02200,-0.01200,-0.08400,9.75600,-9.57400,-18.46400
1521812056.72900,0.02200,-0.01000,-0.08900,9.43900,-10.16300,-18.39500
1521812056.72900,0.01800,0.00900,-0.05200,8.54100,-10.77200,-18.31800
1521812056.73000,0.01100,0.00700,-0.03600,8.30900,-10.66900,-18.33600
1521812056.80600,0.00100,0.00400,-0.01000,8.24000,-10.73200,-18.36600
1521812056.80600,-0.00700,0.00300,-0.00500,8.18500,-10.68000,-18.46700
1521812056.80700,-0.01200,-0.00100,0.00800,8.14300,-10.74500,-18.53800
1521812056.80800,-0.00600,0.00000,0.00500,8.13500,-10.86200,-18.55600
1521812056.88600,0.00100,0.00600,-0.00600,8.14500,-11.02900,-18.57600
1521812056.88700,0.00600,0.00700,-0.02800,8.15600,-11.16200,-18.57500
1521812056.88700,0.00200,0.00000,-0.03100,7.91000,-11.51500,-18.75800
1521812056.96700,0.00700,0.01200,-0.02600,7.83600,-11.57900,-18.78500
1521812056.96700,0.00400,0.00200,-0.01700,7.78400,-11.53600,-18.79400
1521812056.96800,0.00500,0.00800,-0.00700,7.62300,-11.67600,-18.88700
1521812056.96900,0.00600,0.00700,-0.01100,7.61000,-11.75300,-18.89800
1521812057.03600,0.00600,0.00500,-0.01100,7.60300,-11.70900,-18.89500
1521812057.03700,0.00300,0.00800,-0.01100,7.64100,-11.59600,-18.87800
1521812057.25600,-0.02100,0.00700,-0.02900,7.69800,-11.32200,-18.82300
1521812057.25600,-0.01700,-0.00300,-0.02400,7.71000,-11.02900,-18.76100
1521812057.25600,-0.02800,-0.01300,-0.02100,7.69300,-10.84300,-18.67700
1521812057.25600,-0.02900,-0.00400,-0.03300,7.63400,-10.65200,-18.59900
1521812057.40100,0.00500,0.00100,-0.00300,7.10300,-11.46400,-18.49300
1521812057.48700,-0.00200,0.00100,-0.01800,7.11100,-11.37400,-18.50200
1521812057.48700,-0.00500,0.00000,-0.01900,7.13300,-11.26700,-18.49200
1521812057.48800,-0.00700,-0.00700,-0.02900,7.12100,-11.22500,-18.47800
1521812057.69900,0.00000,-0.00100,-0.02400,7.05000,-11.37600,-18.46500
1521812057.70000,0.01000,-0.00100,-0.02200,6.94100,-11.44400,-18.45100
1521812057.70100,0.01300,0.00300,-0.01200,6.87100,-11.46000,-18.43600
1521812057.70100,0.01100,0.00100,-0.00900,6.80600,-11.41700,-18.41300
1521812057.93700,0.00700,0.00200,-0.00200,6.78100,-11.12100,-18.39400
1521812057.93700,0.00200,0.00500,-0.00500,6.77500,-11.02800,-18.38900
1521812057.93700,-0.00200,0.00700,-0.00100,6.76700,-10.89900,-18.39500
1521812057.93800,-0.00600,0.00400,-0.01500,6.77400,-10.83400,-18.40800
1521812058.13600,-0.00800,0.00300,-0.01300,6.78100,-10.75000,-18.41100
