1537024545.46600,0.25300,0.21000,0.11700,0.96800,-16.19400,-14.64500
1537024545.84200,0.18000,0.22200,0.13700,0.10900,-16.00700,-17.12900
1537024545.84300,0.09700,0.16800,0.09000,-0.77800,-14.15500,-21.19000
1537024545.84300,-0.09200,0.08100,0.05300,-1.07300,-10.90900,-25.47800
1537024545.84400,-0.14600,0.05700,0.03100,-1.21600,-8.98300,-28.30500
1537024545.97400,-0.13600,0.00300,0.05000,-1.55500,-6.80800,-32.29800
1537024545.97500,-0.15200,-0.09300,0.01300,-1.76500,-5.60400,-34.69300
1537024545.97600,-0.14100,-0.16100,-0.00200,-1.23800,0.12600,-41.29900
1537024546.02600,-0.25400,-0.09100,-0.03100,1.24400,3.32000,-40.07700
1537024546.18100,0.13000,0.06500,0.00800,0.70700,7.96000,-22.04100
1537024546.18200,0.11600,0.02300,0.03400,0.54300,8.62300,-21.73600
1537024546.18300,0.09700,0.00800,0.02500,0.32800,9.55200,-21.44100
1537024546.26400,0.12500,0.03300,0.04500,0.00100,10.14200,-21.30200
1537024546.26400,0.06300,0.01000,0.01900,-1.72900,14.01300,-23.39300
1537024546.26500,0.05800,0.00600,0.00500,-1.74400,13.91300,-22.99700
1537024546.26600,0.04200,0.00000,0.00100,-1.50600,14.03900,-22.60600
1537024546.39500,0.05700,0.00100,-0.01800,-1.10900,13.29500,-22.24600
1537024546.39500,0.07900,0.00700,-0.02500,-1.06700,12.64800,-22.37300
1537024546.39500,-0.03500,-0.00700,0.00300,-0.87800,11.78500,-26.37600
1537024546.39600,0.01100,0.00000,0.03200,-2.14200,8.84000,-24.99400
1537024546.47200,0.03400,0.00200,0.02400,-2.13700,8.65200,-24.78700
1537024546.47300,0.04800,0.00000,0.01600,-2.09700,8.33400,-24.51400
1537024546.47400,0.03500,0.00300,0.02700,-1.99500,8.12600,-24.28200
1537024546.60200,0.04200,0.01400,-0.00100,-1.52700,7.78600,-23.71600
1537024546.60200,0.04400,0.01500,-0.00200,-1.29800,7.57800,-23.50400
1537024546.60300,0.06000,0.00800,-0.02000,-1.15700,7.33200,-23.41000
1537024546.72700,0.05900,0.01500,-0.01300,-1.10300,7.22600,-23.45300
1537024546.80800,0.05100,0.02000,-0.01700,-0.97200,7.21700,-23.52400
1537024546.80900,0.03400,0.00100,-0.01300,-0.87400,7.27500,-23.58800
1537024546.85800,0.03200,0.00900,-0.02700,-0.78500,7.29000,-23.70700
1537024547.00000,0.03800,0.02900,-0.01700,-0.76900,7.25300,-23.83300
1537024547.00000,0.02900,0.03500,-0.02000,-0.72900,7.23200,-24.03800
1537024547.00000,0.01700,0.00600,-0.00800,-0.54800,7.37700,-24.35400
1537024547.00000,0.02900,0.01400,-0.00900,-0.41900,7.37900,-24.57800
1537024547.02500,0.02500,0.01800,-0.00300,-0.31600,7.39000,-24.75700
1537024547.02500,0.01700,0.00900,0.00100,-0.08700,7.44300,-25.07100
1537024547.02500,-0.01700,-0.00600,-0.01200,0.13900,7.43100,-25.51100
1537024547.02600,-0.03000,0.00200,0.00000,0.23900,7.32600,-25.89800
1537024547.23500,-0.04100,0.00500,0.00000,0.29400,7.03900,-26.55100
1537024547.23500,-0.05000,0.00100,0.00900,0.28500,6.79900,-27.00700
1537024547.23600,-0.07700,-0.01400,0.00200,0.20200,6.40200,-27.68000
1537024547.36500,-0.08200,-0.02000,-0.00100,-0.14700,5.63200,-28.63600
1537024547.36500,-0.07000,-0.02000,0.00300,-0.39600,5.18500,-29.08000
1537024547.36600,-0.06400,-0.04700,0.01200,-0.55200,4.91400,-29.29600
1537024547.36700,-0.06100,-0.05000,0.01600,-0.74800,4.53600,-29.61600
1537024547.41200,-0.05000,-0.04500,0.02000,-0.88100,4.27600,-29.75300
1537024547.41200,-0.03800,-0.03500,0.03000,-0.83400,3.41800,-28.77100
1537024547.43600,0.01300,0.03200,0.02000,-0.37000,1.93000,-26.24700
1537024547.52300,0.01400,0.03400,0.01200,-0.17000,1.38900,-25.34200
1537024547.52300,0.04800,0.04900,-0.00100,0.01800,0.80300,-24.50400
1537024547.52400,0.05700,0.02800,0.00700,0.18400,0.53100,-24.03400
1537024547.52500,0.07600,0.02800,-0.01300,1.30900,0.77900,-22.86400
1537024547.78600,0.08500,0.01800,-0.02100,1.44700,0.86300,-22.93700
1537024547.78700,0.08600,0.01400,-0.01500,1.61000,1.05000,-23.23000
1537024547.78700,0.03800,0.00600,-0.01800,1.69600,1.10000,-23.46400
1537024547.78700,0.06300,0.01200,-0.01900,1.74000,0.89100,-23.70700
1537024547.83300,0.05000,0.00900,-0.02400,1.63900,0.62900,-24.20500
1537024547.83300,0.03500,0.00900,-0.02100,1.56900,0.52500,-24.59900
1537024547.96000,0.01600,0.00800,-0.03300,1.43400,0.51700,-25.19800
1537024548.06900,-0.02100,-0.00300,-0.00500,1.15500,0.78400,-26.57200
1537024548.06900,-0.03900,-0.00200,-0.02500,0.96100,0.81800,-27.10400
1537024548.15400,-0.03100,-0.01100,-0.01400,0.72000,0.79400,-27.57700
1537024548.15500,-0.04400,-0.01700,0.00500,0.63200,0.91200,-27.87000
1537024548.15600,-0.03800,-0.01200,0.00100,0.45000,1.25700,-28.52000
1537024548.15700,-0.04300,-0.01700,0.00500,0.27900,1.38600,-28.74000
1537024548.22400,-0.05800,-0.02700,0.01800,0.16600,1.62500,-28.83700
1537024548.28500,-0.05100,-0.02600,0.01500,0.14600,1.81300,-28.81600
1537024548.28500,-0.04400,-0.01100,0.01200,0.07700,2.04900,-28.71700
1537024548.28500,-0.04700,-0.01400,0.01200,0.03700,2.18600,-28.60800
1537024548.28600,-0.04700,-0.01800,0.01700,0.07400,2.48000,-28.34800
1537024548.31100,-0.02300,-0.00800,0.00800,0.08700,2.69700,-28.04700
1537024548.31100,-0.02300,-0.00500,0.01200,0.08100,2.83200,-27.85200
1537024548.31200,-0.02400,0.00100,0.00300,0.09200,3.06900,-27.54100
1537024548.31200,-0.02100,-0.00700,0.00400,0.09300,3.19200,-27.30500
1537024548.33600,0.03700,0.01700,-0.00500,0.40200,4.31000,-24.96900
1537024548.33600,0.04200,0.03100,-0.01500,0.48300,4.49200,-24.67900
1537024548.33700,0.03500,0.03300,-0.00900,0.63200,4.83200,-24.34900
1537024548.33800,0.02400,0.02900,-0.02300,0.74600,5.19000,-24.14900
1537024548.36400,0.02100,0.03400,-0.01100,0.77600,5.38600,-24.15800
1537024548.36500,0.00800,0.02200,-0.00800,0.78700,5.63200,-24.29400
1537024548.36600,0.19200,0.08900,0.02900,1.59300,7.92300,-27.70800
1537024548.41400,0.21100,0.17900,0.01100,4.47500,12.52700,-30.25500
1537024548.41500,0.17600,0.20800,-0.03600,7.37600,16.09500,-32.51100
1537024548.41600,0.23100,0.32000,-0.14100,11.45100,20.69700,-35.18400
1537024548.44200,-0.02900,0.29800,-0.06200,21.53500,30.31100,-40.06400
1537024548.44300,-0.21000,0.14400,-0.08700,34.60800,38.65500,-45.16300
1537024548.44300,-0.27100,-0.07300,0.08600,42.64700,43.19000,-47.80500
1537024548.44400,-0.24900,-0.14000,0.12200,47.19400,45.31600,-49.64300
1537024548.46300,-0.19000,-0.17700,0.03600,52.81200,47.19400,-52.46100
1537024548.46400,-0.15800,-0.21000,-0.01900,56.04200,48.03400,-54.21100
1537024548.48400,-0.17000,-0.27200,-0.01900,60.24900,48.95100,-56.55300
1537024548.53900,-0.13300,-0.22300,-0.03800,62.61600,49.28000,-58.00600
1537024548.56700,-0.14300,-0.17000,-0.04200,65.73800,49.60300,-59.90600
1537024548.56800,-0.10100,-0.21200,0.02000,68.35100,49.86100,-61.53000
1537024548.59500,-0.10900,-0.23000,0.02900,69.67600,49.92900,-62.48100
1537024548.59600,-0.11900,-0.18000,0.04100,71.20700,50.03700,-63.73800
1537024548.59700,-0.11100,-0.13700,0.07000,71.95100,50.35400,-64.29000
1537024548.67400,-0.09000,-0.09800,0.04100,72.72100,50.92800,-64.85800
1537024548.67400,-0.11400,-0.00600,0.00800,73.23100,51.58900,-65.18100
1537024548.67500,-0.08200,-0.03300,0.04700,73.52700,52.22300,-65.23800
1537024548.69400,-0.09100,-0.05900,0.03600,73.87400,53.05800,-65.33900
1537024548.72000,-0.07300,-0.03000,0.01800,74.05400,53.53900,-65.40900
1537024548.83400,-0.05300,-0.02400,0.02500,74.30300,54.18400,-65.49300
1537024548.83500,-0.04300,-0.03000,0.03100,74.47300,54.53900,-65.56200
1537024548.83500,-0.02000,-0.07100,0.03200,74.73000,54.83600,-65.73900
1537024548.83600,-0.02100,-0.05000,0.03200,74.89100,54.80500,-65.99100
1537024548.88100,-0.02700,-0.03100,0.01500,74.93400,54.68300,-66.14900
1537024548.88200,-0.02400,-0.02800,0.01000,75.07000,54.40300,-66.41600
1537024548.90400,-0.00400,-0.05300,0.05200,75.17800,54.29000,-66.51800
1537024548.93100,-0.00500,-0.03900,0.03700,75.24600,53.99000,-66.68200
1537024549.03600,-0.02800,-0.00700,0.00000,75.19100,53.56500,-66.81800
1537024549.09100,-0.02000,-0.04800,0.03200,75.13800,53.40700,-66.77800
1537024549.09200,-0.01800,-0.05300,0.05200,74.97300,53.10500,-66.70200
1537024549.14900,-0.05300,-0.05600,0.01200,74.78000,52.71200,-66.71900
1537024549.15100,-0.05400,-0.09500,0.01200,74.40400,52.04500,-66.71700
1537024549.15100,-0.05600,-0.20400,0.05900,74.04400,51.65200,-66.56500
1537024549.15200,-0.04500,-0.26600,0.08700,73.13100,50.67400,-66.39600
1537024549.19900,-0.09400,-0.36300,0.07300,71.35900,48.81900,-66.37100
1537024549.19900,-0.10700,-0.37600,0.06500,69.50100,47.16800,-66.29000
1537024549.20000,-0.17100,-0.37300,0.01000,65.46500,44.24300,-65.73900
1537024549.27900,-0.23000,-0.31500,-0.01800,59.75100,41.15800,-64.35400
1537024549.27900,-0.28000,-0.19500,-0.07500,55.06900,39.01900,-62.91900
1537024549.27900,-0.27400,-0.10800,-0.06500,47.53400,35.98400,-60.03100
1537024549.29900,-0.29800,-0.11100,-0.01300,42.64700,34.27500,-57.62600
1537024549.35400,-0.37500,-0.09200,0.01100,35.53400,31.85500,-53.39200
1537024549.35400,-0.43300,0.03700,-0.01400,30.81100,30.03600,-50.18800
1537024549.51800,-0.45700,0.09200,-0.06000,23.30100,25.95000,-45.28800
1537024549.51900,-0.35900,0.28800,-0.17500,15.13000,19.53000,-40.49800
1537024549.51900,-0.24600,0.36400,-0.17500,10.27600,14.52200,-37.32500
1537024549.80600,0.10500,0.39800,-0.07700,2.78500,3.01200,-29.66400
1537024549.80700,0.17300,0.29900,-0.01700,1.23700,-1.27900,-25.81400
1537024549.80800,0.26300,0.22600,0.00800,0.74800,-3.03300,-22.67300
1537024549.80800,0.26300,0.16500,0.03200,0.63800,-3.07100,-21.01800
1537024549.93700,0.23300,0.10600,0.03500,0.46800,-2.40300,-19.16700
1537024549.93800,0.25800,0.06600,0.02500,0.28000,-2.04700,-18.29500
1537024549.93900,0.29000,0.03500,0.01800,-0.05300,-1.89900,-17.38600
1537024549.94000,0.28700,0.02100,0.05300,-0.30200,-2.14600,-17.01000
1537024550.01200,0.24100,-0.00100,0.07700,-0.71200,-3.25900,-16.85200
1537024550.01200,0.40200,0.04200,0.07100,-1.14000,-5.38000,-17.12500
1537024550.06000,0.33800,0.04600,0.05900,-1.22600,-5.89100,-17.45100
1537024550.09000,0.26200,0.05600,0.06300,-1.05700,-5.11000,-18.09000
1537024550.09100,0.16300,0.03800,0.04500,-0.82200,-4.06900,-18.66000
1537024550.14900,0.09600,0.05300,0.03500,-0.46400,-2.44400,-19.74800
1537024550.14900,0.09100,0.06400,0.00100,-0.25500,-1.43700,-21.18500
1537024550.15000,0.05000,0.04000,0.01600,-0.18900,-1.00300,-22.31500
1537024550.15000,0.01600,0.01900,0.00100,-0.24400,-0.84900,-24.16700
1537024550.28000,0.00600,0.01700,-0.00500,-0.38200,-0.97800,-25.42500
1537024550.28000,-0.02300,-0.01700,-0.03500,-0.60400,-1.20900,-27.26800
1537024550.28100,-0.02200,-0.02200,-0.02300,-0.75300,-1.31700,-28.40600
1537024550.28100,-0.06100,-0.04300,-0.02500,-0.83200,-1.21800,-29.89700
1537024550.35800,-0.08900,-0.05700,-0.02100,-0.89600,-1.08200,-30.76100
1537024550.35900,-0.08500,-0.06700,-0.03200,-0.98300,-0.97600,-31.06000
1537024550.35900,-0.10600,-0.08700,-0.03400,-1.19200,-0.96800,-31.18700
1537024550.36000,-0.08600,-0.07100,-0.02400,-1.32300,-0.82800,-31.04300
1537024550.43200,-0.11200,-0.09000,-0.03300,-1.36100,-0.31900,-30.44100
1537024550.43200,0.00800,0.02600,-0.02000,-1.23000,0.33900,-29.95200
1537024550.48200,-0.04100,-0.01300,0.00700,-0.97900,0.96200,-29.70700
1537024550.54200,-0.06000,-0.03500,-0.01300,-0.91300,1.32100,-29.29500
1537024550.54300,-0.02700,-0.00800,-0.01800,-1.08100,1.21100,-28.99900
1537024550.54400,-0.01800,0.00900,-0.02200,-1.38500,1.11600,-28.50400
1537024550.54500,0.01400,0.01700,-0.00700,-1.53300,1.09200,-28.15800
1537024550.77700,0.00200,0.00300,-0.00700,-1.61000,1.45900,-27.65600
1537024550.77800,-0.03200,0.00000,0.00800,-1.64900,1.95400,-27.16900
1537024550.77900,-0.00100,0.00600,-0.00700,-1.75500,2.19800,-26.87600
1537024550.77900,0.01300,0.00400,0.00100,-1.90200,2.66300,-26.44200
1537024550.83100,0.02300,0.00200,0.00900,-1.99600,3.05100,-26.17800
1537024550.83200,0.02900,0.00300,0.00300,-2.13200,3.60900,-25.85600
1537024550.83200,0.06000,0.01300,-0.00300,-2.31100,4.07900,-25.61000
1537024550.83300,0.07300,0.02000,0.01100,-2.42400,4.37300,-25.41400
1537024550.90900,0.06700,-0.00100,0.04900,-2.54900,4.89000,-25.12300
1537024550.91000,0.01100,-0.00900,0.03400,-2.60900,5.15600,-24.91100
1537024550.91100,0.04100,0.00500,0.01800,-2.80500,5.51100,-24.23900
1537024550.95400,0.04400,0.01300,0.02900,-2.75900,5.67700,-24.11600
1537024551.19200,0.03800,0.01400,0.03100,-2.68800,5.86000,-24.09400
1537024551.19300,0.04200,0.01500,0.03900,-2.65200,5.87300,-24.11500
1537024551.25100,0.06000,0.02300,0.03000,-2.58100,5.85200,-24.27500
1537024551.25100,0.04400,0.01300,0.02600,-2.48200,5.92200,-24.46100
1537024551.25100,0.04300,0.01300,0.01700,-2.38000,6.00100,-24.57700
1537024551.25200,0.04100,0.00800,0.02300,-2.20500,6.15100,-24.73900
1537024551.32800,0.03200,0.00000,0.01400,-2.05900,6.24500,-24.82900
1537024551.32900,0.03100,0.00400,0.01000,-1.82100,6.42200,-24.91900
1537024551.33000,0.02900,0.01300,0.01000,-1.69800,6.46500,-25.01300
1537024551.33100,0.02400,0.01100,0.01100,-1.53700,6.50000,-25.14600
1537024551.37900,0.01000,0.00200,-0.00100,-1.38000,6.51600,-25.30000
1537024551.38000,0.00100,0.00600,-0.00300,-1.29200,6.55000,-25.39000
1537024551.38100,0.00700,0.00700,-0.00800,-1.16400,6.60700,-25.55100
1537024551.46000,-0.00400,0.00400,-0.00800,-1.06300,6.68400,-25.66500
1537024551.46100,-0.00700,-0.00900,-0.01200,-0.95900,6.70600,-25.84600
1537024551.46200,-0.01600,-0.01000,-0.00100,-0.92200,6.64400,-25.97100
1537024551.46300,-0.00900,-0.00300,-0.01100,-0.86500,6.57200,-26.12200
1537024551.61300,-0.01100,-0.00200,-0.01000,-0.81000,6.42500,-26.23500
1537024551.61300,-0.00700,-0.00400,-0.01800,-0.79500,6.37200,-26.29500
1537024551.66400,-0.01500,-0.00600,-0.00700,-0.78000,6.29800,-26.33500
1537024551.66500,-0.01200,-0.00400,-0.01000,-0.78800,6.30900,-26.31400
1537024551.74800,-0.00900,-0.00600,-0.00500,-0.79900,6.31600,-26.25900
1537024551.74900,-0.00600,-0.00800,-0.00700,-0.83400,6.33800,-26.18400
1537024551.75000,-0.00100,-0.00300,0.00000,-0.84700,6.33500,-26.11700
1537024551.75100,-0.00400,0.00400,-0.00400,-0.86300,6.45400,-26.00300
1537024551.80200,0.00700,0.00000,-0.00600,-0.87900,6.55200,-25.89700
1537024551.80300,0.00900,0.00100,-0.00100,-0.90900,6.71400,-25.70200
1537024551.80300,0.01500,-0.00800,-0.00400,-0.93900,6.85500,-25.51800
1537024551.80400,0.02300,-0.00400,-0.00300,-0.97100,6.91600,-25.41300
1537024551.82600,0.02100,-0.00600,0.00300,-0.97900,7.07300,-25.26800
1537024551.82700,0.01300,-0.00400,0.01200,-0.95900,7.23500,-25.14300
1537024551.82800,0.02800,0.00800,-0.00400,-0.92100,7.43200,-24.93800
1537024551.88100,0.03200,0.01500,0.00100,-0.89700,7.59300,-24.78200
1537024551.88200,0.02800,0.01900,-0.00500,-0.87500,7.71400,-24.71600
1537024552.03700,0.03400,0.00900,0.00400,-0.65500,8.38400,-24.64200
1537024552.03800,0.03400,0.00700,-0.01100,-0.56200,8.70200,-24.77600
1537024552.03800,0.02400,0.00800,0.01100,-0.50200,8.93400,-24.87800
1537024552.03900,0.00900,0.00400,0.00600,-0.33700,9.33300,-25.01200
1537024552.17000,0.01600,-0.00100,0.00400,-0.21400,9.56400,-25.10200
1537024552.17000,0.00900,-0.00500,-0.00200,-0.08900,9.75900,-25.28600
1537024552.17000,-0.00100,0.00300,0.00200,-0.01700,9.85700,-25.42600
1537024552.17000,-0.01100,0.00100,-0.00400,0.16600,10.09100,-25.62800
1537024552.29300,0.00000,0.00800,-0.01800,0.31500,10.31700,-25.82700
1537024552.29400,-0.00400,0.00000,-0.01100,0.39500,10.48500,-25.95500
1537024552.58900,-0.01800,-0.01800,0.00200,0.49600,10.67400,-26.14000
1537024552.59000,-0.00700,-0.00600,-0.00700,0.50700,10.70400,-26.26300
1537024552.59000,-0.01700,-0.00700,-0.01300,0.49900,10.70800,-26.44700
1537024552.59100,-0.02900,-0.01500,-0.00900,0.45900,10.69700,-26.57100
1537024552.72000,-0.02300,-0.01500,-0.00700,0.40000,10.62900,-26.63500
1537024552.72100,-0.02400,-0.00600,-0.00300,0.32300,10.55900,-26.69300
1537024552.72100,-0.01600,-0.00700,-0.01100,0.29700,10.56500,-26.70500
1537024552.72200,-0.01600,-0.00800,-0.01000,0.27000,10.63700,-26.69200
1537024553.00800,-0.01300,0.00000,-0.01300,0.19100,10.66800,-26.67100
1537024553.00900,-0.00600,-0.00300,0.00100,0.14000,10.67400,-26.64800
1537024553.01000,-0.01000,-0.00900,0.00600,0.09300,10.75400,-26.57000
1537024553.01100,-0.00100,-0.00100,0.00600,0.06700,10.79900,-26.51100
1537024553.14000,-0.00600,0.00000,-0.00600,0.02900,10.87700,-26.41400
1537024553.14000,0.00100,-0.00700,0.00000,0.00400,10.92700,-26.34800
1537024553.14100,0.00000,-0.02600,-0.00600,-0.04400,10.98200,-26.27600
1537024553.14200,0.01000,-0.01400,0.00000,-0.11200,10.96600,-26.24900
1537024553.27300,0.01200,-0.02000,-0.00600,-0.15900,10.94000,-26.24600
1537024553.27300,0.01200,-0.01400,-0.00300,-0.25600,10.84300,-26.26500
1537024553.27400,-0.00100,0.00700,0.00400,-0.33300,10.74200,-26.28200
1537024553.27400,0.00200,0.00000,0.00600,-0.43200,10.56000,-26.27600
1537024553.43100,0.02200,0.01100,-0.00600,-0.57800,10.30000,-26.28300
1537024553.43100,0.02400,0.00800,-0.00200,-0.70800,10.12500,-26.29700
1537024553.43200,0.01500,0.00700,0.00200,-0.97300,11.48600,-26.46200
1537024553.43200,0.00900,0.00900,-0.00100,-0.86700,11.77600,-26.56800
1537024553.56100,0.00400,0.01000,-0.00100,-0.75600,12.07200,-26.71100
1537024553.56100,0.01100,0.00400,-0.00800,-0.68200,12.28300,-26.81300
1537024553.56200,-0.01400,-0.00400,-0.01500,-0.47200,12.93200,-27.04300
1537024553.56300,-0.01700,-0.00200,-0.01100,-0.31400,13.46100,-27.14500
1537024553.69100,-0.01200,0.02000,-0.03400,-0.10400,14.05600,-27.23900
1537024553.69200,-0.02300,0.01800,-0.04400,0.01600,14.51700,-27.29700
1537024553.69300,-0.02700,-0.00500,0.01800,-0.34200,15.77500,-27.65100
1537024553.69400,-0.02600,0.00800,0.00700,-0.38000,15.80600,-27.54800
1537024553.84800,-0.02300,0.00100,0.01600,-0.44800,15.79700,-27.43000
1537024553.84900,-0.02000,-0.00300,0.01000,-0.51900,15.77900,-27.35500
1537024553.85000,0.00100,0.00200,0.00600,-0.66900,15.68900,-27.36600
1537024553.85100,0.00300,-0.00100,0.01800,-0.70900,15.68800,-27.37100
1537024553.89800,0.01000,-0.00400,0.00400,-0.76100,15.69400,-27.35000
1537024553.89800,-0.00800,-0.02500,0.01500,-0.81000,15.75400,-27.28500
1537024554.50300,-0.00700,-0.01600,-0.00600,-0.87300,15.83800,-27.07300
1537024554.50300,0.01000,-0.01400,-0.00200,-0.86400,15.93300,-26.92100
1537024554.50300,0.01100,-0.00600,0.01500,-0.82500,16.03100,-26.72700
1537024554.63700,0.00800,-0.02700,0.00400,-0.83100,15.94400,-26.67000
1537024554.63800,-0.02000,-0.10300,-0.04500,-1.32200,15.09400,-26.87000
1537024554.63800,-0.04700,-0.10100,-0.06600,-1.76600,14.82400,-26.94100
1537024554.63900,-0.03800,-0.06300,-0.07400,-2.08000,14.70700,-26.92400
1537024554.71600,-0.04200,0.02600,-0.06200,-2.62600,14.46400,-26.69200
1537024554.71600,-0.00900,0.14100,-0.01200,-3.24000,14.18100,-25.54200
1537024554.71700,0.07700,0.09900,0.00700,-3.44600,14.56200,-24.52700
1537024554.75900,0.16100,0.07700,0.07700,-3.13700,18.09300,-23.40200
1537024554.95200,0.05800,0.02200,0.06400,-2.13600,24.42900,-23.83700
1537024554.95200,-0.02400,-0.02200,0.05700,-1.65000,27.91800,-24.49700
1537024554.95300,0.07100,-0.10300,0.08100,-1.54700,29.65700,-24.98500
1537024554.95400,0.07700,-0.16400,0.06800,-1.46600,31.80300,-25.83000
1537024555.02100,-0.01400,0.06600,0.01200,0.42200,35.05800,-27.58600
1537024555.08200,-0.19700,0.18000,-0.00300,1.65200,34.81300,-27.65700
1537024555.08300,-0.21800,0.10500,-0.03400,2.29800,33.55200,-27.40700
1537024555.08400,-0.16900,-0.01300,-0.09200,2.58300,29.71100,-26.86200
1537024555.15600,-0.04100,-0.02800,-0.10500,1.48900,20.18600,-26.44800
1537024555.15600,0.25300,0.08000,0.05400,-4.51500,-6.29700,-21.72300
1537024555.18300,0.20200,0.04900,0.04200,-4.03800,-4.32500,-22.64500
1537024555.18300,0.02600,-0.01000,-0.00800,-2.06200,1.24600,-24.12100
1537024555.21400,-0.02900,-0.02600,-0.06300,-0.44200,4.78800,-24.98800
1537024555.21500,0.00100,-0.00100,-0.07100,0.02900,5.46400,-25.24100
1537024555.21500,-0.00900,-0.00300,-0.07300,0.33000,5.78900,-25.33800
1537024555.21600,0.00700,-0.00300,-0.07800,0.67600,6.24100,-25.44900
1537024555.28400,-0.02500,-0.00900,-0.07000,0.71400,6.63900,-25.62100
1537024555.34500,-0.03600,-0.01200,-0.06600,0.76800,6.87700,-25.76700
1537024555.34600,-0.02500,-0.00300,-0.08000,0.67100,7.11100,-26.10400
1537024555.34700,-0.05000,0.02300,-0.08000,0.32000,7.29200,-26.35300
1537024555.34700,-0.06300,-0.01100,-0.03800,-0.15900,7.95900,-27.23600
1537024555.36400,-0.07500,-0.03700,-0.01900,-1.28700,9.27100,-28.24700
1537024555.57500,-0.08100,-0.04200,-0.01200,-1.90200,9.48900,-28.44800
1537024555.57600,-0.08500,-0.04200,0.01400,-2.28400,9.61100,-28.50500
1537024555.63500,-0.07700,-0.03500,0.03300,-2.77400,9.72200,-28.53200
1537024555.63600,6.58300,-12.59900,-1.84700,-3.59800,9.83000,-28.52200
1537024555.68800,0.03100,0.00300,0.08900,-4.34700,9.60500,-27.15000
1537024555.68800,0.05200,0.01200,0.09000,-4.57000,9.55100,-26.73800
1537024555.68900,0.08100,0.01000,0.09100,-4.78000,9.47400,-26.11000
1537024555.69000,0.09800,0.03000,0.07700,-4.49600,9.24000,-25.80100
1537024555.73000,0.10100,0.05200,0.07900,-4.15600,8.98000,-25.76900
1537024555.97600,0.03600,0.00600,0.02900,-3.73000,8.68400,-25.62500
1537024555.97600,0.10900,0.03000,0.00900,-3.60800,8.34600,-25.37400
1537024555.97700,0.05800,0.01600,0.02000,-3.23400,8.21100,-25.10000
1537024555.97800,0.04200,0.01800,0.02300,-2.71900,8.35700,-24.94400
1537024556.01900,0.02600,0.02300,0.01900,-2.38500,8.47000,-24.88300
1537024556.10700,-0.00600,0.02800,0.01400,-1.96600,8.42700,-24.88500
1537024556.10800,-0.02000,0.03400,0.00500,-1.78100,8.19300,-24.94900
1537024556.10800,-0.01800,0.01100,-0.00100,-1.64200,7.55500,-25.12900
1537024556.10900,0.00200,0.00700,-0.00500,-1.64400,6.67200,-25.37000
1537024556.15500,0.00700,0.01000,-0.00700,-1.66000,6.08500,-25.54700
1537024556.15600,0.00700,0.02100,-0.00500,-1.66300,5.29200,-25.78200
1537024556.15700,0.02300,0.01200,0.00000,-1.62800,4.94700,-25.90500
1537024556.18600,0.02700,-0.01300,0.00400,-1.50300,4.66800,-26.03100
1537024556.18600,0.03500,-0.05500,-0.00700,-1.37700,4.65300,-26.07000
1537024556.18600,0.03500,-0.06200,-0.00500,-1.14700,4.86400,-26.08600
1537024556.18700,0.02900,-0.03700,-0.01800,-0.90200,5.22400,-26.06200
1537024556.30700,0.01400,-0.00500,-0.02100,-0.72100,5.51100,-26.04100
1537024556.44400,-0.01500,0.00800,-0.04800,-0.41600,5.90900,-25.96400
1537024556.44400,-0.02000,0.02000,-0.04800,-0.26300,6.07000,-25.90200
1537024556.52700,0.01100,0.02200,-0.04000,-0.11700,6.21100,-25.77700
1537024556.52700,0.01900,0.01300,-0.02100,-0.09700,6.33900,-25.69700
1537024556.52800,0.00700,0.00800,-0.03500,-0.08200,6.48800,-25.69700
1537024556.52900,0.00100,-0.01400,-0.03700,-0.55000,5.39600,-26.32300
1537024556.57100,-0.00500,0.00800,-0.04200,-0.73300,4.84500,-26.37100
1537024556.60600,-0.00600,0.00700,-0.03500,-0.84100,4.47700,-26.32400
1537024556.60700,0.01300,0.01900,-0.03200,-1.08400,4.10500,-26.14400
1537024556.60800,0.04200,0.01600,-0.00400,-1.39600,4.18600,-25.63900
1537024556.60800,0.03300,0.00600,0.01100,-1.46300,4.66700,-25.29400
1537024556.65700,0.02100,0.00100,0.01200,-1.49900,5.03800,-25.10800
1537024556.65800,0.01200,0.00500,0.01500,-1.57900,5.48700,-24.90300
1537024556.65900,0.03200,0.01500,0.01500,-1.67400,5.67200,-24.83100
1537024556.66000,0.04600,0.00900,0.02600,-1.75200,5.90000,-24.81600
1537024556.88900,0.04200,-0.00200,0.01900,-1.74500,6.16200,-24.83100
1537024556.88900,0.04100,-0.01000,0.01500,-1.71400,6.33300,-24.82800
1537024556.94700,0.03500,-0.01800,0.01200,-1.66100,6.60100,-24.79700
1537024556.94800,0.03800,0.01500,0.00000,-1.62800,6.76100,-24.77300
1537024556.94800,0.03000,0.02100,-0.00300,-1.57000,7.00700,-24.73100
1537024556.94900,0.00300,0.01600,-0.01400,-1.51700,7.18300,-24.68700
1537024557.07800,0.01300,0.02200,-0.00300,-1.46300,7.36000,-24.66300
1537024557.07900,0.02300,0.04000,-0.00600,-1.46800,7.45700,-24.66100
1537024557.08000,0.03100,0.04400,-0.00200,-1.43800,7.58200,-24.65100
1537024557.08100,-0.00300,-0.01700,-0.01200,-0.98900,8.54000,-24.55600
1537024557.09800,0.01000,0.00100,-0.01000,-0.90500,8.61000,-24.57000
1537024557.09900,0.01400,0.00700,-0.01300,-0.83100,8.63100,-24.62300
1537024557.15000,0.01500,0.02000,-0.00200,-0.72400,8.76800,-24.66600
1537024557.15100,0.01400,-0.00800,-0.01300,-0.62100,8.96000,-24.67500
1537024557.49400,0.01000,-0.02600,-0.00600,-0.43900,9.32400,-24.67700
1537024557.49400,0.00700,-0.02100,-0.01100,-0.30000,9.55500,-24.68000
1537024557.57700,-0.00600,-0.01300,-0.01000,-0.09800,9.84500,-24.73900
1537024557.57700,-0.03000,0.00200,-0.01700,0.07300,9.96500,-24.87500
1537024557.57800,-0.03100,0.01200,-0.02300,0.14400,9.88100,-25.01200
1537024557.57900,-0.01400,0.00800,-0.02000,0.18200,9.59300,-25.33300
1537024557.65000,-0.01600,0.00400,-0.01500,0.15500,9.43800,-25.54600
1537024557.65000,-0.01900,0.00200,-0.01100,0.08800,9.34800,-25.87700
1537024557.99700,-0.04000,-0.03400,-0.01800,-0.03500,9.58800,-26.43000
1537024557.99700,-0.03500,-0.02000,-0.00900,-0.17700,9.77900,-26.65700
1537024557.99700,-0.03600,-0.00500,-0.00300,-0.25400,9.90300,-26.71900
1537024557.99800,-0.02100,-0.02100,-0.00800,-0.34700,9.99800,-26.64900
1537024558.04400,0.00000,-0.03300,-0.00200,-0.38500,10.01900,-26.48200
1537024558.04400,0.01200,-0.02400,-0.00200,-0.38900,10.11700,-26.14900
1537024558.12500,-0.00300,0.00100,0.00000,-0.23800,10.42100,-25.48600
1537024558.12600,-0.03000,0.01100,0.00400,-0.19300,10.40800,-25.17800
1537024558.12700,-0.01500,0.02800,0.00300,-0.21500,10.26300,-25.03000
1537024558.41200,0.02100,0.02800,0.00200,-0.32000,9.95200,-24.89400
1537024558.41200,0.01700,0.01200,0.00500,-0.39900,9.83000,-24.82000
1537024558.54200,0.02800,-0.01500,0.01500,-0.42600,9.84000,-24.79600
1537024558.54200,0.02100,-0.02600,0.00400,-0.45300,9.94100,-24.77300
1537024558.61700,0.01700,-0.01500,0.00400,-0.45300,10.01300,-24.75500
1537024558.83700,0.00200,0.00800,-0.02200,-0.36600,9.29700,-25.29200
1537024558.83800,-0.00600,0.01100,-0.02100,-0.39400,9.27400,-25.40500
1537024558.83800,-0.00100,0.00500,-0.00900,-0.52100,9.03000,-25.69100
1537024558.83900,-0.00900,0.00000,-0.01400,-0.61700,8.81800,-25.89400
1537024558.96100,-0.01700,0.00100,-0.01100,-0.70200,8.68600,-26.02900
1537024558.96200,-0.01200,0.00500,-0.00400,-0.82400,8.49500,-26.19800
1537024559.43700,-0.00800,-0.00500,0.00600,-0.92000,8.34400,-26.34100
1537024559.43700,-0.01200,-0.02800,0.00700,-0.98200,8.25200,-26.40800
1537024559.57300,0.01200,0.00800,-0.00800,-1.93900,7.57400,-25.89400
1537024559.57300,-0.00900,0.03800,-0.00100,-1.92500,7.61400,-25.75800
1537024559.57300,-0.03600,0.09600,-0.01200,-1.85700,7.51600,-25.59000
1537024559.57300,-0.03400,0.04900,-0.00500,-1.80200,7.09200,-25.48300
1537024559.59300,-0.01600,0.00000,-0.01700,-1.83800,6.56600,-25.46900
1537024559.59300,0.03100,-0.05900,0.00500,-2.08700,5.59400,-25.55500
1537024559.99300,0.06300,-0.00800,0.01600,-2.35600,5.04200,-25.66000
1537024559.99400,0.07500,0.02700,0.01700,-2.65000,4.78000,-25.79000
1537024559.99500,0.02800,0.01300,0.03700,-2.30600,5.95600,-25.69100
1537024559.99500,0.00400,0.00200,-0.01500,-1.26500,7.07000,-25.63600
1537024560.03500,-0.00300,-0.02700,-0.01000,-1.03300,6.98400,-25.37000
1537024560.53900,0.03100,0.00900,-0.00900,-1.19500,6.55200,-25.51900
1537024560.54000,0.04800,0.00400,0.00700,-1.08800,7.20000,-25.55800
1537024561.19100,-0.02100,0.00200,0.00800,-0.52400,9.57100,-25.83200
1537024561.33100,-0.04200,-0.00900,-0.00400,-0.69400,8.75500,-27.49400
1537024561.33200,-0.05200,-0.01000,0.00300,-0.72600,8.28600,-27.65100
1537024561.33300,-0.03700,-0.01700,0.00100,-0.76400,7.89700,-27.67800
1537024561.33400,-0.03900,-0.01500,0.00300,-0.84400,7.25700,-27.67600
1537024561.46100,-0.02000,0.00100,0.00600,-0.95700,6.21100,-27.58300
1537024561.46200,-0.02200,-0.01100,0.00400,-0.95800,5.75600,-27.44100
1537024561.46300,0.04400,0.00700,-0.02100,-0.47100,4.02300,-24.56000
1537024561.46400,0.03800,0.01500,-0.01900,-0.50700,4.13100,-24.67200
1537024561.53900,-0.00400,0.00800,-0.00500,-0.65700,4.75000,-25.79600
1537024561.53900,-0.00800,0.01000,-0.00900,-0.70900,4.85400,-26.06100
1537024561.53900,-0.01800,0.00300,0.00800,-0.79500,5.00100,-26.45400
1537024561.59200,-0.02500,-0.00400,-0.00300,-0.85800,5.08200,-26.71500
1537024561.59200,-0.02700,-0.00700,0.00800,-0.95100,5.15600,-27.09300
1537024561.59300,-0.03200,-0.01100,0.00900,-1.00100,5.20500,-27.33300
1537024561.88100,-0.01600,-0.00600,0.00300,-0.77300,5.32700,-27.20900
1537024561.88200,-0.00300,-0.00100,-0.00700,-0.73900,5.24300,-27.07100
1537024561.88300,-0.00600,-0.00300,-0.00200,-0.67000,5.14500,-26.82400
1537024562.01300,0.02100,0.01000,-0.00900,-0.51300,4.82700,-25.92300
1537024562.01400,-0.00300,-0.00500,0.00600,-0.12000,6.36300,-26.44400
1537024562.01500,-0.00600,-0.01000,-0.00600,-0.13300,6.48900,-26.62800
1537024562.01500,-0.02300,-0.01000,-0.01600,-0.18000,14.76500,-25.82300
1537024562.30300,-0.02200,-0.00700,-0.02300,-0.31900,14.96500,-25.95700
1537024562.30300,-0.03700,-0.01700,-0.01900,-0.38300,15.31600,-26.00200
1537024562.30300,-0.03600,-0.00900,-0.01100,-0.41500,15.56800,-26.00200
1537024562.30300,-0.04200,-0.01300,-0.00800,-0.48000,15.88200,-26.02000
1537024562.35200,-0.04100,0.00400,-0.00200,-0.73900,16.10100,-26.05300
1537024562.35300,-0.03300,-0.00800,0.00500,-0.90000,16.19200,-26.07700
1537024562.35400,-0.02300,-0.00400,-0.01100,-1.01100,16.24500,-26.07900
1537024562.43400,-0.01900,-0.01000,0.00400,-1.20000,16.28500,-26.07900
1537024562.43400,-0.02100,-0.01300,0.01700,-1.39400,16.34900,-26.02400
1537024562.43400,-0.01000,-0.00200,0.00900,-1.52000,16.34800,-25.97000
1537024562.43500,-0.00900,-0.00700,0.02000,-1.66600,16.32900,-25.86700
1537024562.47900,-0.01800,-0.01100,0.02300,-1.71600,16.33000,-25.76400
1537024562.48000,-0.00400,-0.00100,0.02400,-1.80200,16.24000,-25.58600
1537024562.50300,0.00900,0.00900,0.01600,-1.90000,16.09100,-25.42800
1537024563.37700,0.01100,-0.01200,0.01400,-1.78100,15.25800,-24.86100
1537024563.37800,0.00200,-0.01000,0.00000,-1.75000,15.09700,-24.82100
1537024563.37900,0.01000,0.00100,-0.00300,-1.70500,14.78100,-24.73600
1537024563.38000,0.00600,-0.00200,-0.01400,-1.68200,14.55000,-24.67500
1537024563.50400,0.01400,0.00600,-0.02200,-1.63600,13.89000,-24.49200
1537024563.50500,0.00700,0.00600,-0.02300,-1.64000,13.69700,-24.45700
1537024564.10700,0.02000,0.01100,-0.02300,-1.66800,13.43200,-24.39500
1537024564.10700,0.02400,0.00300,-0.00900,-1.67900,13.30100,-24.36000
1537024564.24500,0.00400,0.01300,0.00700,-1.33800,13.04300,-25.42800
1537024564.24500,-0.00700,-0.00900,0.01500,-1.34600,12.89600,-25.96300
1537024564.24600,0.00400,-0.02500,0.02600,-1.36800,12.79400,-26.34400
1537024564.24700,0.00000,-0.04100,0.03000,-1.41000,12.72100,-26.90000
1537024564.37600,0.03500,-0.06000,0.03700,-1.42600,12.68600,-27.21000
1537024564.37600,0.02700,-0.04400,0.04800,-1.34300,12.82500,-27.52100
1537024564.37600,0.01800,-0.03600,0.03000,-1.00600,13.16700,-27.60200
1537024564.37700,0.00500,-0.06000,0.03600,-0.73300,13.43200,-27.50700
1537024564.42000,0.01000,0.02200,0.00400,-0.42900,13.77800,-27.20700
1537024564.44700,-0.00600,0.03900,0.01700,-0.21700,14.14400,-26.89200
1537024564.83800,-0.00400,0.10200,0.00300,0.13000,14.87800,-26.22200
1537024564.86500,-0.02800,0.14600,-0.00800,0.40500,15.45600,-25.64300
1537024565.20600,-0.01700,0.11600,-0.01700,0.87100,16.35700,-24.64200
1537024565.34600,0.09300,0.04100,0.02000,1.35200,17.53400,-23.63700
1537024565.34700,0.13200,0.03600,0.06900,-2.28400,-0.67200,-22.23800
1537024565.34800,0.15600,0.03600,0.05700,-2.22500,-0.64600,-22.50900
1537024565.34900,0.16500,0.04900,0.05300,-2.06600,-0.24900,-22.85100
1537024565.39000,0.11800,0.02100,0.03800,-1.93300,0.25200,-22.93000
1537024565.47300,0.09100,-0.01100,0.00200,-1.16500,1.96900,-23.50400
1537024565.47300,0.06700,0.00000,-0.00200,-0.90100,2.52100,-23.69700
1537024565.76600,-0.03400,-0.00600,0.00500,-1.11800,7.38400,-27.75100
1537024565.76700,-0.02300,-0.01000,0.02100,-1.27500,7.73900,-27.39500
1537024565.76800,0.02600,0.00200,0.03300,-1.86000,7.71900,-26.36100
1537024565.76800,0.03300,0.00600,0.02900,-1.90900,7.67800,-26.08400
1537024565.97900,0.03300,0.01000,0.03400,-1.90300,7.73900,-25.88600
1537024565.97900,0.04500,0.01000,0.02900,-1.86000,7.61300,-25.60700
1537024565.98000,0.05300,0.00800,0.03200,-1.69400,7.21900,-25.28100
1537024565.98000,0.05400,0.02500,0.02600,-1.59800,7.09200,-25.23000
1537024566.31400,0.05000,0.02800,0.02100,-1.44100,6.91200,-25.17600
1537024566.31500,0.05500,0.02800,0.02200,-1.25900,6.83000,-25.20500
1537024566.31600,0.04400,0.02100,0.01300,-1.13400,6.79000,-25.23800
1537024566.37000,0.04100,0.02100,0.01000,-0.95500,6.71400,-25.31300
1537024566.37100,-0.02600,-0.02000,-0.03300,-0.18900,6.14500,-27.52800
1537024566.37200,-0.02100,-0.02000,-0.01900,-0.32300,6.13800,-27.52400
1537024566.37300,0.01900,0.00800,0.01900,-1.12600,8.65100,-26.28300
1537024566.44300,0.01300,0.00900,0.02200,-0.97800,8.73000,-26.50800
1537024567.28900,0.00200,0.00400,0.01800,-0.86700,8.80600,-26.65200
1537024567.29000,-0.00400,0.00300,0.00900,-0.78800,8.85200,-26.76100
1537024567.29100,-0.01400,-0.00300,0.01000,-0.65900,8.90300,-26.93500
1537024567.29100,-0.02200,-0.00100,0.00300,-0.46800,8.84600,-27.22200
1537024567.36000,-0.01600,-0.00500,-0.00500,-0.39600,8.71000,-27.37100
1537024567.41200,-0.01800,-0.01500,-0.01600,-0.29700,8.43100,-27.57200
1537024567.70900,-0.01700,0.00000,-0.02200,-0.26300,8.38700,-27.03000
1537024567.70900,-0.00300,0.00000,-0.01400,-0.29200,8.37700,-26.94500
1537024567.71000,0.00100,0.00300,-0.01300,-0.34900,8.32700,-26.84500
1537024567.71100,0.00900,0.00500,-0.00100,-0.39700,8.30600,-26.79400
1537024567.76100,0.00100,0.00000,0.00400,-0.70900,8.13200,-26.69600
1537024567.76200,0.00400,-0.00200,0.01900,-0.73600,8.15800,-26.67800
1537024567.76500,0.01200,0.00100,0.01500,-0.75600,8.14700,-26.68200
1537024567.84100,0.00200,0.00200,-0.01200,-0.47100,8.24600,-26.46100
1537024567.84100,0.00100,-0.00400,-0.00800,-0.44700,8.27700,-26.43500
1537024567.84200,0.00100,0.00100,-0.01200,-0.42400,8.32700,-26.38900
1537024567.84300,0.00900,0.00300,-0.00300,-0.40700,8.37400,-26.35800
1537024568.18100,-0.00500,-0.00300,-0.01300,-0.38400,8.42000,-26.34800
1537024568.18200,0.00300,-0.00400,-0.00100,-0.35900,8.47600,-26.33700
1537024568.18200,-0.00200,0.00000,-0.01100,-0.35100,8.50400,-26.33700
1537024568.26100,-0.00200,0.00300,-0.00600,-0.33900,8.52800,-26.34300
1537024568.26100,0.00400,0.00000,0.00200,-0.52400,8.65100,-26.17300
1537024568.26200,0.00400,0.00300,0.00400,-0.49800,8.64500,-26.14200
1537024568.26300,-0.00400,-0.00200,-0.00100,-0.44900,8.66500,-26.11000
1537024568.30400,-0.00400,-0.00400,0.00100,-0.41900,8.69900,-26.08900
1537024568.33200,0.00200,0.00200,0.00100,-0.43100,8.63000,-26.08800
1537024568.68200,-0.00300,-0.00100,0.00000,-0.43100,8.63000,-26.08800
1537024568.68200,0.00800,0.00200,-0.00400,-0.46600,8.91300,-25.82500
1537024568.68200,0.00000,0.00200,0.00300,-0.45100,8.97100,-25.82500
1537024568.68300,0.00400,0.00300,-0.00900,-0.44800,8.98100,-25.82500
1537024568.73300,0.00800,0.00700,0.00300,-0.44800,8.98100,-25.82500
1537024568.73400,-0.00200,0.02000,-0.00200,-0.42800,9.01700,-25.82400
1537024568.73500,-0.00900,0.01000,0.00300,-0.40700,9.05400,-25.82300
1537024568.73600,0.00400,0.00200,-0.00300,-0.40200,9.05300,-25.82400
1537024568.75100,-0.00300,-0.01300,0.01300,-0.38900,9.07600,-25.85800
1537024569.23200,0.00700,-0.01300,0.00800,-0.38800,9.07100,-25.89400
1537024569.23300,0.00300,-0.00800,0.01000,-0.37400,9.02800,-25.95400
1537024569.23300,0.00100,-0.00500,0.00200,-0.33700,9.01600,-25.96800
1537024569.23300,0.00100,-0.00700,0.00600,-0.29100,9.02100,-25.96100
1537024569.28400,0.00300,-0.00900,-0.00600,-0.04000,8.91800,-25.96000
1537024569.28500,0.00300,-0.00400,0.00000,-0.04100,8.92900,-26.00200
1537024569.28500,0.00500,-0.00500,-0.00200,-0.03500,8.94800,-26.02100
1537024569.28600,0.00700,-0.00200,-0.00100,-0.02200,8.96100,-25.99600
1537024569.35900,0.00800,0.00000,0.00000,0.00000,9.00200,-26.00000
1537024569.35900,0.00700,0.00400,-0.00300,0.03300,9.06100,-26.00500
1537024569.64300,0.00200,-0.00100,-0.00600,0.04900,9.09900,-26.02400
1537024569.77400,0.00400,-0.00300,-0.00100,0.05500,9.11800,-26.05500
1537024569.90600,0.00100,-0.00100,-0.00300,0.07600,9.16000,-26.13000
1537024570.24800,-0.00400,-0.00100,-0.01000,0.04000,9.29800,-26.38200
1537024570.66900,-0.00700,-0.00300,-0.00600,0.00500,9.38100,-26.37900
1537024570.67000,-0.00700,0.00200,-0.00400,-0.03400,9.43000,-26.38200
1537024570.77100,-0.00100,0.00600,0.00100,-0.06700,9.43200,-26.37800
1537024570.77100,-0.00400,0.00600,-0.00200,-0.10300,9.47000,-26.38000
1537024570.77100,-0.00200,0.00000,0.00700,-0.12500,9.51500,-26.38100
1537024571.04000,-0.00400,-0.00200,0.00100,-0.16400,9.55900,-26.38900
1537024571.04100,-0.00400,0.00000,0.00600,-0.21400,9.58000,-26.41300
1537024571.04100,-0.00800,-0.00200,0.00200,-0.22400,9.58200,-26.42300
1537024571.18000,-0.00600,-0.00200,-0.01300,-0.28200,9.30600,-26.14700
1537024571.18000,0.00500,0.00000,-0.00400,-0.29800,9.24800,-26.12600
1537024571.18000,0.00200,0.00200,-0.00900,-0.30100,9.17700,-26.09600
1537024571.18000,0.00300,0.00100,0.00500,-0.30200,9.17700,-26.07500
1537024571.23400,-0.00100,0.00200,-0.00600,-0.31300,9.15900,-26.05500
1537024571.23400,0.00600,0.00300,0.00100,-0.32600,9.13600,-26.02000
1537024571.23400,0.00600,0.00100,-0.00100,-0.32900,9.12600,-26.02100
1537024571.23400,0.00900,0.00400,0.00600,-0.30900,9.15800,-26.02500
1537024571.31100,0.00200,0.00200,0.00100,-0.28400,9.21300,-26.02400
1537024571.31200,0.00200,-0.00300,0.00300,-0.24500,9.27600,-26.01300
1537024571.59400,-0.00100,-0.00400,-0.00500,-0.01500,9.67800,-26.16000
1537024571.59500,-0.00400,0.00200,-0.00600,-0.14900,9.77700,-26.13700
1537024571.59600,-0.00200,-0.00100,0.00300,-0.20000,9.86700,-26.02900
1537024571.64600,-0.00300,-0.00400,-0.00600,-0.21400,10.28800,-25.77700
1537024571.64600,-0.00600,-0.00100,-0.01000,-0.20300,10.39800,-25.77700
1537024571.71800,-0.01000,0.00400,-0.01900,-0.20100,10.47400,-25.77400
1537024572.00900,-0.00500,-0.00800,0.00300,-0.25100,10.45800,-25.77100
1537024572.01000,-0.00100,0.00900,-0.00300,-0.31000,10.48800,-25.88100
1537024572.14700,-0.01300,-0.01100,0.00100,-0.29800,10.46500,-25.88900
1537024572.14700,-0.00600,0.00500,-0.00800,-0.27400,10.30800,-25.92700
1537024572.14800,-0.00700,-0.00400,-0.00400,-0.25600,10.20200,-25.91400
1537024572.14800,-0.00100,-0.01100,-0.01100,-0.26500,10.10700,-25.89900
1537024572.20100,0.00300,-0.00300,-0.00400,-0.28400,10.01400,-25.87200
1537024572.20100,-0.01000,0.00600,-0.00500,-0.29400,10.00100,-25.85700
1537024572.20100,-0.01000,0.00300,-0.00500,-0.32800,9.93700,-25.84800
1537024572.20100,-0.00500,0.00300,-0.00900,-0.38200,9.83600,-25.83900
1537024572.51100,0.00100,0.00000,-0.00500,-0.41200,9.78600,-25.83500
1537024572.56400,0.00200,-0.00500,-0.00600,-0.44100,9.76200,-25.83600
1537024572.56400,0.00300,0.00100,-0.01900,-0.44500,9.79300,-25.82600
1537024572.56400,-0.01300,0.00600,-0.00700,-0.48100,9.83500,-25.78300
1537024572.63600,0.00700,-0.00200,-0.00100,-0.59700,9.63500,-25.72400
1537024572.71600,0.01600,0.01500,-0.00300,-0.60800,9.56600,-25.74400
1537024572.71600,0.00100,0.00900,-0.01500,-0.61600,9.55300,-25.77000
1537024572.71600,-0.00900,0.00400,-0.00300,-0.61900,9.53400,-25.79900
1537024573.03900,-0.02700,0.00000,-0.00500,-0.30000,9.60400,-25.73000
1537024573.04000,-0.00300,0.00800,-0.00900,-0.29600,9.57800,-25.72400
1537024573.04000,0.02600,-0.02000,0.03700,-0.34400,9.59100,-25.93000
1537024573.04100,0.08600,-0.02100,0.10500,-0.27100,9.71800,-25.94900
1537024573.05500,0.08500,0.03100,0.11300,-0.05700,10.04100,-26.06400
1537024573.16900,0.13500,0.13600,0.09100,-0.16100,9.38900,-26.64100
1537024573.16900,0.23800,0.23400,0.05400,-0.37800,8.50800,-27.46300
1537024573.17000,0.32800,0.31000,-0.05500,-0.44900,7.65900,-29.52800
1537024573.17100,0.27200,0.30300,-0.03800,-0.09800,8.07000,-31.48100
1537024573.19600,0.22400,0.31500,-0.04600,0.94700,9.51300,-35.10600
1537024573.19700,-0.16100,-0.19600,-0.03400,60.82700,27.75900,-71.20800
1537024573.19800,-0.11000,-0.19600,-0.09300,68.79300,27.85100,-75.89900
1537024573.19900,-0.13000,-0.07800,-0.18300,73.41500,28.02100,-78.76400
1537024573.22000,-0.15500,-0.09400,-0.16200,79.60500,28.90300,-82.50700
1537024573.22100,-0.15900,-0.14600,-0.05800,87.09400,31.65400,-87.43400
1537024573.31900,-0.19200,-0.09700,-0.06000,89.79200,33.57300,-89.78800
1537024573.35200,-0.18600,-0.13500,-0.01100,91.07900,34.92300,-91.21900
1537024573.40600,-0.13500,-0.19700,0.07500,92.41300,36.96900,-93.17600
1537024573.40700,-0.12400,-0.22100,0.11300,93.29200,38.95900,-94.91000
1537024573.40800,-0.08000,-0.24600,0.13400,93.72100,40.30800,-95.91400
1537024573.40800,-0.11800,-0.16400,0.07000,94.20200,42.27800,-97.08700
1537024573.43100,-0.07600,-0.14100,0.07100,94.38600,43.49700,-97.66200
1537024573.43200,0.05100,-0.01200,0.10600,94.73800,49.83500,-101.18800
1537024573.43300,0.05600,0.02200,0.08800,94.75200,50.29500,-101.61700
1537024573.43400,-0.02700,0.03900,0.03600,94.89400,50.93700,-102.13800
1537024573.53700,-0.07200,0.03700,0.00500,95.18700,50.91700,-103.17000
1537024573.53700,0.04700,-0.03700,0.02100,95.82900,49.55600,-106.13300
1537024573.53800,0.01200,-0.01300,-0.00300,96.04700,49.04200,-107.13300
1537024573.53800,-0.03000,0.01400,-0.00100,96.31700,48.51000,-108.24100
1537024573.56400,-0.07800,0.03800,-0.02100,96.46000,47.96400,-109.40400
1537024573.56500,-0.03800,0.02500,0.00100,96.49200,47.52000,-110.34800
1537024573.56500,-0.02800,0.01800,0.03500,96.45200,46.91800,-111.76700
1537024573.56600,-0.04300,0.01000,0.04900,96.41900,46.39800,-112.72200
1537024573.66900,-0.06900,-0.02300,0.03600,96.46500,45.66900,-114.30800
1537024573.66900,-0.05700,-0.06400,0.05000,96.51100,44.83900,-115.58000
1537024573.66900,-0.05500,-0.08400,0.06800,96.64600,43.46300,-117.62200
1537024573.67000,-0.05900,-0.10600,0.04500,96.90900,41.77200,-119.65100
1537024573.69400,-0.06000,-0.11700,0.03500,97.15900,40.75700,-120.86700
1537024573.69500,-0.08000,-0.09000,0.03700,97.41500,39.70700,-121.94400
1537024573.69500,-0.04100,-0.09100,0.03600,97.43700,39.62800,-122.06800
1537024573.69600,-0.02800,-0.07200,0.04000,97.65700,38.50300,-123.16400
1537024573.72100,-0.02900,-0.04200,0.02700,97.88700,37.69000,-123.99500
1537024573.72200,-0.04900,-0.02800,0.01700,98.01500,37.43100,-124.17800
1537024573.72300,-0.02000,-0.02100,0.01400,98.11700,37.40300,-124.30400
1537024573.72400,-0.00700,-0.01500,0.01200,98.07800,37.54000,-124.16100
1537024573.76500,-0.01200,0.00600,0.01700,97.96300,38.18400,-123.68300
1537024573.79800,-0.01600,0.00100,0.02700,97.82100,38.86400,-123.07500
1537024573.79900,-0.00600,0.00800,0.02500,97.73600,39.26000,-122.77900
1537024573.80000,-0.01000,0.00400,0.01500,97.64800,39.56800,-122.47200
1537024573.82100,-0.04400,0.03100,0.02000,97.44300,39.94500,-122.02200
1537024573.84200,-0.03900,0.01500,0.02800,97.41900,39.87600,-122.13500
1537024573.95600,-0.01900,-0.02400,0.03100,97.39200,39.69000,-122.29500
1537024573.95600,-0.04200,-0.01500,0.01600,97.38200,39.62200,-122.34300
1537024573.95700,-0.04500,-0.01700,-0.00200,97.32800,39.80600,-122.18200
1537024573.95800,-0.03700,-0.00900,0.00100,97.24800,39.80000,-122.14000
1537024573.97300,-0.01100,-0.02100,0.01300,97.18000,39.97500,-121.95900
1537024574.00000,-0.00100,-0.00700,0.01100,97.02700,40.46400,-121.43700
1537024574.05600,-0.03400,0.00500,-0.00700,96.85300,41.22700,-120.64600
1537024574.05600,-0.03500,0.02300,0.00900,96.71800,41.59200,-120.19000
1537024574.07800,-0.03800,0.03100,0.00900,96.58300,41.74700,-120.01700
1537024574.15800,-0.02500,0.03700,0.01800,96.54400,41.56700,-120.19300
1537024574.21800,-0.04200,0.03100,0.01600,96.54700,41.27600,-120.50800
1537024574.21900,-0.03200,0.01400,0.02800,96.67500,40.49700,-121.31600
1537024574.22000,-0.02200,0.00600,0.02600,96.84200,39.50300,-122.32600
1537024574.22000,-0.01900,0.01900,0.04000,97.14800,37.64500,-124.10600
1537024574.23700,-0.01800,0.04700,0.06400,97.38900,36.50200,-125.24800
1537024574.28900,0.01000,0.04600,0.07900,98.00400,33.76600,-127.83500
1537024574.37600,0.01400,0.06800,0.07000,98.84200,30.77800,-130.77600
1537024574.37700,0.00600,0.09000,0.07700,99.40600,28.56700,-132.82900
1537024574.37700,-0.02400,0.11900,0.06200,100.25400,24.91300,-136.21600
1537024574.37800,-0.05400,0.09400,0.04900,100.80200,22.12700,-138.75900
1537024574.39300,-0.03200,0.05900,0.04400,101.56500,17.07400,-143.25600
1537024574.42000,-0.02100,-0.00700,0.05300,102.00800,13.30000,-146.59100
1537024574.50400,0.01100,-0.06100,0.02200,102.53700,8.32700,-150.96000
1537024574.50400,-0.00100,-0.08600,-0.08100,102.92200,4.81700,-153.92000
1537024574.50500,-0.01900,-0.07900,-0.11500,103.10300,2.67300,-155.68100
1537024574.52400,-0.02800,-0.08700,-0.13300,103.25100,-1.01200,-158.82000
1537024574.63800,-0.03400,-0.05900,-0.13100,103.31200,-3.57700,-161.06300
1537024574.63900,-0.05200,-0.05200,-0.10200,103.45000,-7.02200,-164.18500
1537024574.63900,-0.05200,-0.03100,-0.05900,103.68200,-10.06900,-167.06300
1537024574.64000,-0.04700,-0.01700,-0.02400,103.86800,-11.83800,-168.81500
1537024574.68400,-0.03900,0.00600,-0.00400,104.10800,-14.21200,-171.36500
1537024574.71000,-0.02300,0.02600,0.02400,104.15600,-15.78400,-173.14100
1537024574.76700,-0.03800,0.03900,0.02300,104.05800,-18.32300,-176.04700
1537024574.76700,-0.02800,0.03100,0.03600,103.89800,-20.03900,-178.03600
1537024574.76800,-0.04600,0.02200,0.05200,103.48000,-23.13000,178.43700
1537024574.92800,-0.02800,-0.04000,0.02500,103.06900,-27.07800,174.14600
1537024574.92900,-0.02400,-0.06300,0.01600,102.80400,-29.67500,171.30700
1537024574.92900,-0.05500,-0.06600,0.03300,102.34600,-33.58600,167.25200
1537024574.93100,-0.10300,-0.04900,0.03800,102.06700,-36.17800,164.62000
1537024574.98000,-0.07000,-0.07700,0.02600,101.81500,-39.82300,160.96700
1537024574.98100,-0.03000,-0.08500,0.03700,101.74600,-42.40800,158.48500
1537024574.98200,-0.02900,-0.08700,0.02700,101.73900,-43.43800,157.56600
1537024574.98300,-0.06600,-0.05300,-0.00600,101.77200,-44.18800,157.00500
1537024575.08000,-0.05500,-0.02600,-0.00500,101.84200,-44.74100,156.63600
1537024575.08100,-0.04700,-0.02400,-0.00600,101.95100,-45.73200,155.91600
1537024575.19300,-0.05100,-0.02200,0.00400,101.97600,-46.55000,155.31600
1537024575.19300,-0.04700,-0.00800,0.00700,101.95100,-46.98400,155.00500
1537024575.19300,-0.05500,-0.00200,0.01500,101.88100,-47.12700,155.01200
1537024575.19400,-0.04800,-0.00400,0.01700,101.79200,-47.59300,154.61600
1537024575.26100,-0.03400,0.00200,0.01500,101.66800,-48.83800,153.45900
1537024575.39600,0.02100,-0.02200,0.01300,101.64800,-49.83400,152.46400
1537024575.39700,-0.01700,-0.00300,-0.00100,101.60800,-50.49200,151.93800
1537024575.47900,-0.05900,0.00800,0.00600,101.41600,-50.81900,151.71400
1537024575.47900,-0.02900,0.02300,0.01800,101.26000,-51.19900,151.36700
1537024575.48000,-0.00700,-0.03000,0.01400,101.10200,-51.90700,150.64100
1537024575.57500,-0.01500,-0.03200,0.00700,100.97900,-52.50100,150.13900
1537024575.61000,-0.02100,0.00800,-0.01100,100.96600,-52.33200,150.34300
1537024575.61100,-0.02100,-0.01600,-0.02100,101.00400,-52.50100,150.17600
1537024575.61200,0.00700,-0.01200,-0.01200,101.11300,-52.79500,149.93700
1537024575.61300,-0.02600,-0.00300,-0.01100,101.17100,-52.67200,150.11200
1537024575.74000,-0.06000,0.00800,0.00000,101.18400,-52.17900,150.51800
1537024575.74100,-0.02500,-0.00400,-0.02700,101.19900,-52.49200,150.19100
1537024575.74200,-0.00500,0.00200,-0.02100,101.21200,-53.14200,149.40600
1537024575.89300,-0.01200,-0.00500,-0.01800,101.16800,-53.59000,148.84400
1537024575.89300,-0.04200,-0.00100,-0.01800,101.13600,-53.53800,148.75100
1537024575.95100,-0.03600,-0.01500,-0.01700,101.08900,-53.64400,148.46400
1537024575.95200,-0.02900,-0.01100,0.00700,101.03300,-53.84900,148.05500
1537024576.03000,-0.01400,-0.02600,0.02200,101.03800,-54.35500,146.78300
1537024576.03100,-0.05700,-0.02200,0.02500,101.04000,-53.54300,147.35500
1537024576.03100,-0.01000,-0.03000,0.03700,101.13900,-53.31300,147.47200
1537024576.03300,0.01300,-0.05400,0.03500,101.34200,-52.58600,147.97900
1537024576.10700,-0.03300,-0.05300,0.04100,101.56300,-50.93200,149.55500
1537024576.10700,-0.04500,-0.05800,0.04500,101.73100,-49.70800,150.69400
1537024576.10800,-0.02100,-0.08700,0.03100,102.09400,-47.96200,152.40900
1537024576.15700,-0.01000,-0.06700,0.01400,102.36700,-46.50700,153.84500
1537024576.15700,-0.02000,-0.03700,0.01900,102.77600,-43.84400,156.62100
1537024576.24000,-0.02200,-0.02000,-0.00100,103.06900,-42.01500,158.58200
1537024576.24100,-0.02400,-0.02900,0.00300,103.52800,-39.40000,161.47800
1537024576.24100,-0.03400,-0.07000,0.02800,104.04100,-36.34600,164.93700
1537024576.26100,-0.05800,-0.25000,0.07800,105.16900,-28.70900,173.40700
1537024576.26100,-0.03100,-0.29600,0.09000,105.75200,-24.49400,178.04400
1537024576.34100,0.00300,-0.33200,-0.04100,106.71200,-16.69300,-173.40800
1537024576.34100,-0.03500,-0.31300,-0.07100,107.26000,-10.93300,-167.03300
1537024576.39100,-0.09800,-0.24000,-0.09000,107.94500,-2.36800,-157.39100
1537024576.52400,-0.23800,-0.09900,-0.17000,108.41400,3.63900,-150.13100
1537024576.52500,-0.25300,-0.20600,-0.10900,108.64700,6.16100,-146.70200
1537024576.54700,-0.27400,-0.20300,-0.00300,109.19100,10.40400,-141.16500
1537024576.68600,-0.19200,-0.01700,-0.07600,109.75600,13.75800,-137.01900
1537024576.68700,-0.13400,0.17800,-0.10400,110.51200,18.25700,-131.53800
1537024576.68800,0.04400,0.45100,-0.03200,110.96900,21.43600,-127.82700
1537024576.68800,0.17600,0.51100,0.00400,111.01600,22.69800,-126.18000
1537024576.71300,0.25600,0.54300,0.12400,110.74500,24.16500,-124.26800
1537024576.71400,0.27000,0.56100,0.18500,110.49800,24.82800,-123.43000
1537024576.71500,0.25200,0.46900,0.20500,110.12900,25.63500,-123.16200
1537024576.71600,0.20200,0.27800,0.18300,109.84400,25.60600,-123.94700
1537024576.76000,0.14000,0.13700,0.13100,109.72600,25.32200,-124.75000
1537024576.76100,0.05400,0.07300,0.09400,109.50800,24.76200,-126.01000
1537024576.86400,-0.01900,-0.00600,0.03400,109.36000,24.13900,-127.03100
1537024576.86500,-0.02700,-0.11900,0.00400,109.20200,22.76600,-128.75900
1537024576.89400,-0.01800,-0.13000,-0.03600,109.21900,21.50200,-129.97800
1537024576.89500,-0.01700,-0.13200,-0.05200,109.23200,20.77800,-130.53300
1537024576.89600,-0.00700,-0.12200,-0.08500,109.26600,19.60300,-131.42800
1537024577.00100,0.03300,-0.06800,-0.10400,109.28600,18.71700,-132.15000
1537024577.00100,0.04300,0.00100,-0.10900,109.28000,17.24700,-133.34200
1537024577.00100,0.04000,0.07300,-0.10700,109.23800,16.08800,-134.27800
1537024577.02700,0.05100,0.12900,-0.11500,109.16400,14.20600,-136.02700
1537024577.02900,0.00300,0.15900,-0.07000,108.96800,12.08200,-138.19000
1537024577.02900,0.00200,0.15500,-0.05100,108.76100,10.62600,-140.00100
1537024577.03000,-0.02700,0.11700,-0.01400,108.27500,8.25900,-143.23100
1537024577.13300,-0.04300,0.08100,0.02400,107.81500,6.50800,-145.71500
1537024577.13300,0.01000,0.03100,0.04600,106.88600,3.34500,-150.08800
1537024577.18500,-0.02900,0.00500,0.08000,103.59200,-7.13400,-162.96200
1537024577.18600,-0.05700,-0.05500,0.01500,103.02200,-10.27000,-166.31100
1537024577.18700,-0.00300,-0.10000,0.01600,102.51300,-16.84000,-172.92600
1537024577.18700,0.03900,-0.16900,0.01100,102.35400,-21.36400,-177.21600
1537024577.28600,-0.05500,-0.18400,-0.00900,102.24600,-25.19800,179.32300
1537024577.28700,-0.13600,-0.19900,-0.01900,102.27400,-26.35000,178.71800
1537024577.42100,-0.09900,-0.21900,-0.02900,102.40700,-26.24400,179.08800
1537024577.42200,-0.12500,-0.13600,0.01400,102.62300,-25.53400,-179.76600
1537024577.42300,-0.08700,-0.08800,0.04500,102.79300,-25.26400,-179.38200
1537024577.42400,-0.00600,-0.03700,-0.00400,103.37000,-24.00300,-177.76800
1537024577.47400,-0.03000,-0.00800,0.00200,104.10800,-21.61800,-175.02200
1537024577.47500,-0.01100,-0.00500,-0.00700,104.57300,-20.93200,-174.13000
1537024577.47500,-0.02600,0.00900,-0.03900,105.22700,-20.33500,-173.35400
1537024577.47600,-0.03700,-0.03200,-0.02600,105.53100,-20.30300,-173.19300
1537024577.55200,-0.04500,-0.01600,-0.04300,105.63100,-20.44900,-173.29900
1537024577.68400,-0.01400,-0.02300,0.00200,104.23300,-21.01900,-174.92200
1537024577.68500,-0.01300,-0.03200,0.01600,103.77600,-20.91200,-175.28900
1537024577.68500,-0.01100,-0.01900,0.02000,103.50400,-20.78800,-175.52500
1537024577.68600,-0.02100,-0.00900,0.01300,103.18300,-20.42100,-175.52400
1537024577.71100,-0.02500,-0.00900,0.02500,102.94600,-19.82300,-175.22300
1537024577.71200,-0.01200,-0.00500,0.02800,102.85400,-19.34000,-174.88700
1537024577.71300,-0.03200,0.00100,0.01400,102.71600,-18.35200,-174.14300
1537024577.71400,-0.02400,0.01400,0.02500,102.59900,-18.03600,-173.96700
1537024577.76300,-0.00900,-0.00100,0.01000,102.40100,-17.70400,-173.90100
1537024577.76400,-0.01500,0.01900,0.02300,102.14300,-17.28000,-173.78900
1537024577.84100,0.02000,-0.02300,0.01200,101.51100,-16.78000,-173.85500
1537024577.84200,0.00000,-0.02900,0.01100,101.33300,-16.27500,-173.36900
1537024577.84300,-0.02200,-0.00700,0.01300,101.22400,-15.87100,-172.96600
1537024577.89100,-0.00200,-0.01100,0.00700,101.07300,-14.85500,-171.96000
1537024577.89100,0.00900,-0.00100,-0.00300,101.04200,-14.81400,-171.88500
1537024577.97300,-0.01900,0.00900,-0.00400,100.96000,-14.29200,-171.30600
1537024577.97300,-0.01600,0.00800,-0.00200,100.90400,-13.89200,-171.16800
1537024577.97400,0.00500,-0.01000,0.00900,100.81700,-14.31100,-171.56700
1537024577.97500,-0.00300,-0.02500,-0.01600,100.72900,-14.25500,-171.47700
1537024578.10300,0.00200,-0.01200,-0.00700,100.61700,-14.24500,-171.43900
1537024578.10400,-0.02800,0.01500,-0.00500,100.40000,-14.07800,-171.26500
1537024578.10500,-0.00100,0.00800,-0.00200,100.30500,-13.95300,-171.16300
1537024578.10600,0.02100,0.00600,0.00500,100.21800,-14.52600,-171.77300
1537024578.12500,-0.01400,0.01200,-0.00600,100.14400,-14.23700,-171.50100
1537024578.12600,-0.01600,0.01400,-0.00500,100.10400,-14.08600,-171.37200
1537024578.20900,-0.01100,0.00200,-0.00500,100.09600,-14.03600,-171.35100
1537024578.21000,-0.00500,-0.01100,-0.00300,100.08800,-13.96000,-171.35500
1537024578.22600,-0.01700,-0.00100,-0.00200,99.82900,-13.61200,-171.38000
1537024578.25300,-0.00800,-0.01600,-0.00300,99.71400,-13.20500,-171.14800
1537024578.31300,-0.00900,-0.02300,-0.01000,99.65800,-13.25300,-171.31800
1537024578.31300,0.00200,-0.03300,0.00900,99.52800,-13.72400,-171.98000
1537024578.31300,-0.01900,-0.00900,0.00500,99.45500,-13.59000,-171.93400
1537024578.38900,-0.01400,-0.00300,0.01000,99.36200,-13.37100,-171.90500
1537024578.39000,-0.02200,0.01400,0.00300,99.33000,-13.57200,-172.17000
1537024578.39000,-0.02300,0.01000,-0.00100,99.34100,-13.56300,-172.34100
1537024578.43900,0.00200,-0.01600,0.00500,99.40500,-13.69500,-172.57200
1537024578.43900,-0.00400,-0.02600,0.00800,99.44900,-13.72800,-172.66300
1537024578.52000,-0.01200,-0.00700,0.01400,99.47300,-13.54800,-172.56200
1537024578.52100,-0.02800,-0.01800,0.01000,99.45400,-13.36600,-172.42300
1537024578.52200,-0.02000,-0.00900,0.01500,99.41300,-12.92000,-172.05600
1537024578.62400,-0.00700,-0.02500,0.01600,99.33100,-12.70400,-171.92000
1537024578.62400,-0.00400,-0.03000,0.01300,99.27600,-12.71100,-171.96400
1537024578.64900,-0.00900,-0.02300,0.00300,99.19000,-12.21100,-171.49500
1537024578.65000,-0.02500,0.00200,0.00800,99.10100,-11.63100,-170.91600
1537024578.67200,-0.00800,-0.00800,0.01700,98.98000,-11.54000,-170.82700
1537024578.81300,-0.00300,-0.00600,0.00700,98.86300,-11.57700,-170.87400
1537024578.81300,-0.00600,-0.01100,0.00400,98.79600,-11.42000,-170.71600
1537024578.81400,-0.01800,0.00300,0.01200,98.67500,-10.91200,-170.20300
1537024578.81500,0.00200,-0.00500,0.00300,98.59900,-10.88800,-170.18000
1537024578.86300,0.00100,-0.00600,0.00200,98.51000,-11.15100,-170.43800
1537024578.86400,-0.00300,-0.01100,-0.00300,98.45800,-10.85900,-170.10400
1537024578.86500,-0.02000,-0.00600,-0.00400,98.42700,-10.36600,-169.57500
1537024578.91400,-0.01800,-0.00600,-0.00200,98.39500,-9.82800,-168.99400
1537024578.91500,-0.00900,-0.02400,-0.00700,98.40600,-9.30900,-168.47500
1537024578.91600,-0.00600,-0.02000,-0.00400,98.45800,-8.55700,-167.73000
1537024578.93400,-0.00600,-0.01900,-0.00200,98.49300,-8.13800,-167.31700
1537024579.04500,0.00400,-0.01600,-0.00100,98.54500,-7.63500,-166.82000
1537024579.04500,0.00000,-0.02700,-0.00200,98.62000,-6.96700,-166.15000
1537024579.07100,0.00200,-0.01300,-0.00100,98.65100,-6.25100,-165.44800
1537024579.07200,-0.01500,-0.01400,-0.00100,98.66200,-5.54200,-164.74500
1537024579.07300,-0.00800,-0.00400,0.01000,98.64200,-5.35900,-164.56200
1537024579.17900,-0.01500,-0.01000,0.00400,98.62100,-4.90500,-164.11500
1537024579.18000,-0.01500,0.00000,-0.00800,98.64000,-4.47800,-163.68100
1537024579.18100,-0.01700,-0.01000,-0.00300,98.64400,-3.79600,-162.96900
1537024579.18200,-0.01500,-0.00300,-0.00200,98.63900,-3.45000,-162.61600
1537024579.22600,-0.01800,-0.01500,0.00400,98.63800,-3.01000,-162.18900
1537024579.22700,-0.01300,-0.00100,0.00400,98.65900,-2.41100,-161.61200
1537024579.27900,-0.00600,-0.00900,-0.00400,98.68200,-2.07200,-161.30100
1537024579.28000,-0.00300,-0.01200,-0.00500,98.68400,-1.67300,-160.93700
1537024579.33000,-0.00700,-0.01600,0.00900,98.64600,-1.28900,-160.58300
1537024579.36000,-0.01100,-0.00600,0.00700,98.59900,-0.85500,-160.17800
1537024579.36100,-0.00900,-0.01800,-0.00100,98.55800,0.27600,-159.12500
1537024579.36200,0.00400,-0.01800,0.00400,98.53300,0.85700,-158.56600
1537024579.41000,0.00600,-0.02200,0.00900,98.46200,1.60000,-157.82300
1537024579.41000,-0.01300,-0.01900,0.00800,98.37000,2.58600,-156.84600
1537024579.49200,-0.00600,-0.03900,0.00900,98.30000,3.29600,-156.13500
1537024579.49300,0.00100,-0.08500,0.01300,98.24000,4.62800,-154.75300
1537024579.53900,0.03300,-0.34200,0.02900,98.16100,11.73600,-147.26800
1537024579.73300,0.07600,-0.61000,0.08000,98.08100,22.98000,-135.37200
1537024579.73400,0.05000,-0.69800,0.07900,98.04000,32.35700,-125.28300
1537024579.73400,-0.08600,-0.78700,0.05300,97.85400,43.54500,-112.42100
1537024579.73500,-0.19500,-0.79900,0.04700,97.57600,48.07700,-106.34700
1537024579.75700,-0.31400,-0.76600,0.04700,96.76200,51.42200,-99.90500
1537024579.75700,-0.30200,-0.72500,0.09900,95.68000,52.13200,-96.51900
1537024579.75800,-0.38800,-0.70200,0.14100,91.81600,52.02900,-91.42600
1537024580.19900,-0.61500,-0.51000,0.22600,81.35700,50.32000,-85.80900
1537024580.20000,-0.67800,-0.27000,0.24700,63.96200,47.66700,-81.71600
1537024580.46800,-0.76200,-0.11600,0.30900,10.14900,40.69400,-74.06500
1537024580.46800,-0.79800,0.26000,0.29700,-12.59800,34.09700,-67.26900
1537024580.46900,-0.67700,0.87600,0.19400,-19.65000,22.41000,-54.67100
1537024580.47000,-0.53400,1.45700,0.19100,-17.28700,15.21200,-45.71100
1537024580.48600,-0.02100,1.53700,0.03100,-9.74300,9.01500,-33.65500
1537024580.48700,0.32200,1.27800,-0.32900,-1.13200,11.29800,-23.27100
1537024580.74700,0.18600,0.66200,-0.30600,2.65000,16.19700,-16.72100
1537024580.77300,0.19000,0.38900,-0.10100,4.73200,24.15600,-8.86500
1537024580.91100,0.12600,0.37200,0.02100,4.45200,27.29800,-5.54500
1537024580.91200,0.22600,0.26500,-0.06700,3.30000,27.54100,-2.97000
1537024580.91300,0.53100,0.12800,-0.26800,2.45100,23.24300,-1.77500
1537024581.14100,0.57400,0.05300,-0.33500,2.30700,19.29400,-1.29600
1537024581.43800,0.59700,-0.09500,-0.43900,2.72600,12.79600,-0.91400
1537024581.43900,0.65500,-0.27900,-0.42200,3.25000,8.63300,-0.77200
1537024581.56200,0.67100,-0.30400,-0.23800,5.29900,-1.88000,-0.83800
1537024581.72600,0.61400,-0.16200,-0.15400,5.65500,-3.58800,-1.19900
1537024581.72700,0.59200,-0.07900,-0.11000,5.76100,-4.60400,-1.62500
1537024581.72800,0.58800,-0.01700,-0.08100,5.70800,-6.28400,-2.82000
1537024581.85700,0.46800,0.11400,-0.06600,4.53800,-8.04800,-6.41200
1537024581.85800,-0.22400,0.15500,0.06700,0.28600,9.10600,-29.78100
1537024581.85900,-0.26400,0.08600,0.08600,0.75500,11.62200,-33.15400
1537024581.86000,-0.28600,-0.01600,0.08500,1.46000,14.31100,-37.84200
1537024582.25300,-0.29800,-0.05800,0.09200,1.74000,15.42600,-40.65000
1537024582.25400,-0.28400,-0.13700,0.07100,1.80400,16.41700,-44.34000
1537024582.25500,-0.28500,-0.21900,0.07700,1.70000,16.84300,-46.42900
1537024582.25500,-0.28400,-0.12400,0.04800,7.64000,22.87900,-47.09500
1537024582.38000,-0.33500,-0.12400,0.02800,9.42900,23.88500,-45.47200
1537024582.38100,-0.30500,0.07300,-0.18400,6.56700,13.81000,-34.35700
1537024582.38200,-0.14900,0.13600,-0.18300,4.09000,8.63300,-32.30400
1537024582.41100,0.00500,0.28200,-0.02300,-2.19200,-9.37100,-25.71600
1537024582.41100,0.21000,0.04200,-0.09800,1.51400,-6.93600,-14.45900
1537024582.41200,0.14700,0.03900,-0.07000,0.48100,-5.99300,-18.21400
1537024582.41300,0.08500,0.07200,-0.07800,0.16200,-5.29100,-19.25900
1537024582.69800,0.06300,0.09400,-0.06300,-0.35600,-4.64200,-20.83500
1537024582.69800,0.06100,0.09400,-0.02900,-0.90100,-3.71600,-22.33200
1537024582.69900,-0.14300,-0.05800,0.00000,-0.71300,6.07400,-30.24700
1537024582.82900,-0.16400,-0.03600,-0.01500,-0.73800,6.96800,-32.67500
1537024582.83000,-0.14600,-0.03700,-0.00500,-0.97500,6.33700,-33.27600
1537024582.83000,-0.09400,-0.04800,0.00700,-1.33000,5.21200,-33.81300
1537024583.34600,-0.11400,-0.04500,-0.01300,-1.13100,3.74300,-33.34100
1537024583.37500,-0.10100,-0.02600,-0.02300,-0.89400,3.64600,-32.91200
1537024583.37600,-0.08700,-0.02700,-0.01600,-0.50800,3.52900,-32.02700
1537024583.51200,0.11800,0.00100,-0.03200,0.52900,1.82700,-20.84000
1537024583.51300,0.12200,0.00800,-0.03500,0.34200,1.59200,-20.84200
1537024583.51400,0.13500,0.02700,-0.03000,0.15900,1.22100,-20.97100
1537024583.51500,0.15500,0.03800,-0.02900,-0.02200,0.92500,-20.89300
1537024583.63500,0.12600,0.02000,-0.00600,-0.28300,0.67700,-21.30100
1537024583.85400,0.11200,0.02400,-0.01000,-0.39200,0.57900,-21.84700
1537024583.85400,0.09700,0.02900,-0.01300,-0.51800,1.06900,-22.70500
1537024583.85500,0.06800,0.02900,-0.00800,-0.64900,1.38600,-23.55200
1537024583.85500,0.03600,0.02700,-0.00200,-0.73900,1.75700,-24.10600
1537024584.06000,0.02500,0.02600,-0.00300,-0.81700,2.21900,-24.91700
1537024584.06100,0.00900,0.02800,0.00100,-0.85800,2.62400,-25.47500
1537024584.06200,-0.08400,-0.01100,0.00700,-0.91800,4.92400,-29.69300
1537024584.18900,-0.09500,-0.01500,-0.00300,-0.91600,5.14200,-30.10400
1537024584.18900,-0.09200,-0.01300,0.00300,-0.95000,5.25900,-30.29400
1537024584.34600,-0.08900,-0.01900,0.00000,-0.98100,5.38600,-30.51600
1537024584.34700,-0.08900,-0.02800,-0.00100,-0.95200,5.59000,-30.60600
1537024584.47800,-0.07900,-0.02600,0.00500,-0.93100,5.73200,-30.46800
1537024584.47900,-0.07400,-0.02500,-0.00500,-0.91800,5.83600,-30.32100
1537024584.60500,-0.06700,-0.03800,0.00700,-0.84000,5.96300,-29.96700
1537024584.68400,0.03400,-0.01000,-0.01700,-0.17900,3.39300,-24.93800
1537024584.74600,0.02800,-0.01100,-0.01800,-0.25100,3.26600,-25.08100
1537024584.74700,0.03000,0.00300,-0.02600,-0.36000,3.14600,-25.26200
1537024584.74700,0.00600,-0.00200,-0.01700,-0.45400,3.16000,-25.40900
1537024584.76300,0.01000,0.00500,-0.01100,-0.51600,3.13800,-25.47300
1537024584.82400,0.00500,0.00400,-0.01300,-0.60500,3.10500,-25.60500
1537024584.82500,0.00000,0.00200,-0.00100,-0.70100,3.13500,-25.76700
1537024584.82600,-0.00800,-0.00600,0.00600,-1.14700,3.68400,-26.52600
1537024584.82600,-0.00600,-0.00200,0.01200,-1.22800,3.88000,-26.65600
1537024584.89500,-0.01300,0.00000,0.00400,-1.19700,3.92900,-26.60900
1537024585.02500,-0.00400,-0.00900,0.00800,-1.17700,3.95900,-26.53300
1537024585.10500,-0.00300,-0.01200,0.00100,-1.15900,3.98100,-26.46800
1537024585.24400,0.00500,0.00400,-0.00500,-0.94800,4.08100,-26.04700
1537024585.24500,0.00400,0.00800,-0.00600,-0.90600,4.10700,-25.96000
1537024585.24600,0.01000,-0.00100,-0.00500,-0.79800,4.22100,-25.85500
1537024585.24600,0.01100,0.00000,-0.00500,-0.78500,4.24900,-25.85400
1537024585.29700,0.00300,0.00200,-0.01300,-0.76500,4.30600,-25.86500
1537024585.29800,0.00400,-0.00100,-0.00400,-0.69300,4.45400,-25.91600
1537024585.57700,-0.00200,0.00400,0.01000,-0.65700,4.72600,-26.00400
1537024585.78600,0.00700,-0.00300,0.00200,-0.54400,4.81500,-26.12600
1537024585.95400,0.00200,-0.00300,0.00500,-0.50800,4.88800,-26.10500
1537024585.95500,0.00800,-0.00100,-0.00100,-0.47600,4.94700,-26.08000
1537024585.95600,0.00900,-0.00400,0.00300,-0.44600,4.99700,-26.04500
1537024585.95600,0.00300,0.00800,0.00300,-0.39400,5.06700,-26.01400
1537024586.05800,0.00600,0.02100,0.00200,-0.34300,5.11200,-25.99800
1537024586.05900,0.00300,0.00700,0.00300,-0.23700,5.19700,-25.96200
1537024586.11100,0.01500,0.00100,-0.00100,-0.05300,5.29600,-26.04700
1537024586.11200,0.01000,-0.01200,0.00100,0.16600,5.53000,-26.07100
1537024586.11300,0.00900,0.00100,-0.00800,0.46300,5.70700,-26.18400
1537024586.11400,-0.00300,-0.00100,-0.01400,0.49500,5.78100,-26.23300
1537024586.19200,0.00500,-0.00500,-0.00200,0.55300,6.14000,-26.42200
1537024586.19500,-0.00700,-0.01100,-0.00500,0.57500,6.24200,-26.43600
1537024586.19500,-0.01100,-0.01000,-0.01300,0.59400,6.37600,-26.46000
1537024586.19500,-0.00300,-0.00200,-0.00500,0.57700,6.44000,-26.47200
1537024586.26900,0.00000,-0.00200,-0.00700,0.54100,6.51400,-26.50900
1537024586.27000,0.00000,-0.00300,-0.00100,0.51900,6.60000,-26.55000
1537024586.27100,-0.01000,-0.01200,0.01000,0.51900,6.68100,-26.56900
1537024586.29600,0.00700,-0.00200,0.00000,0.81100,7.21000,-26.68600
1537024586.29600,0.38600,0.28400,0.04200,7.67700,16.45200,-28.52500
1537024586.29700,0.25200,0.39300,-0.02600,18.49100,25.19500,-35.11700
1537024586.29700,0.18300,0.44400,-0.11100,23.28900,26.32100,-39.18200
1537024586.31600,0.09900,0.49100,-0.16400,27.32200,27.20400,-42.22000
1537024586.31700,-0.05300,0.51600,-0.23800,35.05000,29.02900,-47.08400
1537024586.34700,-0.23300,0.52700,-0.30100,44.78100,31.33300,-52.22500
1537024586.34700,-0.37000,0.45200,-0.32200,52.09900,32.88400,-55.93400
1537024586.34800,-0.53000,0.34400,-0.38300,63.38900,34.84200,-62.06600
1537024586.34900,-0.60500,0.16000,-0.30800,70.58100,35.67300,-66.68500
1537024586.39900,-0.49500,-0.14400,-0.14200,80.05300,35.26200,-75.06700
1537024586.39900,-0.40200,-0.28400,-0.08100,85.24500,33.85100,-81.67400
1537024586.40000,-0.35000,-0.36200,0.02200,91.18100,30.35700,-92.68000
1537024586.40100,-0.12400,-0.44900,0.10800,95.12800,23.87700,-106.10400
1537024586.42500,-0.05400,-0.45500,0.12500,96.90900,16.64200,-117.44300
1537024586.42600,0.00500,-0.46800,0.07700,98.71400,0.44800,-138.97100
1537024586.42700,-0.00600,-0.46500,0.05200,99.44500,-13.54400,-156.02000
1537024586.42800,-0.01300,-0.45700,0.07500,100.08500,-35.04100,178.57300
1537024586.50500,0.05600,-0.45500,0.12400,100.42700,-50.70100,159.67400
1537024586.50600,0.05000,-0.40700,0.11500,100.51500,-56.56100,152.03900
1537024586.50600,-0.06700,-0.35900,0.06300,100.53400,-60.01200,146.37300
1537024586.50700,-0.02000,-0.28800,0.09700,100.47300,-61.66600,143.48500
1537024586.57400,-0.00500,-0.26200,0.11100,100.33800,-64.47200,139.17100
1537024586.60600,0.02600,-0.20000,0.13900,100.18800,-65.45600,137.36800
1537024586.60600,0.04000,-0.13400,0.11100,99.92100,-66.02700,135.89100
1537024586.60700,-0.02000,-0.05800,0.10200,99.65300,-63.96200,137.27500
1537024586.62900,-0.08800,-0.02800,0.11200,99.48700,-61.61500,139.25400
1537024586.63000,-0.08000,-0.03800,0.10600,99.45400,-59.54000,141.01800
1537024586.65200,-0.05300,-0.01700,0.06500,99.46200,-58.88700,141.52500
1537024586.70700,-0.05900,0.02000,0.06300,99.44900,-57.90400,142.41100
1537024586.70800,-0.06900,0.04000,0.06300,99.43900,-56.45100,143.76600
1537024586.76000,-0.06700,0.03800,0.03700,99.42200,-55.07000,145.05000
1537024586.76100,-0.03300,-0.00100,0.04600,99.40700,-53.66700,146.35500
1537024586.78300,-0.03600,0.00500,0.04500,99.40700,-53.40100,146.59200
1537024586.92500,-0.01100,-0.00700,0.04500,99.30000,-53.85300,146.17400
1537024586.92500,-0.03400,-0.01400,0.04900,99.23700,-53.64900,146.41800
1537024586.92600,-0.05300,-0.00900,0.02800,99.28300,-51.84300,148.30000
1537024586.92600,-0.05000,-0.00600,0.01200,99.55300,-50.43900,149.80000
1537024587.05600,-0.02200,-0.00500,0.02500,99.73800,-50.74400,149.58700
1537024587.05600,-0.01300,0.01500,0.00100,99.98100,-51.11900,149.39100
1537024587.05700,-0.02500,0.03600,0.00100,100.10000,-51.00300,149.57300
1537024587.05700,-0.04100,0.03100,0.00800,100.12200,-51.44100,149.26000
1537024587.12900,-0.04600,0.00800,-0.00600,99.97300,-52.77500,147.93300
1537024587.13000,-0.03500,0.00900,0.00700,99.74400,-54.95200,145.75500
1537024587.18100,-0.04700,0.01100,0.01700,99.08600,-61.00100,139.58700
1537024587.18200,-0.03000,-0.01700,-0.00700,98.57100,-65.66000,134.74600
1537024587.20400,0.01200,-0.05200,0.00600,97.73200,-72.26900,127.85900
1537024587.31700,-0.06200,-0.03000,0.03400,96.79900,-77.79300,122.18600
1537024587.31800,-0.08700,-0.02200,0.02600,96.18900,-81.11600,118.76500
1537024587.31900,-0.08800,-0.03200,0.02700,95.47000,-85.25100,114.41500
1537024587.32000,-0.07100,-0.03400,0.03300,95.19000,-87.22200,112.34600
1537024587.34300,-0.00100,-0.05400,0.01900,95.16500,-88.11600,111.35700
1537024587.34400,-0.02100,-0.03600,0.01800,95.33600,-87.60400,111.89300
1537024587.34500,-0.05900,-0.05100,0.00100,95.74400,-85.94000,113.55200
1537024587.34600,-0.03700,-0.04600,-0.00800,96.26600,-84.26600,115.30500
1537024587.47600,-0.02500,-0.04400,0.00800,96.57200,-83.36300,116.25600
1537024587.47700,-0.05100,-0.01100,0.02300,96.84500,-82.62200,117.10300
1537024587.47700,-0.04700,-0.00600,0.03900,97.00800,-82.21100,117.49000
1537024587.47800,-0.03000,0.00300,0.03600,97.22200,-81.69200,117.94200
1537024587.55400,-0.03300,0.00500,0.03700,97.36500,-81.32000,118.27400
1537024587.55500,-0.03900,-0.01200,0.04000,97.30300,-81.43800,118.06900
1537024587.55600,-0.02400,-0.00600,0.03300,97.24300,-81.68200,117.75400
1537024587.55600,-0.01900,-0.00700,0.02900,97.24300,-81.73700,117.70000
1537024587.60100,-0.03900,-0.01500,0.02900,97.21800,-81.62200,117.79000
1537024587.60100,-0.03200,0.00000,0.02400,97.22900,-81.44600,117.95000
1537024587.68300,-0.01100,-0.01700,0.00600,97.36600,-80.92100,118.51900
1537024587.68400,-0.03400,-0.01500,0.01200,97.46300,-80.27000,119.13200
1537024587.68400,-0.04900,-0.01300,0.02400,97.49800,-80.07800,119.35800
1537024587.76000,-0.02600,-0.01500,0.02000,97.58600,-79.79500,119.68600
1537024587.76000,-0.00800,-0.01000,0.01400,97.63400,-79.54600,119.97700
1537024587.87100,-0.02800,-0.01800,0.01000,97.74900,-78.78000,120.76100
1537024587.87100,-0.05800,-0.01000,0.00700,97.79700,-78.39200,121.24000
1537024587.87200,-0.06700,0.00100,0.01800,97.80200,-78.47500,121.23600
1537024587.87300,-0.01800,-0.01100,0.02200,97.83300,-78.58000,121.17700
1537024587.96600,-0.01500,-0.01100,0.01600,97.88100,-78.33500,121.39300
1537024588.10500,-0.05400,-0.00800,0.00500,97.94300,-77.83300,121.97800
1537024588.10600,-0.04800,-0.01200,0.00300,98.04000,-77.40100,122.48200
1537024588.10700,-0.03000,0.00000,0.01900,98.12100,-77.26800,122.67400
1537024588.10800,-0.01700,-0.01200,0.01300,98.19400,-76.90600,123.03600
1537024588.13100,-0.02100,-0.01500,0.02100,98.24900,-76.62600,123.35000
1537024588.13200,-0.03000,-0.01500,0.01500,98.36500,-76.04300,123.97000
1537024588.13300,-0.01600,-0.00400,0.02100,98.45000,-75.73800,124.33300
1537024588.13400,-0.02300,-0.02200,0.02200,98.61900,-75.20600,124.95400
1537024588.15000,-0.01000,-0.01300,0.00800,98.86600,-74.28800,125.88800
1537024588.17600,-0.01300,-0.01700,0.00900,99.04800,-73.64500,126.63200
1537024588.31600,-0.03100,-0.00100,-0.00400,99.33100,-72.48500,127.85900
1537024588.31700,-0.02100,-0.00300,-0.00500,99.53200,-71.84100,128.58400
1537024588.31800,-0.01800,0.01200,0.00300,99.83700,-70.99400,129.50900
1537024588.31900,-0.02100,-0.00700,0.01000,100.13000,-70.16800,130.41800
1537024588.44700,-0.02000,-0.01400,0.00000,100.33500,-69.35800,131.04500
1537024588.44700,-0.02300,-0.02700,0.01600,100.66400,-68.37200,132.12300
1537024588.44800,-0.03200,-0.02200,0.01600,100.85500,-67.65000,132.88900
1537024588.44900,-0.01500,-0.03100,0.00900,101.17500,-66.64100,133.96100
1537024588.59600,0.00800,-0.03200,-0.00400,101.60700,-65.48700,135.16500
1537024588.68700,-0.02000,-0.01400,-0.01300,101.94000,-64.48900,136.20500
1537024588.68700,-0.01800,0.00900,-0.00400,102.41800,-62.88100,137.77100
1537024588.68700,-0.01900,-0.01200,0.01000,102.73100,-62.00400,138.71100
1537024588.68700,-0.01400,-0.01400,-0.00100,103.14300,-60.74800,139.98100
1537024588.80900,-0.02200,0.00300,-0.00300,103.37300,-60.01500,140.66700
1537024588.80900,-0.02500,-0.00600,-0.00800,103.69300,-59.29100,141.26300
1537024588.84000,-0.02200,-0.01800,-0.03600,104.09100,-58.35900,142.00300
1537024588.84100,-0.03000,-0.00400,-0.05800,104.37600,-57.68700,142.57400
1537024588.84200,-0.10400,-0.00700,-0.02100,104.85200,-56.61200,143.55100
1537024588.84200,-0.11900,-0.03700,0.08000,105.21600,-56.09400,144.01600
1537024588.86700,-0.05400,-0.04400,0.06100,105.95100,-55.03500,144.96800
1537024588.86700,0.00800,-0.07000,-0.00200,106.83200,-52.96600,146.92200
1537024588.86800,0.02100,-0.06000,-0.01600,107.42100,-51.20700,148.60600
1537024588.86900,0.05400,-0.10500,0.00100,108.25100,-48.34100,151.29200
1537024589.14600,0.07600,-0.14200,0.01800,108.80300,-46.12600,153.33400
1537024589.20600,0.11200,-0.23200,-0.00200,109.68700,-41.75500,157.41900
1537024589.20700,0.07000,-0.33600,0.02600,110.29700,-38.07100,160.98800
1537024589.20800,0.05900,-0.41000,0.06800,111.30100,-31.14600,167.95600
1537024589.60400,0.03000,-0.50200,0.06500,112.53600,-21.89700,177.50700
1537024589.60400,0.00200,-0.54200,0.02400,113.41200,-14.93200,-175.01500
1537024589.60400,-0.09800,-0.68800,0.02400,114.64000,-3.78600,-162.24500
1537024589.60500,-0.04700,-0.76500,0.06600,115.38800,4.03800,-152.73800
1537024589.75800,-0.14100,-0.76500,0.08100,116.09800,15.58900,-137.89600
1537024589.75900,-0.26900,-0.76500,0.08400,115.91800,24.86000,-124.36600
1537024589.91700,-0.42200,-0.56400,0.07700,111.84900,33.13500,-105.83000
1537024589.91700,-0.45300,-0.48500,0.15200,105.61400,34.27900,-98.55100
1537024589.91800,-0.71200,-0.08800,0.28500,80.82500,34.04600,-86.81100
1537024589.91900,-0.77600,0.48100,0.32000,37.04800,31.21800,-74.52000
1537024589.96200,-0.68400,0.89500,0.16800,18.06600,27.98800,-66.10800
1537024590.05000,-0.75000,0.83400,-0.12200,6.59600,21.94200,-53.63000
1537024590.05000,-1.02700,0.72600,-0.16000,2.68700,17.19800,-45.17300
1537024590.05000,-0.18900,1.70400,-0.10400,-1.72500,7.98900,-32.64400
1537024590.05000,0.60800,1.24500,-0.09200,-1.43600,3.02000,-25.36700
1537024590.06600,0.62200,0.62400,-0.22700,0.68800,-0.77400,-16.85200
1537024590.14500,0.77800,0.37900,-0.26400,1.96900,-4.05200,-12.39900
1537024590.17900,0.62300,0.21000,-0.18200,2.37200,-4.66400,-10.54100
1537024590.18000,0.67400,-0.04200,-0.17800,2.65100,-5.06400,-8.83800
1537024590.18100,0.68900,-0.13100,-0.24400,2.73100,-6.01100,-8.31500
1537024590.18200,0.72000,-0.12200,-0.17600,2.60000,-8.50500,-8.25200
1537024590.64900,0.08900,0.10500,-0.10500,-0.61700,-2.59400,-19.70500
1537024590.65000,-0.01300,0.07200,-0.07900,-1.02300,-0.85600,-22.68200
1537024590.65100,-0.05500,0.06200,-0.06100,-1.34700,-0.02100,-24.71000
1537024590.91400,-0.08600,0.06000,-0.03800,-2.04600,0.82500,-27.67700
1537024590.91500,-0.14400,-0.03800,0.00500,-4.05500,2.69200,-34.68300
1537024590.91600,-0.15200,-0.05100,0.01800,-4.41100,3.37100,-36.13200
1537024591.02000,-0.18900,-0.13000,0.04400,-3.70700,9.45700,-40.59600
1537024591.02100,-0.16300,-0.10900,0.05900,-3.01700,10.37400,-39.02100
1537024591.02100,-0.14400,-0.09200,0.05600,-2.35800,10.95400,-37.20500
1537024591.02100,-0.12200,-0.05400,0.03100,-2.05000,11.12700,-35.91100
1537024591.04600,-0.09400,-0.01800,0.01900,-1.54500,11.01800,-32.96300
1537024591.04700,-0.06100,0.01500,0.02100,-1.28600,10.95200,-31.83800
1537024591.04700,-0.03100,0.03400,-0.01400,-0.88200,10.82700,-30.07800
1537024591.15100,0.02800,0.04800,-0.02800,-0.46000,10.15900,-27.23200
1537024591.15200,0.04600,0.04000,-0.03500,-0.23900,9.66800,-25.72200
1537024591.15200,0.06100,0.03000,-0.05800,-0.17300,9.16200,-24.86600
1537024591.15300,0.10500,0.03300,-0.05000,-0.24900,8.17500,-23.90800
1537024591.16800,0.12100,0.03200,-0.04400,-0.32800,7.39200,-23.43300
1537024591.30800,0.12000,0.02800,-0.05200,-0.46300,6.15100,-22.96000
1537024591.30800,0.14000,0.02800,-0.03700,-0.66100,4.98000,-22.75800
1537024591.30900,-0.02200,0.04400,-0.03100,1.87700,8.96800,-27.59800
1537024591.54300,-0.07100,0.01600,-0.05800,3.23800,12.04700,-29.77900
1537024591.54300,-0.16000,-0.08300,-0.01700,2.96800,14.89200,-36.90400
1537024591.62300,-0.26400,-0.03200,-0.02100,3.15600,14.89700,-37.53200
1537024591.62300,-0.23400,-0.03900,0.01500,2.95700,14.50600,-37.82700
1537024591.62400,-0.21600,-0.03400,0.02500,1.96600,13.11300,-38.02600
1537024591.62500,-0.18400,-0.11000,-0.00700,0.38400,11.06600,-38.02500
1537024591.99000,-0.15600,-0.12700,-0.01600,-0.90600,9.36000,-37.90900
1537024591.99100,-0.12000,-0.09000,-0.01000,-3.08700,6.74800,-37.51000
1537024591.99200,-0.12000,0.04400,0.04700,-4.57000,5.01700,-36.99300
1537024591.99300,-0.03400,0.21300,0.13600,-6.23700,3.07900,-35.69900
1537024592.12300,0.00400,0.12300,0.13300,-6.41000,2.48300,-33.99300
1537024592.12300,-0.00600,0.02700,0.10800,-5.86200,2.77300,-32.87700
1537024592.12300,-0.03200,-0.11100,0.10600,-4.80300,3.43500,-31.48200
1537024592.12400,-0.05600,-0.08000,0.10300,-4.43600,3.52200,-30.77800
1537024592.25100,0.00900,-0.02900,0.09200,-4.57000,2.64600,-30.06400
1537024592.25200,0.00900,-0.02200,0.06900,-4.82700,1.80900,-29.80200
1537024592.25300,0.00000,-0.00300,0.05700,-5.11300,0.49300,-29.61800
1537024592.27700,-0.02100,0.07700,0.03000,-5.26700,-0.72400,-29.51600
1537024592.27700,-0.01800,0.07900,0.01000,-5.28600,-1.79900,-29.35100
1537024592.27800,0.01900,0.05300,0.00500,-5.17500,-3.16800,-28.88400
1537024592.41100,0.02400,0.00900,-0.01600,-5.01900,-4.03200,-28.47700
1537024592.41100,0.04100,0.01800,-0.05500,-4.20600,-7.16000,-27.02000
1537024592.41200,0.01800,-0.00400,-0.04000,-4.07400,-7.41900,-26.86000
1537024592.41300,0.04500,0.01200,0.00200,-4.12200,-8.85600,-26.60400
1537024592.54200,0.05400,0.00900,-0.00200,-4.27800,-9.89500,-26.46500
1537024592.54200,0.05100,0.01900,-0.00700,-4.43900,-10.40000,-26.51300
1537024592.54400,0.04900,0.02900,-0.02300,-4.55300,-10.46400,-26.66100
1537024592.54400,0.03100,0.02500,-0.00200,-4.68300,-10.36000,-26.95100
1537024592.59600,-0.07700,-0.01700,0.02500,-4.40500,-2.72800,-30.51600
1537024592.59600,-0.09300,-0.01600,0.02500,-4.38100,-2.32200,-30.55500
1537024592.59700,-0.08200,-0.01500,0.01600,-4.33500,-1.99400,-30.49200
1537024592.59800,-0.06400,-0.01600,0.02100,-4.40300,-1.90200,-30.45400
1537024592.83200,-0.08400,-0.01900,0.03700,-4.30100,-1.43500,-30.16900
1537024592.83200,-0.09100,-0.01100,0.02700,-4.14800,-1.21600,-29.92200
1537024592.83200,-0.06100,-0.01000,0.01400,-4.07600,-1.17500,-29.56500
1537024592.83300,-0.04500,-0.00800,0.01600,-4.09100,-1.28600,-29.37800
1537024592.96100,-0.02900,0.00300,0.03700,-4.10800,-1.37900,-28.98600
1537024592.96200,-0.00400,0.00300,0.01100,-3.81200,-1.07000,-28.68400
1537024592.96400,-0.02000,-0.01000,0.01200,-3.47500,-0.58600,-28.36500
1537024592.96400,-0.02300,-0.00900,0.02500,-3.31500,-0.42900,-28.09500
1537024593.38200,0.03300,0.00700,0.01200,-2.98100,-0.06300,-27.63400
1537024593.38200,0.01400,-0.00200,0.01800,-2.58500,0.48100,-27.30500
1537024593.38300,0.00900,0.00400,0.00100,-2.04100,1.19600,-26.87600
1537024593.38400,0.03000,0.00200,-0.00400,-1.61400,1.84600,-26.50200
1537024593.51300,0.03200,0.01600,-0.00300,-1.40800,2.19300,-26.30000
1537024593.51400,0.02300,0.01400,-0.00100,-1.24900,2.49900,-26.09500
1537024593.51400,0.01800,-0.00500,0.00800,-1.36700,2.55900,-26.02900
1537024593.51500,0.02800,0.00400,-0.00600,-1.51700,2.28000,-25.98900
1537024593.64000,0.04300,0.01500,0.00000,-1.64100,2.06200,-25.99600
1537024593.64100,0.03000,0.01100,-0.00400,-1.76400,1.85400,-26.05400
1537024593.80400,0.02500,0.00500,-0.02500,-1.80700,1.84800,-26.10900
1537024593.80400,0.01800,0.00900,-0.01300,-1.84000,1.86600,-26.19100
1537024593.80500,0.00600,-0.00400,-0.02900,-1.81600,2.12600,-26.29400
1537024593.80500,0.00900,0.00800,-0.02900,-1.69400,2.60900,-26.42300
1537024593.93400,0.00200,0.00400,0.00500,-0.77500,4.81300,-27.12000
1537024593.93500,0.00900,-0.00600,0.00100,-0.47100,5.65000,-27.37100
1537024593.93600,-0.00100,-0.00400,0.00600,-0.21000,6.17500,-27.53400
1537024593.93600,-0.00200,-0.00500,0.00000,0.21900,7.05100,-27.79500
1537024594.06400,-0.01900,-0.00900,-0.01900,0.88500,8.60500,-28.20500
1537024594.06500,-0.03900,-0.01200,0.01000,1.14100,9.34100,-28.37700
1537024594.06600,-0.06800,-0.03900,-0.02200,1.20500,9.57800,-28.48200
1537024594.06600,-0.09300,-0.06300,-0.04800,1.02500,9.43500,-28.66200
1537024594.35000,0.00200,0.00500,-0.01200,-1.36500,5.25000,-26.64100
1537024594.35000,0.01000,0.01200,-0.01700,-1.44100,5.13400,-26.59000
1537024594.35100,0.00300,0.00700,-0.01300,-1.49100,5.07300,-26.60000
1537024594.48400,-0.00400,0.00700,-0.00200,-1.52000,5.11500,-26.58500
1537024594.48500,-0.00200,0.00200,-0.00700,-1.59600,5.08500,-26.58100
1537024594.48600,0.01200,0.00100,-0.00400,-1.71700,4.92800,-26.63000
1537024594.52900,0.00400,0.00500,0.01100,-1.89000,4.79900,-26.78800
1537024594.60700,-0.00100,-0.01200,0.01100,-1.99200,4.70100,-26.96100
1537024595.00000,-0.00400,-0.01000,0.01200,-2.04800,4.62800,-27.04600
1537024595.21900,-0.00500,-0.00100,0.00700,-2.05900,4.35000,-27.00500
1537024595.22000,-0.00200,0.00100,0.00900,-2.03500,4.33500,-27.00600
1537024595.22100,-0.00400,0.00200,0.00000,-1.97700,4.35800,-27.00000
1537024595.22100,-0.00800,-0.00400,0.00200,-1.94000,4.41100,-27.00100
1537024595.32400,-0.00300,-0.00100,0.00300,-1.88200,4.35300,-27.03400
1537024595.32500,-0.00300,0.00200,0.00700,-1.85100,4.34200,-27.06000
1537024595.32600,-0.01100,-0.00100,0.00200,-1.82800,4.36200,-27.05500
1537024595.32700,-0.00700,-0.00900,-0.02000,-1.78200,4.40800,-27.05000
1537024595.35000,-0.00600,-0.00300,0.00700,-1.68700,4.61100,-27.04200
1537024595.35100,-0.01000,-0.00600,0.00700,-1.63200,4.70700,-27.03900
1537024595.35400,0.00100,0.00000,-0.00100,-1.62000,4.72900,-27.02400
1537024595.37400,-0.01600,-0.00700,0.00100,-1.49800,5.46000,-26.90500
1537024595.37400,-0.00100,0.00100,0.00600,-1.50600,5.45100,-26.87500
1537024595.37500,-0.00200,0.00100,0.00600,-1.45500,5.57500,-26.71900
1537024595.40400,0.00200,-0.00200,0.01500,-1.45400,5.57900,-26.65200
1537024595.40400,0.00500,0.00700,0.01300,-1.45700,5.56900,-26.61100
1537024595.40400,0.00400,0.00900,0.01500,-1.45300,5.58300,-26.56600
1537024595.40500,0.00400,-0.00600,0.01100,-1.42700,5.61800,-26.53600
1537024595.45500,0.01800,-0.00800,0.01900,-1.36800,5.60500,-26.53400
1537024595.45600,0.01900,-0.00500,0.02600,-1.29000,5.53300,-26.54700
1537024595.45700,0.19000,0.28500,-0.03500,5.10300,5.85700,-40.60900
1537024595.45800,-0.00200,0.40700,-0.15800,13.42900,9.06000,-52.12100
1537024595.55200,-0.09800,0.37700,-0.18300,20.13600,11.21300,-57.41900
1537024595.58100,-0.10800,0.36000,-0.22600,25.94200,12.64700,-61.18300
1537024595.58100,-0.17700,0.33700,-0.24300,37.66200,14.90500,-66.99500
1537024595.63500,-0.27900,0.20500,-0.24400,53.22500,17.26500,-72.85900
1537024595.63500,-0.29000,0.06700,-0.20700,63.90600,18.73900,-76.69500
1537024595.81500,-0.30500,-0.12000,-0.15300,77.51400,20.52300,-82.37900
1537024595.87800,-0.32400,-0.19100,-0.11300,84.33100,21.40500,-86.03100
1537024595.87900,-0.30000,-0.26500,-0.10600,91.71000,22.12500,-91.47800
1537024595.88000,-0.29200,-0.27700,-0.09800,96.51900,22.03400,-96.99100
1537024596.00600,-0.14800,-0.40600,0.01800,100.70400,19.24400,-107.36900
1537024596.00700,-0.10800,-0.35300,0.03800,101.55300,16.96000,-112.19900
1537024596.00800,-0.11600,-0.32700,0.03400,102.30300,12.64300,-120.07800
1537024596.00900,-0.07900,-0.36400,0.06600,102.57800,6.89400,-129.10700
1537024596.08000,-0.01500,-0.36900,0.09900,102.52500,1.70100,-136.27100
1537024596.08100,-0.01300,-0.31100,0.13400,101.99700,-8.30400,-148.72100
1537024596.11100,-0.07500,-0.25600,0.06400,101.54100,-15.02500,-156.96700
1537024596.11200,-0.04200,-0.19800,0.08800,100.91400,-26.83800,-170.65800
1537024596.13700,0.01800,-0.10600,0.12400,99.79400,-53.29600,159.26400
1537024596.13800,-0.04700,-0.06000,0.09700,99.81600,-54.31800,157.65600
1537024596.26100,-0.01100,-0.01200,0.06200,100.54700,-53.67000,156.69300
1537024596.37300,-0.09300,0.04100,0.04100,100.79100,-52.78400,157.19600
1537024596.37400,-0.12100,0.03900,-0.00200,100.88700,-52.70500,156.90600
1537024596.37500,-0.12100,0.07400,0.02900,101.02600,-54.09600,154.87100
1537024596.37600,-0.08400,0.07100,0.04700,101.13500,-56.06000,152.50200
1537024596.48000,-0.06500,0.08500,0.03900,101.35600,-58.94200,148.92400
1537024596.48000,-0.02000,0.03600,0.01300,101.55300,-60.39200,146.95000
1537024596.48100,-0.05100,0.00600,0.01300,101.81200,-61.28500,145.19100
1537024596.48200,-0.00300,-0.05400,0.01000,101.89800,-62.72000,142.91200
1537024596.55400,0.02900,-0.04700,0.03800,101.84400,-63.76300,141.31700
1537024596.55500,0.00300,-0.09900,0.03900,101.64400,-63.98300,140.20800
1537024596.68400,-0.00600,-0.12900,0.06500,101.48600,-64.08900,139.67100
1537024596.68400,-0.03900,-0.10000,0.05600,101.27000,-63.96100,139.29700
1537024596.76000,0.00300,-0.02000,0.06100,101.11600,-64.43200,138.39200
1537024597.05200,0.01300,-0.03500,0.07800,101.13000,-64.16500,138.59900
1537024597.05200,-0.01700,-0.01600,0.03700,101.20100,-62.71800,139.94700
1537024597.10100,-0.06200,-0.01300,0.02400,101.30300,-61.59100,141.09300
1537024597.18500,-0.04900,-0.02300,0.03700,101.52900,-59.88400,142.87800
1537024597.18500,-0.05300,-0.03400,0.02500,101.69600,-59.00800,143.84900
1537024597.18600,-0.04500,-0.01000,0.02700,101.69300,-59.03600,143.90800
1537024597.60100,-0.03800,-0.01900,0.01800,101.67900,-58.61600,144.38300
1537024598.94000,-0.06100,-0.03000,0.00900,101.63100,-58.29900,144.72400
1537024599.54200,-0.03900,-0.02100,0.02700,101.55900,-59.47000,143.63000
1537024599.72600,-0.05600,0.00900,0.00500,101.41700,-60.99800,142.19100
1537024599.83700,-0.02900,0.00600,0.03600,101.20000,-62.84900,140.34300
1537024599.83800,-0.02200,-0.00200,0.01900,101.17600,-62.63500,140.49700
1537024599.83900,-0.05000,0.00400,0.00700,101.22500,-61.28800,141.77200
1537024600.14600,-0.05400,-0.01100,0.00100,101.36700,-60.90000,142.12800
1537024600.31200,-0.01800,0.00900,0.02100,101.46000,-62.03200,141.03500
1537024600.31200,0.00200,0.00800,0.02100,101.63700,-63.48700,139.71100
1537024600.31300,-0.03800,0.00300,0.02100,101.78600,-63.40600,139.76200
1537024600.31400,-0.06400,-0.01300,0.01100,101.82100,-63.37600,139.80800
1537024600.36300,-0.05400,0.00000,0.02200,101.87000,-64.02000,139.16300
1537024600.36300,-0.02800,-0.03800,0.02300,101.84900,-64.76600,138.39300
1537024600.36400,-0.00700,-0.02800,0.02800,101.83300,-65.80600,137.08600
1537024600.44300,-0.06000,0.00200,0.01400,102.02900,-67.55500,135.36800
1537024600.44400,-0.03100,-0.00500,0.02500,102.57500,-68.57200,134.28100
1537024600.78500,-0.02100,-0.01800,0.01300,102.28800,-69.83300,133.07000
1537024600.78600,-0.09200,-0.02400,0.01000,102.18600,-69.39200,133.60800
1537024600.78600,-0.00500,-0.03200,0.01100,102.15800,-69.46700,133.56900
1537024601.02000,-0.00600,-0.01100,0.01700,100.50400,-70.91800,133.55900
