1537108580.02400,-0.00200,-0.01900,0.01100,-8.80600,76.76900,1.01000
1537108580.02500,-0.01500,-0.00500,0.01000,-8.81500,76.75700,0.90200
1537108580.02500,-0.01700,-0.00400,0.01300,-8.82200,76.71300,0.83700
1537108580.02600,-0.01000,-0.01700,0.00500,-8.27500,75.65600,-0.18500
1537108580.31400,-0.00900,-0.00900,0.01500,-8.19200,75.51000,-0.30300
1537108580.31400,-0.01600,-0.00300,-0.00100,-8.05900,75.26600,-0.49000
1537108580.31500,-0.00600,-0.01500,-0.01000,-7.91700,75.03500,-0.67500
1537108580.31600,-0.01300,-0.01100,0.00000,-7.81100,74.90300,-0.78100
1537108580.99700,-0.00300,-0.01400,0.00500,-7.65300,74.71900,-0.94100
1537108580.99800,-0.01000,-0.01500,0.00000,-7.55100,74.59100,-1.04300
1537108580.99900,0.00400,-0.01500,0.00200,-7.39900,74.39700,-1.19300
1537108580.99900,-0.00300,-0.02100,0.00400,-7.26100,74.23600,-1.33000
1537108582.12100,0.00300,-0.02100,0.00000,-6.26100,73.98100,-1.91200
1537108582.12100,-0.00500,-0.00600,-0.01500,-6.17000,74.00400,-1.89400
1537108582.93000,-0.00600,-0.01400,0.00800,-6.11200,74.04100,-1.86000
1537108583.08700,-0.00200,-0.02100,0.01200,-6.03300,74.08100,-1.79200
1537108584.06500,-0.00300,-0.01700,-0.00200,-5.99000,74.10800,-1.75600
1537108584.06600,0.02400,-0.01300,-0.05800,-5.93100,74.47000,-1.55500
1537108584.06700,0.03700,0.01400,-0.05300,-6.11400,74.61900,-1.33400
1537108584.19000,0.04900,0.02300,-0.03500,-6.31300,74.71300,-0.85200
1537108585.61000,0.04800,0.03700,0.03200,-6.75700,74.63500,0.16000
1537108585.72200,0.09800,0.07300,0.05600,-7.05000,74.28800,1.01700
1537108585.72300,-0.51400,-0.13000,0.03000,-0.34000,64.46600,-2.52500
1537108585.72400,-0.52500,-0.11900,-0.03300,-0.21100,63.52000,-3.49600
1537108585.72500,-1.50500,-0.34800,-0.35400,-0.36200,62.12300,-4.76500
1537108585.93200,0.27300,0.85100,0.13700,-1.25100,61.69700,-5.01700
1537108585.93300,0.01900,0.00000,-0.16100,-7.09700,62.62600,-8.13700
1537108585.93400,-0.01800,-0.03400,-0.06800,-7.55600,63.42900,-8.32000
1537108585.93400,-0.07500,-0.00100,0.08600,-7.90200,63.82100,-8.28000
1537108586.18700,-0.00800,0.00200,-0.10000,-8.51600,63.63600,-8.19400
1537108586.21300,-0.03000,-0.01500,0.02300,-11.17700,65.30700,-3.95600
1537108586.43000,-0.00500,-0.01000,0.00400,-11.15500,65.12700,-3.69600
1537108586.43100,-0.00900,-0.00500,0.00800,-11.11200,64.99900,-3.57400
1537108586.43200,0.01100,-0.02500,0.00400,-11.05100,64.82300,-3.42600
1537108586.43300,0.00300,-0.01500,0.00100,-11.31900,64.67400,-0.43200
1537108586.50800,-0.00400,-0.00800,-0.00700,-11.29800,64.62100,-0.45500
1537108586.50900,-0.00300,-0.01800,0.01100,-9.69400,63.67700,-0.03600
1537108586.51000,0.00600,-0.01200,0.00800,-9.52200,63.62800,0.03800
1537108586.51000,-0.01200,-0.01400,0.00700,-9.50100,63.37800,0.51700
1537108586.53400,-0.00900,-0.01600,0.01100,-9.47000,63.29700,0.52900
1537108586.53400,0.01400,-0.00200,-0.01300,-9.37800,62.98300,0.46000
1537108586.53400,-0.00800,-0.01200,0.00900,-9.42800,63.52200,0.79000
1537108586.65800,0.09700,-0.00500,-0.00200,-3.80900,63.68300,-9.75100
1537108586.93000,-0.00900,0.01900,0.21400,-4.35000,64.92600,-9.10800
1537108586.93000,-0.17100,0.04500,0.28200,-5.29700,66.09800,-8.25600
1537108586.93000,-0.01900,-0.03700,-0.01700,-6.71800,65.70100,-7.56800
1537108586.93100,-0.02400,-0.00100,-0.06100,-7.58100,65.33700,-7.17300
1537108587.00700,-0.01900,-0.01800,-0.01300,-10.66500,65.62500,-5.32100
1537108587.00700,0.00100,-0.00400,-0.00300,-11.23700,65.55600,-4.74100
1537108587.00800,0.00400,-0.01000,-0.06800,-11.80000,65.46900,-4.19500
1537108587.00900,0.01500,-0.01700,-0.04000,-12.06700,65.51300,-3.72600
1537108587.07900,0.01400,0.01800,-0.00500,-15.06500,63.17300,2.92500
1537108587.18300,0.02600,0.03000,-0.02100,-15.45900,62.71900,3.91400
1537108587.29500,0.12300,0.07300,-0.11200,-18.29800,59.85600,13.19500
1537108587.29600,0.19800,0.10800,-0.14200,-18.83700,59.53200,15.01800
1537108587.29700,0.28800,0.15600,-0.12100,-19.83000,59.00200,18.13200
1537108587.29800,0.33000,0.15500,-0.18700,-20.59500,58.56900,20.44600
1537108587.40000,0.36900,0.16000,-0.32200,-21.76200,57.45200,24.18300
1537108587.40100,0.49300,0.02900,-0.82500,-22.80700,55.03800,28.48900
1537108587.40200,0.38900,-0.01500,-0.74700,-23.64800,52.82700,31.83200
1537108587.40300,0.03900,0.61400,0.22200,-25.34500,49.64200,37.31000
1537108587.79400,0.55600,-0.10800,-0.36600,-26.94700,47.98100,41.24900
1537108587.79400,0.37500,-0.28000,-0.43000,-28.49900,45.14500,45.59100
1537108587.79400,0.08300,-0.68000,-0.21300,-29.15100,43.52200,48.29200
1537108588.02400,0.32900,-0.62200,-0.20300,-26.74400,45.21600,44.41300
1537108589.02600,-0.11500,0.42200,0.03800,-7.12900,56.71400,3.77100
1537108589.02700,-0.33500,0.53600,0.09300,-4.24500,59.18000,-3.24700
1537108589.02700,-0.95000,0.55400,0.55900,-1.35500,62.88200,-9.61600
1537108589.52000,-1.14300,0.29100,0.61000,0.87400,65.95800,-13.09300
1537108591.46900,-1.15100,-0.28200,0.76200,3.71500,68.98900,-17.04000
1537108591.47000,-1.57500,-0.82400,1.24900,5.04600,69.89900,-18.47000
1537108591.47100,-1.37900,-0.44400,0.89300,4.10800,69.32800,-18.24000
1537108591.47200,0.76600,0.91000,-1.02200,2.07300,68.71200,-16.67200
1537108591.49100,-0.13300,-0.07600,0.19600,-1.28000,71.36200,-12.53200
1537108591.49100,-0.00800,0.02900,0.04500,-6.88800,73.61200,-7.97500
1537108591.57400,-0.01600,-0.01200,0.00200,-7.79100,73.51900,-7.38100
1537108591.57500,-0.03400,-0.02000,-0.10300,-8.92400,73.66400,-6.52400
1537108591.57600,-0.01900,0.02800,-0.04300,-9.47700,73.85600,-5.87200
1537108591.83900,-0.01600,0.00800,0.00800,-11.20200,73.46000,-3.07900
1537108591.83900,-0.00800,0.01400,-0.01000,-11.80000,73.22900,-2.10400
1537108591.83900,0.00000,0.00800,-0.03900,-12.57000,72.93400,-0.61300
1537108591.83900,0.00700,0.04600,0.04100,-13.07900,72.70800,0.43200
1537108592.07100,0.82800,0.11600,-1.11900,-22.49300,61.80000,27.05300
1537108592.07200,0.23200,0.12300,-0.46400,-23.37100,58.47800,30.96100
1537108592.07200,0.56000,-0.75100,-0.73800,-29.30400,51.25900,46.61700
1537108592.25700,-0.06800,0.40600,-0.25300,-7.59400,66.50200,12.83400
1537108592.25800,0.19800,-0.66500,-0.62200,-31.15900,79.13300,50.17100
1537108592.25900,-0.23900,-0.75500,-0.34800,-28.26100,89.53300,45.62600
1537108592.98500,-0.10100,-0.01000,-0.02600,-7.55500,134.05600,-7.25500
1537108593.04400,-0.28600,-1.01500,-0.36900,-26.77200,134.40100,48.92700
1537108593.04500,-0.16500,-0.62200,-0.30100,-24.85800,136.46000,46.58200
1537108593.04600,-0.24300,-0.61000,-0.29700,-22.67800,137.86200,43.97000
1537108593.04700,-0.19200,-0.52700,-0.26200,-17.67900,139.90100,38.38600
1537108593.12600,-0.27300,-0.36400,-0.36400,-14.24200,140.95200,34.03900
1537108593.12600,-0.25800,-0.00800,-0.33900,-10.24600,142.82600,26.56300
1537108593.12600,-0.33600,0.23300,-0.08000,-7.33400,145.80500,18.41200
1537108593.12700,-0.31500,0.28700,0.06300,-5.72800,148.52000,12.71600
1537108593.19700,-0.12100,0.60500,0.41000,-3.52100,153.09000,3.82800
1537108593.19700,0.25600,0.91800,0.74400,-1.96900,156.16800,-2.06000
1537108593.21900,-1.60100,1.25300,-0.72700,5.80100,170.85000,-19.17600
1537108593.30800,1.61100,0.02900,0.10700,4.11000,171.26400,-17.57800
1537108593.30800,0.07000,0.27100,0.75000,2.49900,172.84800,-15.23300
1537108593.30800,0.16700,0.04000,-0.29000,0.31800,173.90400,-13.28000
1537108593.30900,-0.01200,-0.02200,0.03700,-6.51600,175.47700,-6.91300
1537108593.33300,0.00300,-0.00300,0.01000,-7.14300,175.73600,-5.89900
1537108593.33400,0.04300,0.00500,0.02900,-9.14400,175.36600,-2.18900
1537108593.33500,0.01400,0.04800,-0.03200,-10.92000,174.38500,1.72300
1537108593.33600,0.00100,0.03800,-0.02400,-11.32300,174.15000,2.69900
1537108593.41200,-0.03000,0.02100,-0.01800,-11.90700,173.80000,4.20000
1537108593.41300,-0.05200,0.05500,-0.00300,-12.32000,173.62900,5.31900
1537108593.41400,1.47300,-0.38700,-0.33900,6.15100,-145.55700,-17.80800
1537108593.41500,-0.62900,0.70700,0.51200,3.91600,-145.66900,-16.60500
1537108593.43000,0.57800,0.57800,0.19400,1.96000,-145.58600,-14.81800
1537108593.49000,0.28100,-0.13400,-0.54000,0.81700,-143.51400,-13.26500
1537108593.49100,-0.00800,0.10500,-0.00900,-0.40600,-141.87100,-11.29500
1537108593.49200,0.15000,0.14100,0.08600,-1.71700,-141.49600,-10.54500
1537108593.49300,0.06300,-0.08300,0.11000,-3.41700,-140.69700,-9.67200
1537108593.59600,0.01600,0.00700,0.08000,-4.29600,-140.79500,-9.11600
1537108593.59700,0.03600,-0.01500,0.03100,-5.48800,-140.77700,-8.02900
1537108593.59700,-0.03900,-0.04700,0.11900,-6.65100,-140.74200,-6.85700
1537108593.59800,0.04000,0.06300,0.01300,-7.48400,-140.48000,-5.46800
1537108593.80400,0.01600,-0.01100,-0.00800,-7.98000,-140.47900,-4.36800
1537108593.80500,0.02200,0.00600,0.02100,-8.81600,-140.65300,-2.70700
1537108593.80600,0.05600,0.03300,-0.01000,-9.37400,-140.68800,-1.59700
1537108593.88500,0.04800,0.01800,0.00000,-10.14300,-140.80900,0.07400
1537108593.88500,0.02600,0.04600,0.00200,-10.86700,-141.09100,1.66000
1537108593.88600,0.01900,0.08600,-0.01400,-11.32100,-141.32400,2.68300
1537108593.88700,-0.02800,0.06600,-0.00800,-11.91300,-141.75000,4.17800
1537108593.90200,-0.04900,0.04800,0.01800,-12.28600,-142.06100,5.20600
1537108594.08700,-0.07700,0.07000,0.01600,-12.80500,-142.50400,6.75800
1537108594.17000,-0.11600,0.04600,0.01800,-13.34300,-142.99600,8.48200
1537108594.17100,-0.16900,0.10700,0.00500,-13.82300,-143.31600,10.05700
1537108594.17100,-0.18800,0.09800,-0.03000,-14.73300,-143.58200,12.86000
1537108594.37500,-0.25000,0.18100,0.16600,-15.50600,-143.60600,15.04300
1537108594.47900,-0.34700,0.33300,0.19400,-16.75100,-143.78300,18.65400
1537108594.63700,-0.88800,0.30500,0.24000,-17.45500,-144.68000,21.59600
1537108594.70100,-1.19300,0.15800,0.51500,-18.25000,-147.09200,26.50800
1537108594.70100,-0.79100,-0.06700,0.51200,-19.27800,-150.35800,32.39400
1537108594.70100,-0.19500,0.18000,0.17800,-20.48800,-152.18400,37.08900
1537108594.70100,-0.97000,0.23800,0.41500,-24.13000,-153.02000,43.69900
1537108594.75200,-0.27200,-0.28100,-0.01800,-26.40600,-152.06300,46.25500
1537108594.75300,-0.15700,-0.51700,0.24400,-28.95700,-151.94300,48.51800
1537108594.75300,-0.41700,-0.81600,0.16200,-28.47700,-151.32400,48.76800
1537108594.84800,-0.19500,-0.93900,0.16700,-27.02000,-150.43400,47.40800
1537108595.03200,-0.14100,-0.70300,0.11200,-23.67000,-149.06900,43.60200
1537108595.42800,-0.09200,-0.59100,0.17900,-20.38900,-148.53400,40.01400
1537108595.42900,-0.31100,-0.51700,0.27500,-14.87300,-148.70900,33.48100
1537108595.93200,-0.33000,-0.26500,0.18400,-11.86300,-149.01900,28.52100
1537108595.93300,-0.21600,0.12100,0.06100,-8.69700,-148.75800,20.51400
1537108595.93400,-0.09800,0.28500,0.18900,-6.69100,-147.39200,12.31300
1537108595.93400,0.08100,0.40500,0.13300,-5.87200,-145.63700,6.67800
1537108596.03800,1.39700,-0.04300,-0.30700,1.20500,-134.16400,-21.48000
1537108596.03900,2.22900,-0.42800,-0.89400,2.65200,-132.48500,-24.09300
1537108596.04000,1.79400,-0.79700,-0.35600,2.55500,-132.68500,-25.33500
1537108596.04100,-1.33700,1.24200,0.12500,1.64800,-131.29300,-23.61000
1537108596.11600,0.11100,-0.04400,0.05800,-7.33900,-120.78100,-9.81100
1537108596.11700,0.08700,0.07600,-0.02900,-9.78900,-120.74900,-4.61400
1537108596.11700,0.02800,0.07100,-0.01700,-12.23700,-121.53300,0.39600
1537108596.11800,0.00800,0.05100,0.00200,-13.01700,-122.05900,1.82600
1537108596.14200,0.01300,0.04900,0.04500,-13.53400,-122.45700,2.83400
1537108596.14300,-0.02700,0.09200,0.01300,-14.37600,-123.17600,4.53300
1537108596.14300,-0.09300,0.10500,-0.01400,-15.28300,-124.07600,6.69900
1537108596.14400,-0.14600,0.09100,0.03200,-15.95400,-124.67400,8.41100
1537108596.24800,-0.19200,0.17200,0.07100,-17.09800,-125.31600,11.41000
1537108596.24900,-0.21900,0.31700,0.27900,-17.94100,-125.61700,13.70000
1537108596.25000,-0.85900,0.26900,0.56300,-20.74300,-130.94100,25.80800
1537108596.25000,-0.21600,-0.89400,0.16800,-26.44900,-144.35500,48.00500
1537108596.34500,1.56400,0.23600,-0.66700,-0.27500,-132.78900,-21.60600
1537108596.40600,2.39500,-1.41100,-1.32400,1.87000,-130.76600,-24.44700
1537108596.40600,0.03000,0.03600,-0.01900,-12.67000,-123.02700,0.93500
1537108596.40700,0.00900,0.04800,-0.03000,-13.38400,-123.45100,2.57300
1537108596.40800,0.00300,0.11100,0.01000,-14.12400,-123.98600,4.22900
1537108596.76500,-0.04500,0.07200,0.02000,-14.64200,-124.51400,5.45600
1537108596.79400,-0.10400,0.06800,0.05700,-15.49400,-125.23100,7.68000
1537108596.79500,-0.16200,0.12900,-0.02700,-16.18500,-125.61300,9.45000
1537108596.82400,-0.16800,0.22800,0.21900,-17.40700,-125.92400,12.59300
1537108596.82500,-0.32700,0.38000,0.21000,-18.33600,-126.19600,15.07800
1537108596.82600,-0.43000,0.33500,0.22500,-19.80100,-127.20300,19.48100
1537108596.82700,-0.91800,0.36800,0.67300,-21.19300,-129.80900,24.58000
1537108596.97600,-0.80800,-0.06500,0.73400,-21.98700,-132.73200,28.28900
1537108596.97700,-0.07400,0.09800,0.15500,-22.93700,-137.80800,34.82800
1537108597.05300,-0.34300,0.71500,0.29700,-24.47400,-140.29400,39.78000
1537108597.15700,-0.35700,-0.16900,0.30600,-27.31300,-142.25600,45.27600
1537108597.27000,-0.10600,-0.49400,0.17100,-28.89300,-144.98600,47.97600
1537108597.27100,-0.50400,-0.66500,0.06500,-28.78500,-146.11000,49.18300
1537108597.27100,-0.22600,-0.99800,0.11400,-26.51300,-146.85600,48.40200
1537108597.29700,-0.16400,-0.90200,0.06300,-24.62300,-146.95200,46.74800
1537108597.29800,-0.17400,-0.65900,-0.00500,-21.39400,-146.84600,42.39300
1537108597.29900,-0.44000,-0.57300,0.08600,-17.01200,-147.54600,36.14600
1537108597.30000,-0.43900,-0.43300,0.01300,-14.37300,-148.00500,31.14700
1537108597.40200,-0.48100,-0.07900,-0.05900,-11.45900,-148.16200,22.94200
1537108597.40300,-0.26400,0.34800,-0.09500,-10.03800,-147.58900,17.28600
1537108597.40400,-0.12100,0.41200,-0.05900,-8.43900,-145.61300,8.76700
1537108597.40500,0.14800,0.51700,-0.15300,-7.03100,-142.57200,0.21700
1537108597.87400,0.27200,0.25600,0.16400,-1.04900,-125.82600,-19.30000
1537108597.87500,0.28400,-0.18800,-0.44400,-2.02000,-124.24300,-18.03600
1537108597.87600,0.20100,-0.09000,0.04800,-3.18200,-123.19900,-16.92800
1537108597.94500,0.08000,-0.07700,0.14200,-5.49500,-123.14900,-14.89600
1537108597.97900,0.05600,-0.03400,0.01800,-6.58000,-123.70100,-13.55800
1537108597.98000,0.08100,0.08000,-0.01400,-7.13000,-124.00600,-12.52700
1537108597.98100,0.03700,0.00800,0.01000,-7.71200,-124.57600,-11.11800
1537108597.98100,0.01600,-0.06500,0.05400,-8.17900,-124.98800,-10.14600
1537108598.05800,0.06300,0.02000,0.00100,-11.16100,-127.10200,-1.33600
1537108598.05900,-0.00500,0.06000,0.05100,-13.12000,-109.27800,4.06600
1537108598.06000,-0.02800,0.10000,0.08700,-13.85800,-109.86400,6.13200
1537108598.06100,-0.15900,0.09400,-0.03100,-14.80000,-110.34100,8.74300
1537108598.07900,-0.07700,0.17700,0.15900,-15.51500,-110.52800,10.68400
1537108598.08000,-0.16100,0.41500,0.31700,-16.68100,-110.81100,14.03300
1537108598.12900,-0.39500,0.35200,0.22600,-17.43200,-111.36300,16.72300
1537108598.16300,-0.47800,0.31100,0.62600,-18.58100,-112.72200,21.20900
1537108598.16400,-0.64200,0.33800,1.19700,-19.48900,-114.52600,24.59000
1537108598.16500,-0.26600,-0.24700,0.82900,-20.57200,-118.59000,30.08500
1537108598.19300,-0.14300,1.02000,0.30900,-23.04000,-122.53600,36.94700
1537108598.19300,-0.34100,0.65500,0.30800,-25.32600,-123.21800,41.22200
1537108598.19400,-0.21100,-0.58800,0.65800,-27.50800,-125.81400,45.49700
1537108598.19500,0.21000,0.61200,-0.26200,-5.79600,-110.37100,-3.73800
1537108598.23400,0.36700,0.66600,-0.35800,-3.16400,-109.61600,-11.49200
1537108598.31600,0.65300,0.76200,-0.58400,-1.29400,-108.11700,-16.14500
1537108598.31700,0.85100,-0.04900,-0.91300,2.51700,-104.51300,-21.83400
1537108598.34700,1.31900,-0.99500,-1.79600,4.80000,-102.00000,-24.39300
1537108598.34800,1.15800,-0.93500,-1.30600,6.70700,-100.47000,-26.14200
1537108598.34900,0.80600,-0.11500,-0.80900,5.86400,-97.93000,-24.24900
1537108598.34900,-0.39500,1.47900,0.75100,5.07000,-95.86300,-22.72000
1537108598.52300,-0.01900,0.48900,-1.12200,4.51400,-94.19700,-20.46400
1537108598.62800,0.30000,0.03200,0.08500,3.19800,-93.62100,-18.93700
1537108598.74100,-0.00500,-0.03400,-0.15200,1.45200,-92.06900,-17.42700
1537108598.74200,0.18800,-0.11900,-0.08000,0.23700,-90.93200,-16.00900
1537108598.74300,0.06700,-0.05400,-0.07400,-2.08200,-90.11700,-13.86500
1537108599.03000,0.09900,-0.02300,-0.04700,-3.09400,-90.19800,-13.06600
1537108599.03000,0.11500,0.06300,-0.03900,-4.32000,-90.50400,-11.63700
1537108599.03100,0.09800,-0.00400,-0.02700,-4.85400,-90.44000,-10.69000
1537108599.03200,0.09400,-0.01600,0.03600,-5.44000,-90.38800,-9.17000
1537108599.13500,0.05000,-0.02500,-0.01000,-5.97200,-90.52300,-7.47800
1537108599.13500,0.02800,-0.03700,0.01400,-6.32800,-90.61000,-6.33200
1537108599.13500,0.06600,0.01300,0.02700,-6.90800,-90.69400,-4.67600
1537108599.13600,0.04600,0.01000,-0.09500,-7.20600,-90.64200,-3.52400
1537108599.16100,0.06400,0.03000,-0.07200,-7.69500,-90.68600,-1.97300
1537108599.16200,0.03900,0.12000,-0.06400,-8.24300,-91.18500,-0.48100
1537108599.16300,0.03400,0.05900,-0.02800,-8.54100,-91.51600,0.45300
1537108599.16300,0.00500,0.12700,0.05400,-8.93800,-92.47800,1.97400
1537108599.18100,-0.05300,0.13400,0.07100,-9.19100,-93.26000,3.21000
1537108599.21000,-0.07900,0.06300,0.10100,-9.65800,-94.60700,5.49400
1537108599.23900,-0.12800,0.12900,0.11400,-10.23500,-95.44100,8.24200
1537108599.23900,-0.19200,0.16200,0.15800,-10.72700,-95.81700,10.31000
1537108599.24000,-0.09600,0.22200,0.38500,-11.48700,-95.76300,13.87900
1537108599.26100,-0.36600,0.04300,1.46000,-12.81900,-99.04400,25.61100
1537108599.26200,-0.02000,-0.09700,1.00700,-12.92000,-102.05200,31.77100
1537108599.28400,0.09200,0.39500,0.99700,-15.42900,-102.72600,39.58600
1537108599.31800,-0.18300,-0.31100,0.65100,-20.10800,-100.22800,43.83700
1537108599.31900,-0.11900,-0.43200,0.40700,-25.10600,-96.78900,47.31800
1537108599.32000,0.66200,0.14800,0.15700,-5.74900,-71.23200,21.06400
1537108599.32100,0.67600,0.30000,0.03500,-1.97600,-69.60400,12.63200
1537108599.38900,0.52700,0.69000,-0.48500,0.09100,-66.77900,3.94300
1537108599.49400,0.44300,0.74900,-1.03100,1.21000,-64.38800,-1.62900
1537108599.52300,0.19800,0.59800,-1.57300,2.92400,-60.08300,-9.10800
1537108599.52400,0.04700,0.10400,-1.54200,4.32900,-56.73700,-12.87300
1537108599.54600,-0.35000,-0.26900,-1.76400,6.70100,-50.89300,-16.73200
1537108599.57300,-0.82900,-0.95700,-2.25900,8.27200,-46.05400,-18.19900
1537108599.60700,-0.70900,-0.56600,-1.54300,7.72100,-44.54600,-17.59100
1537108599.60800,-0.17800,-0.06000,-0.16400,5.94200,-41.10700,-15.32300
1537108599.60900,-0.53700,0.44100,-0.81200,5.54000,-39.04300,-13.33500
1537108599.60900,0.87800,-0.13600,-0.08700,2.94100,-38.97500,-11.77100
1537108599.92300,-0.46900,-0.05700,-0.64900,1.11500,-36.72600,-9.60100
1537108599.92300,0.00900,-0.13500,-0.27000,0.43000,-36.00000,-8.81000
1537108599.92400,0.08500,0.05200,-0.01200,-1.13600,-36.56100,-7.38900
1537108600.00100,-0.03800,0.03000,-0.12100,-3.38900,-36.20000,-5.32800
1537108600.00200,-0.00400,0.08800,-0.04800,-4.18100,-35.43900,-3.63200
1537108600.00200,0.02000,-0.04000,-0.03300,-4.72400,-35.09000,-2.58800
1537108600.00300,0.04900,0.03300,-0.02300,-5.62400,-34.91800,-0.98100
1537108600.02000,0.08600,0.01300,-0.02200,-6.16900,-34.80800,0.16800
1537108600.28800,0.01900,0.04400,-0.06700,-6.85200,-34.48900,1.94300
1537108600.28900,0.01000,0.05700,-0.05900,-7.26600,-34.35000,3.12200
1537108600.29000,0.08300,0.10800,-0.02100,-7.84100,-34.53100,4.81600
1537108600.31700,0.00800,0.08700,0.00000,-8.33200,-34.78800,6.44900
1537108600.31700,0.04500,0.06400,0.02800,-8.64000,-35.03000,7.56100
1537108600.31800,0.11000,0.03900,0.03400,-9.10700,-35.54900,9.33100
1537108600.31800,0.11600,0.06200,0.09700,-9.44100,-35.99000,10.70800
1537108600.39500,0.20000,0.07800,0.13500,-10.01100,-35.13800,13.23900
1537108600.39500,0.14700,0.11800,0.22800,-10.81700,-34.13300,16.32500
1537108600.39500,0.22700,0.17500,0.24700,-11.48600,-34.23000,18.73700
1537108600.42100,0.61700,0.40800,0.36200,-12.74100,-32.96000,22.92300
1537108600.42200,0.82000,0.35000,0.65400,-13.53600,-33.59100,26.15100
1537108600.42200,1.12900,-0.04100,0.78700,-14.23700,-35.12800,31.39300
1537108600.42300,0.52000,0.23000,-0.15200,-13.94300,-37.87400,35.14500
1537108600.44000,1.11000,0.16800,0.26100,-13.77100,-41.42300,41.84300
1537108600.52700,0.20300,-0.22300,0.40800,-17.71300,-40.86500,47.28900
1537108600.52800,0.22400,-0.33200,0.31500,-19.98300,-39.99100,49.07900
1537108600.52800,0.43700,-0.75000,0.49700,-23.51300,-38.67700,50.96400
1537108600.52900,0.46700,-0.80200,0.06100,-24.75500,-37.51400,50.33500
1537108600.60400,0.17900,-0.52500,0.17000,-21.77800,-33.19200,42.26700
1537108600.60500,0.23100,-0.47700,0.21600,-18.87100,-32.32800,37.82300
1537108600.60600,-0.67600,1.17400,-0.84300,-3.15900,-28.17500,-8.11000
1537108600.60700,-0.91100,0.55700,-1.30300,-1.80100,-25.38400,-13.50900
1537108600.62200,-1.49000,-0.32800,-1.98300,2.14900,-18.92200,-19.17600
1537108600.83200,-1.78600,-1.24600,-1.41400,5.70800,-14.14600,-20.94000
1537108600.97000,-0.68100,-0.65400,-1.24100,5.16400,-13.14100,-20.30800
1537108600.97000,0.24600,0.23000,-0.16000,2.48000,-11.54000,-17.91100
1537108600.97100,-1.47000,0.01300,0.02000,2.40700,-9.89000,-16.30900
1537108601.26300,-0.00200,0.07300,-0.20400,0.62700,-8.24400,-13.49900
1537108601.26300,-0.57600,-0.21100,-0.18900,-0.59800,-7.00100,-11.92300
1537108601.26400,-0.02200,0.19400,-0.25600,-2.20800,-5.96000,-10.24000
1537108601.26400,0.19400,-0.04400,-0.12200,-3.99200,-5.95700,-8.73300
1537108601.27900,0.00400,-0.13000,-0.07200,-4.57600,-5.99400,-7.57700
1537108601.93500,0.10900,0.07900,-0.03600,-5.89900,-6.03100,-5.85100
1537108602.07500,0.13100,0.03100,-0.09400,-6.66700,-5.71800,-4.76100
1537108602.07600,-0.03900,-0.03600,-0.03900,-7.48100,-4.93100,-2.97200
1537108602.23300,0.00400,0.06700,-0.06400,-10.06000,-4.31100,1.99400
1537108602.23300,0.01400,0.04700,-0.02800,-10.65800,-4.30700,3.24500
1537108602.23400,0.00800,0.10700,-0.00600,-11.52600,-4.53700,5.06600
1537108602.23400,0.01200,0.10000,0.01200,-12.39900,-5.08200,6.83100
1537108602.64400,0.02500,0.04600,0.01700,-12.94700,-5.64100,8.01900
1537108602.83500,0.12300,0.00900,-0.00800,-13.73400,-5.25600,9.89700
1537108602.83600,0.19300,0.06400,0.07900,-14.29600,-6.00600,11.34700
1537108602.83700,0.21700,0.07000,0.07200,-15.19300,-5.72200,13.97900
1537108602.83800,0.19100,0.15400,0.23500,-15.89400,-6.42300,16.06600
1537108602.94100,0.70700,0.39700,0.16900,-18.47600,-7.44600,23.93600
1537108602.94200,1.08200,0.33400,0.44300,-19.03200,-7.75800,27.23300
1537108602.94200,0.42000,0.25000,-0.26000,-18.93500,-15.49000,37.29000
1537108603.20300,0.37900,-0.34000,0.19400,-14.77400,-9.00700,33.95600
1537108603.20400,0.39400,-0.07200,0.21900,-11.17000,-9.08700,28.33300
1537108603.20500,0.27400,0.18600,0.19000,-7.00300,-9.18500,19.44700
1537108603.20500,-0.08800,0.60800,-0.21900,-2.98500,-6.36000,4.32000
1537108603.24700,0.22200,0.09500,0.03600,-12.40300,9.41100,11.90100
1537108603.50900,0.23300,0.13900,0.11200,-12.93600,9.10000,13.77700
1537108603.59000,0.29500,0.19300,0.26100,-13.96200,8.96400,17.10700
1537108603.62400,0.71100,0.36000,-0.14800,-14.80500,9.01400,19.63400
1537108603.62500,0.88000,0.49800,0.00500,-15.98300,8.33500,24.36700
1537108603.62600,1.00800,0.57200,-0.43000,-16.83700,-1.09700,41.49200
1537108603.78100,0.95300,-0.41300,-0.24800,-26.04300,2.11900,50.93000
1537108603.78200,0.76100,-0.81200,0.14500,-29.79700,5.34500,53.06800
1537108603.78300,-0.80700,-0.22900,-0.69900,1.82200,56.63100,-11.07800
1537108603.78400,-0.05900,-0.09200,-0.26700,-3.47300,58.75500,-5.48200
1537108603.85800,-0.00700,0.01100,-0.02800,-4.95700,59.04000,-3.99400
1537108603.85800,-0.05600,0.14700,0.04500,-5.63300,59.63100,-3.02000
1537108603.85900,0.00000,-0.03600,0.03100,-6.33400,59.98400,-1.72000
1537108603.88400,0.01700,0.00400,-0.04800,-7.76400,60.28100,0.63900
1537108603.88500,0.01000,0.05600,-0.04200,-8.71400,60.25300,2.37300
1537108603.98800,0.02900,0.05700,-0.02700,-10.11200,59.71000,5.35400
1537108603.98900,0.30700,0.10400,-0.10200,-15.23400,59.33200,18.40300
1537108603.99000,0.28500,0.19900,-0.40400,-16.66100,59.18300,22.14300
1537108604.06500,0.45500,0.39400,-0.65700,-17.58400,59.68900,25.20100
1537108604.06600,1.21900,0.22400,-1.02700,-18.32100,57.14100,30.81400
1537108604.17600,0.67500,0.07200,-0.87900,-25.76600,51.67200,50.02100
1537108604.17700,0.01700,-0.09500,-0.34700,-13.43400,74.91100,24.32300
1537108604.17700,-0.10100,0.24100,-0.20400,-10.90600,76.23900,18.14400
1537108604.17800,-0.19500,0.59900,-0.05700,-8.25100,78.44300,8.49600
1537108604.27700,-0.54400,1.02500,0.52600,-6.37300,81.86100,-1.14100
1537108604.27800,-0.64700,1.15800,1.52600,-5.05500,84.25800,-6.78700
1537108604.27900,-0.98500,0.02300,1.41900,-1.80400,87.89600,-13.36300
1537108604.46400,-0.64300,-0.92000,2.36700,2.04500,95.26600,-16.35700
1537108604.46500,-0.15000,1.09200,-1.11800,-0.48800,94.95500,-15.21100
1537108604.46600,-0.61700,-0.29700,0.83900,-1.34700,95.26700,-13.87000
1537108604.46700,0.31300,-0.12000,0.19900,-2.96700,97.58800,-11.72600
1537108604.69400,0.09500,0.03300,0.10700,-3.71100,98.59500,-10.39000
1537108604.69500,-0.05100,0.12800,0.04200,-5.56700,98.90600,-9.06200
1537108604.85700,-0.13000,-0.10200,-0.09300,-6.72200,99.01400,-8.46000
1537108604.85800,-0.11300,0.05400,-0.15200,-8.10700,98.63500,-7.42800
1537108604.85800,-0.05100,-0.00100,-0.02500,-9.06000,98.87300,-6.09500
1537108604.85900,-0.05500,-0.02300,-0.06800,-9.75300,99.09600,-5.22800
1537108605.54100,-0.02800,0.07100,-0.02700,-10.56900,99.23400,-3.83300
1537108605.54100,0.00300,0.02100,-0.05600,-11.04500,99.07600,-2.82900
1537108605.54200,-0.00800,0.00100,-0.04600,-11.76600,98.71600,-1.29300
1537108605.54200,-0.02200,0.01500,-0.03000,-12.48600,98.46700,0.28700
1537108605.79700,0.01900,0.04800,-0.00700,-13.63600,97.70400,2.89400
1537108605.79700,0.05500,0.04000,-0.02800,-14.12100,97.26700,3.87200
1537108606.22200,-0.02200,-0.00800,-0.06900,-14.77500,96.82100,5.27300
1537108606.22300,-0.00500,0.03300,-0.05100,-15.46900,96.38700,6.74200
1537108606.22400,-0.02600,0.01500,-0.10500,-15.92600,95.98000,7.80300
1537108606.22500,0.09700,0.02800,-0.12600,-16.66300,95.91200,9.68200
1537108607.50900,0.03700,0.04500,-0.18300,-17.23600,95.51700,11.17400
1537108607.50900,-0.01400,0.23400,-0.41800,-19.22500,95.80200,15.88900
1537108607.51000,0.22500,0.18000,-1.20500,-23.61500,93.40100,27.76500
1537108607.51100,0.01100,-0.17600,-1.08500,-24.87900,88.66900,33.67500
1537108607.79700,0.35000,0.04400,-0.16500,-25.15800,84.88100,37.91000
1537108607.79800,0.13000,0.39700,-0.57100,-27.35400,81.48900,45.12800
1537108607.79900,0.24300,-0.63600,-0.20700,-21.08200,76.86200,45.02000
1537108607.80000,0.43500,-0.57900,-0.23700,-16.71000,76.24800,38.70200
1537108608.08300,-0.04800,0.38200,0.25300,-7.22200,85.08900,5.67900
1537108608.08300,-0.32600,0.55700,0.45100,-4.62800,87.97800,-2.05700
1537108608.08400,-0.55100,0.68200,0.77500,-2.97100,89.85000,-6.78800
1537108608.19100,-0.85000,0.28900,0.99700,-0.54400,92.71500,-12.55600
1537108608.19100,0.00200,0.03400,-0.05400,-16.65000,101.42500,3.91800
1537108608.19200,0.02800,0.02300,-0.05000,-17.20300,101.03700,4.92400
1537108608.19300,0.02000,0.04200,-0.07300,-17.56100,100.75400,5.64200
1537108608.21100,0.01800,0.04100,-0.09200,-18.16200,100.36500,6.82400
1537108608.28800,0.16300,0.20900,-0.50300,-25.27000,94.97700,22.49300
1537108608.34800,0.30100,0.07700,-0.43100,-26.70700,90.81000,26.88300
1537108608.34900,-1.05400,0.25000,0.81500,-8.62100,95.55000,6.95900
1537108608.35000,-0.88000,0.07800,1.10800,-6.68400,96.24500,4.34300
1537108608.35100,-0.63300,0.11300,1.55400,-6.55800,95.76200,3.22900
1537108608.37400,0.73600,0.30200,-0.47600,-6.95000,94.62900,3.35500
1537108608.37500,0.51700,-0.44900,-0.52900,-14.38400,96.97600,16.10200
1537108608.37600,0.40900,-0.17300,-0.37000,-13.56000,98.43100,13.25200
1537108608.37700,0.30700,0.14700,-0.29200,-11.62200,100.62200,8.34900
1537108608.52400,0.14200,0.33500,-0.06300,-9.91400,102.04700,4.99500
1537108608.60600,-0.51500,-0.19400,1.10100,1.84600,98.97000,-17.64600
1537108608.60600,-0.78700,0.22500,-0.33400,-0.39200,97.17700,-16.29000
1537108608.76200,0.11600,0.28700,0.00700,-1.13200,97.90900,-15.06100
1537108608.84500,0.12600,-0.24800,0.11600,-2.18400,100.86000,-12.98200
1537108608.84500,0.00000,0.02100,-0.01600,-11.15700,101.02600,-2.44100
1537108608.84600,-0.02400,0.02600,-0.04400,-11.80700,100.86500,-1.36000
1537108609.02200,-0.01900,0.07600,0.00000,-14.19500,99.33400,3.19900
1537108609.16200,0.08200,0.10200,-0.01600,-14.80500,98.33900,4.37800
1537108609.16300,0.09800,0.08200,-0.03800,-15.62700,97.26600,6.18800
1537108609.16400,0.08300,0.09700,-0.15100,-16.47600,95.95100,8.16300
1537108609.74000,0.14900,0.10200,-0.21700,-18.28000,93.96000,12.61100
1537108609.74100,0.23100,0.16800,-0.26600,-19.22200,93.41500,14.88100
1537108609.74100,0.09400,0.23000,-0.52300,-20.93700,92.69300,18.79700
1537108609.74200,0.23500,0.40800,-0.72700,-22.96300,91.47000,23.60100
1537108610.31200,0.44100,0.38600,-1.05500,-24.18600,89.58000,27.36600
1537108610.31300,0.24300,-0.16400,-1.51000,-25.07600,83.82100,33.78700
1537108611.26200,-0.24200,0.83200,-0.58000,-25.65300,79.86700,38.86100
1537108611.26300,0.46400,0.29700,-1.51300,-29.28200,76.13500,47.11000
1537108611.26400,0.21700,-0.21600,-0.55600,-33.16700,74.92600,51.72500
1537108611.26500,-0.05400,-0.63500,-0.22700,-35.04700,74.29600,53.10900
1537108611.36800,0.18700,-0.96100,-0.15800,-33.67100,74.38400,52.10600
1537108611.36800,0.16400,-0.80300,-0.18500,-30.94700,76.23900,48.17300
1537108611.36900,0.28000,-0.16900,-0.30800,-19.71400,82.79600,28.61500
1537108611.54200,-0.91400,0.27900,1.77600,-0.75000,94.21900,-16.94900
1537108611.64900,-1.02500,-1.28000,3.32300,3.68000,99.54000,-21.04800
1537108612.18100,-0.80500,-1.17800,2.38800,4.72700,101.54700,-21.24700
1537108612.18200,0.02300,0.01300,0.10000,-7.87800,107.87700,-3.78800
1537108612.18300,-0.01200,0.07200,0.02300,-8.73100,108.05000,-2.57600
1537108612.18300,0.00700,0.00000,-0.01300,-9.23400,107.86200,-1.79500
1537108612.46800,-0.02900,-0.02300,-0.03100,-9.99100,107.59500,-0.63200
1537108612.46800,0.01400,-0.00300,0.04000,-10.41300,107.59900,0.10500
1537108612.46900,-0.13800,-0.77000,-0.45500,-24.12900,94.61500,45.13200
1537108612.62200,-0.04300,-0.58200,-0.17200,-21.51400,97.85900,40.39900
1537108612.62300,-0.08400,-0.51200,-0.40200,-19.02000,99.59800,36.26600
1537108612.76000,-0.09300,-0.31500,-0.41400,-14.96600,101.82900,29.30900
1537108612.76000,-0.01300,-0.00500,-0.01300,-8.60500,144.35600,-3.18400
1537108612.76000,-0.02600,-0.00700,-0.02000,-9.32800,144.32900,-1.98400
1537108612.76100,1.63900,-0.90600,1.71000,1.87300,168.72400,-16.33100
1537108613.02200,-1.13100,1.36800,-1.22900,-0.27700,169.67000,-14.41600
1537108613.02200,0.72200,-0.51900,0.38200,-0.87600,169.98600,-13.16700
1537108613.02300,-0.23700,0.16400,0.27200,-2.72800,172.02000,-10.80800
1537108613.02400,0.66900,-0.04700,0.18600,-3.69000,173.43700,-9.24800
1537108613.32800,0.04900,0.05400,0.15700,-5.17100,174.20000,-7.97000
1537108613.40600,0.21500,0.06900,0.09500,-6.56800,174.57300,-7.00900
1537108613.48500,-0.17500,-0.01000,0.10200,-7.49800,174.55200,-6.49500
1537108613.72800,0.00300,-0.02100,0.02400,-12.40300,175.14000,0.73200
1537108613.72900,0.00400,0.06700,-0.00600,-14.36400,174.26800,4.96600
1537108613.73000,-0.25700,-0.65000,-0.31000,-32.37000,156.76000,44.18600
1537108613.87800,-0.05300,-0.48900,-0.45200,-30.91300,159.94700,37.93600
1537108613.91000,-0.14400,-0.33300,-0.51400,-28.93400,161.89800,33.10200
1537108613.91000,-0.13100,-0.10200,-0.54700,-25.16200,164.71100,25.40700
1537108613.91100,2.19300,-1.42800,1.48100,1.70500,175.48100,-23.95400
1537108613.99200,0.65800,-0.25700,0.99900,0.33700,175.92300,-22.55200
1537108613.99300,0.42600,-0.12800,0.08000,-4.04500,-179.91200,-14.92300
1537108613.99400,0.15100,0.09500,0.02300,-7.22400,-178.88900,-11.44000
1537108613.99400,0.07200,0.02500,0.10300,-8.51700,-178.89200,-10.21900
1537108614.10000,-0.07300,-0.00100,0.05100,-11.54500,179.12000,-7.37700
1537108614.10000,-0.00500,0.05200,-0.01400,-12.13700,178.61400,-6.54900
1537108614.10000,0.00900,0.00300,0.00900,-12.51500,178.25300,-5.90500
1537108614.10100,-0.03900,-0.02800,0.00100,-13.19500,177.53000,-4.78400
1537108614.11900,-0.03200,0.07300,-0.11400,-17.14500,175.19200,5.32600
1537108614.11900,-0.08300,0.05900,-0.09300,-17.98000,175.14300,7.59700
1537108614.28100,-0.08100,0.08800,-0.14100,-18.60700,174.96600,9.30400
1537108614.28200,-0.20700,0.13200,-0.10200,-19.85500,174.95200,12.39000
1537108614.28200,-0.29400,-0.74100,-0.12200,-27.96600,166.02700,41.26400
1537108614.28300,-0.28500,-0.66500,-0.14800,-25.27000,167.70000,37.35200
1537108614.37700,0.84500,1.11500,0.50600,-5.36100,-172.36600,-6.15300
1537108614.49200,0.72600,-0.46400,-0.11000,1.35900,-157.28400,-13.55900
1537108614.49300,0.09600,0.14300,0.37200,-0.29300,-156.72800,-12.09300
1537108614.49300,0.08600,-0.00800,0.00700,-4.02100,-154.87800,-8.51300
1537108614.49300,0.10800,0.07700,-0.01000,-6.36500,-153.81300,-7.90900
1537108614.85800,0.02700,-0.00300,0.01200,-7.15800,-154.44500,-7.73700
1537108614.85900,-0.03600,-0.00300,0.06400,-7.60900,-154.73100,-7.60000
1537108614.86000,-0.00200,0.00700,0.03700,-8.13900,-154.72500,-7.34300
1537108614.86000,-0.00800,-0.05500,0.03400,-8.56900,-154.73800,-6.76300
1537108614.92900,0.00600,-0.01800,-0.00200,-8.93600,-154.84500,-6.24500
1537108614.96400,-0.05000,-0.01800,0.04700,-9.53100,-154.95000,-5.25200
1537108614.96400,0.03600,-0.01900,0.01300,-9.89700,-154.83300,-4.50300
1537108614.99100,0.02700,-0.02500,0.01100,-11.17400,-154.80400,-1.35400
1537108614.99100,0.03700,0.04800,-0.01200,-11.59600,-155.40500,-0.12200
1537108614.99100,-0.01000,0.00500,0.01400,-11.85300,-155.60300,0.73200
1537108614.99200,-0.01300,0.02600,0.02100,-12.18700,-156.29400,2.14000
1537108615.03400,-0.03600,0.07600,-0.03800,-12.54700,-156.59100,3.75500
1537108615.06800,-0.09000,0.09800,-0.05000,-12.82400,-157.01100,5.00800
1537108615.06900,-0.10700,0.07700,-0.00700,-13.34000,-157.09300,7.18900
1537108615.07000,-0.16200,0.25800,0.03900,-14.01800,-156.92400,9.84200
1537108615.07100,-0.57400,-0.01800,0.27000,-19.35300,-160.44000,28.52000
1537108615.08900,0.03500,0.60700,0.41400,-20.29700,-162.43000,32.20300
1537108615.09000,-0.22800,0.48600,0.05300,-23.16200,-162.16700,38.30900
1537108615.17400,-0.31800,-0.79300,0.24400,-26.47500,-160.32800,42.80700
1537108615.17500,0.48500,0.81400,0.04400,-8.18800,-126.44200,1.05700
1537108615.25200,1.72000,0.10200,-1.07400,-1.60200,-118.30200,-11.88800
1537108615.25200,1.86200,-0.54200,-0.99500,0.58400,-115.44800,-13.84500
1537108615.38300,0.31700,-0.34100,-0.10400,-0.95300,-112.65000,-11.70900
1537108615.38400,0.31300,0.13200,-0.39900,-1.75300,-111.25200,-10.17600
1537108615.38500,0.24900,-0.09600,-0.46300,-2.84500,-109.87500,-8.32000
1537108615.38600,0.02500,0.02100,-0.01700,-3.94400,-110.08300,-7.55800
1537108615.46200,0.06500,0.02800,0.00000,-4.60200,-109.88500,-7.35800
1537108615.46300,0.08700,-0.05600,0.10600,-5.46200,-109.36800,-7.14400
1537108615.46400,0.11300,0.00500,0.08400,-5.98800,-109.02200,-6.87500
1537108615.46400,0.08000,-0.02200,-0.07700,-6.61400,-108.49800,-6.41500
1537108615.64700,0.00500,0.04900,-0.00300,-7.14700,-108.34000,-5.82800
1537108615.64700,0.01500,0.01800,0.06100,-7.43500,-108.07700,-5.34300
1537108615.64800,0.06100,-0.04300,-0.02500,-7.83400,-107.35700,-4.52200
1537108615.83000,0.04700,-0.01000,-0.05000,-8.59900,-107.12100,-2.95600
1537108615.83100,0.02000,-0.02500,0.05800,-8.96500,-107.35900,-2.35400
1537108615.83200,0.03700,-0.01000,0.03400,-9.46900,-107.52400,-1.33800
1537108615.83200,0.04400,0.00600,-0.01400,-9.92700,-107.52500,-0.20300
1537108615.85800,0.04400,-0.00400,0.00500,-10.22000,-107.58400,0.60600
1537108615.85800,0.03500,0.01200,-0.02900,-10.66400,-106.18200,1.84200
1537108615.85800,0.02800,0.00400,-0.00800,-10.96500,-106.33800,2.66300
1537108615.85800,0.03200,0.02400,0.01700,-11.37000,-105.18700,3.83300
1537108615.96000,0.01500,0.02500,0.02400,-11.77200,-105.40200,5.07400
1537108615.96000,-0.00200,0.05500,0.03700,-12.02300,-104.30900,6.01800
1537108615.96100,-0.02900,0.12000,0.07300,-12.36000,-104.41600,7.74000
1537108616.08400,-0.02700,0.26800,0.15500,-12.58200,-103.50500,9.16100
1537108616.11800,-0.10300,0.21000,0.11400,-12.94100,-103.75500,11.71600
1537108616.11900,-0.11900,0.20500,0.25400,-13.36700,-103.16200,14.77800
1537108616.12000,-0.14000,0.23100,0.31700,-13.83200,-103.47500,17.10500
1537108616.12100,-0.17400,0.23700,0.48100,-14.89700,-103.26700,21.04400
1537108616.18900,-0.22200,0.26000,0.61300,-15.92100,-104.10500,23.93500
1537108616.22400,-0.23600,-0.03900,0.40500,-17.46300,-105.85500,28.36100
1537108616.22400,0.31700,0.25800,0.39400,-18.14300,-108.23100,31.78800
1537108616.22400,-0.10900,0.40700,0.56000,-20.71300,-111.15400,37.21300
1537108616.22500,-0.21400,-0.34000,0.32000,-22.22800,-112.96800,40.91400
1537108616.25000,-0.13700,-0.80900,0.50400,-23.70300,-113.48600,42.76100
1537108616.25000,-0.06300,-0.97700,0.41400,-27.18300,-112.37300,43.81800
1537108616.25100,-0.08500,-0.64300,-0.04500,-29.41700,-110.26400,43.00200
1537108616.25200,-0.13700,-0.59000,0.05100,-31.17700,-107.15000,40.34700
1537108616.29400,-0.29700,-0.46800,0.21100,-30.27200,-105.57300,36.28100
1537108616.32800,-0.46900,-0.30700,0.05000,-28.71100,-104.38100,33.09100
1537108616.33200,-0.54700,-0.19100,0.03000,-25.14800,-102.84300,27.85500
1537108616.33200,-0.47800,-0.07000,-0.00800,-22.24700,-102.14400,24.24600
1537108616.33200,-0.28000,0.04900,0.14400,-17.64300,-101.47300,18.62000
1537108617.08900,-0.14500,0.15800,0.23200,-14.68000,-101.03000,14.60300
1537108617.09000,-0.07100,0.28600,0.16300,-10.68600,-99.79200,8.14800
1537108617.09100,0.05800,0.57900,0.02600,-6.99700,-97.64800,1.14400
1537108617.09200,0.17900,0.67200,-0.13700,-4.39800,-95.97100,-3.59200
1537108617.11600,0.51000,0.55500,-0.48900,-0.29600,-93.25700,-10.24800
1537108617.11700,0.83000,0.06100,-1.17600,2.15000,-91.54800,-14.09300
1537108617.11700,0.88100,-0.35200,-0.98500,5.35200,-90.86900,-18.71500
1537108617.19600,1.01500,-0.21400,-0.79600,5.13800,-92.66400,-21.41300
1537108617.19600,0.62800,-0.33600,-0.64300,3.76500,-93.07800,-19.55700
1537108617.19700,-0.19500,0.09100,0.49100,2.63400,-93.01600,-18.10200
1537108617.19700,-0.00300,0.39300,-0.46000,1.28100,-92.81900,-16.24000
1537108617.21600,0.38800,-0.07600,-0.26900,-0.16400,-90.80300,-13.52800
1537108617.21600,0.19200,-0.09500,-0.16400,-0.96500,-89.90600,-12.36600
1537108617.31700,0.13500,0.08100,-0.32100,-2.40700,-87.95700,-10.56100
1537108617.55400,0.17900,-0.08100,-0.17700,-3.08700,-86.78900,-9.87000
1537108617.61600,0.06900,-0.07200,-0.18100,-4.20900,-86.42200,-9.15900
1537108617.61700,0.08500,0.06500,-0.02800,-5.12500,-86.78800,-8.90200
1537108617.61700,0.10100,0.02100,0.00700,-6.31900,-87.54800,-8.51100
1537108617.61700,0.04600,0.00500,0.03300,-7.15100,-87.98700,-8.05200
1537108617.65900,0.06600,-0.03300,-0.00600,-7.50400,-87.95100,-7.75100
1537108618.26200,0.04900,-0.00400,0.03700,-7.98700,-87.76200,-7.26600
1537108618.29800,-0.16600,0.30700,0.46900,-18.87500,-92.04400,20.55600
1537108618.29900,-0.15600,0.36700,0.98200,-20.26700,-93.07700,23.81900
1537108618.29900,-0.20300,-0.01500,0.81400,-22.13400,-96.58200,29.25300
1537108618.30000,0.16900,0.29900,0.29900,-22.68800,-101.71300,35.28400
1537108618.36800,-0.11100,0.24800,0.90200,-23.24200,-105.01700,39.46600
1537108618.55400,-0.10900,-0.32700,0.36600,-25.07200,-107.59900,44.11800
1537108618.55400,-0.14300,-0.47400,0.30900,-25.61100,-109.85400,45.89300
1537108618.58500,-0.44400,-0.77400,0.51100,-25.17700,-112.67200,47.69000
1537108618.58600,-0.17800,-1.17300,0.40000,-24.22400,-113.69600,47.41100
1537108618.74100,-0.49600,-0.39900,0.18400,-23.76700,-108.58700,36.08500
1537108618.74200,-0.53100,-0.23200,0.20000,-21.40800,-105.87700,28.95600
1537108618.74300,-0.37600,-0.08700,0.15900,-19.18200,-104.06200,23.87000
1537108618.85000,-0.31800,0.04600,0.10200,-15.28100,-101.39200,15.98100
1537108618.85000,1.03100,-0.79200,-1.06300,3.60200,-91.20900,-22.56900
1537108618.85000,0.10100,-0.49000,-0.20800,0.72100,-91.21900,-20.34100
1537108618.85100,-0.21000,0.23800,-1.36500,0.68500,-90.09500,-18.38200
1537108618.91900,0.08500,-0.11400,-0.62200,-1.33800,-88.96900,-15.80900
1537108619.03200,0.10600,-0.03000,-0.35400,-2.69100,-88.24200,-14.23300
1537108619.03300,0.09500,-0.05300,-0.07600,-4.12400,-87.25100,-12.84900
1537108619.03400,-0.31900,0.19100,0.22400,-20.84800,-93.88300,15.66000
1537108619.45300,-0.27400,0.20400,1.27500,-23.47500,-98.42000,25.02100
1537108619.45400,-0.24600,-0.06500,1.24700,-24.21700,-101.69200,28.92500
1537108619.45400,0.04900,0.29300,0.25200,-26.03300,-106.35500,35.80500
1537108619.45500,-0.47300,0.25800,0.67700,-28.23000,-108.88300,40.53300
1537108619.74000,-0.27000,-0.73500,0.09500,-30.62400,-115.92300,47.40500
1537108619.74000,-0.29900,-0.63000,0.23600,-27.95200,-114.48700,42.56900
1537108619.74100,-0.38400,-0.50400,0.21100,-25.62000,-113.32900,38.26000
1537108620.28400,-0.40600,-0.30500,0.18200,-21.72300,-111.23400,30.72000
1537108621.21200,-0.38000,-0.06300,0.21200,-17.63600,-109.79200,22.49300
1537108621.21200,-0.38200,0.06500,0.17500,-14.95700,-108.99300,16.72500
1537108621.21300,0.04400,0.87500,-0.05200,-8.79600,-106.46500,0.69400
1537108621.21400,0.74000,1.57700,-1.17700,-6.11400,-104.69800,-9.41900
1537108621.33500,1.19500,-0.60700,-1.09500,2.97000,-94.53200,-20.15300
1537108621.39700,-0.70200,2.24800,0.81000,0.45300,-94.01900,-18.60100
1537108621.39700,0.70700,0.33200,-0.31200,-1.07100,-93.76100,-15.61900
1537108621.39700,0.32100,-0.18400,-0.41700,-2.53600,-93.05900,-13.67900
1537108621.39700,-0.08100,0.04000,-0.22600,-4.50400,-92.86600,-10.60500
1537108621.43900,0.12100,-0.04400,0.00300,-7.87700,-92.38400,-7.09600
1537108621.47400,0.08400,0.00300,-0.06300,-8.32700,-92.00900,-6.32200
1537108621.47400,0.04900,0.00400,-0.00700,-9.05200,-92.19700,-5.19000
1537108621.47500,0.04900,0.01800,0.05400,-9.88400,-92.74100,-4.07000
1537108621.47600,0.05000,-0.02200,-0.03400,-10.30800,-92.81400,-3.24700
1537108621.50000,-0.12100,0.19200,0.25700,-17.65000,-98.00800,13.09400
1537108621.50100,-0.18100,0.40800,0.36600,-19.15800,-98.41500,16.82500
1537108621.50100,-0.48300,0.53400,0.71400,-20.67800,-100.43100,21.57100
1537108621.50200,-0.53800,0.45300,1.10900,-21.55900,-102.95400,25.08500
1537108621.54500,-0.11900,-0.76200,0.20000,-23.16900,-111.64000,40.33500
1537108621.57900,-0.18800,-0.61200,0.16700,-21.42100,-110.34800,36.83100
1537108621.57900,-0.13800,-0.28500,0.18100,-13.16200,-104.82400,18.50900
1537108621.58000,0.05700,-0.06600,0.05900,-9.01900,-85.13200,-7.31900
1537108621.64800,0.47100,0.49300,-0.28000,-1.72300,-78.15300,-1.27500
1537108621.76200,0.76100,0.74100,-0.64000,1.10400,-73.80500,-9.22300
1537108621.76300,0.71700,0.72900,-1.11900,3.18000,-70.06100,-13.85500
1537108621.76400,-0.30100,0.24800,-0.06900,7.87700,-60.91500,-21.06900
1537108621.76500,0.13200,-0.08100,-0.00400,6.78000,-58.64900,-18.66800
1537108621.97400,-0.59800,0.37700,-0.83000,5.84300,-55.84400,-15.60900
1537108621.97500,0.03300,0.05400,-0.21900,4.37100,-55.33900,-14.54500
1537108621.97500,-0.22700,0.32400,-0.16000,2.61900,-54.06500,-13.12000
1537108622.05200,0.11500,-0.19000,0.00000,0.35100,-52.48800,-11.81900
1537108622.05200,0.03400,0.07000,-0.13700,-1.04000,-52.76600,-11.05500
1537108622.05200,0.13100,0.00900,0.06200,-2.13100,-53.44200,-10.64800
1537108622.05300,0.17000,0.04000,0.07700,-3.46300,-53.47400,-9.56600
1537108622.34000,0.08500,-0.07500,-0.09500,-3.94900,-52.65400,-8.77700
1537108622.34100,0.03800,0.03900,-0.09400,-4.60300,-51.69700,-7.25100
1537108622.34200,0.09300,-0.01500,0.00100,-5.22800,-51.72400,-6.22300
1537108622.34200,0.07300,-0.01300,-0.03200,-6.04300,-51.67200,-4.68200
1537108622.47200,0.04600,0.01300,-0.04500,-6.65100,-51.38100,-3.00000
1537108622.47300,-0.01800,0.00800,-0.09300,-7.04400,-51.26600,-1.89700
1537108622.47400,0.02200,-0.01900,-0.06100,-7.69000,-51.25500,-0.32600
1537108622.47500,0.06200,0.01600,-0.05100,-8.10100,-51.38600,0.63900
1537108622.55000,0.02300,0.06600,-0.07000,-8.65500,-51.22700,2.04000
1537108622.55000,-0.02000,0.01700,-0.03200,-9.11600,-51.48700,3.35200
1537108622.55100,-0.01200,0.01100,-0.02900,-9.42300,-51.67800,4.26600
1537108622.55200,0.07100,0.03600,0.00800,-9.85300,-52.15600,5.69400
1537108622.59500,0.05200,0.05800,0.04200,-10.29300,-52.63500,7.35400
1537108622.62900,0.07000,0.08300,0.08000,-10.58800,-52.92300,8.63400
1537108622.62900,-0.08800,0.08700,0.09800,-10.97000,-53.15500,10.10400
1537108622.63000,0.07700,0.09500,0.09700,-11.65500,-53.25100,12.62400
1537108622.65600,0.15300,0.26900,0.31400,-12.68300,-53.56800,17.87000
1537108622.65600,0.25900,0.25900,0.50400,-13.11400,-54.53100,21.88300
1537108622.65700,0.32200,0.30000,0.87300,-13.31900,-55.75500,24.94200
1537108622.65700,0.54900,-0.02100,1.01400,-13.38600,-58.57900,29.93100
1537108622.69900,0.56300,-0.13900,0.30300,-13.14600,-61.74100,35.61100
1537108622.72600,0.33100,-0.74600,0.12100,-22.83700,-51.62900,47.29400
1537108622.75900,0.35100,-0.64700,0.09200,-21.27100,-47.39300,43.21700
1537108622.76000,0.42300,-0.54200,0.11200,-19.12200,-44.76200,39.54600
1537108622.76100,0.50300,-0.36300,0.10000,-15.00600,-41.30300,33.30100
1537108622.76200,0.34300,0.03000,-0.11300,-8.32600,-36.48900,21.38000
1537108622.80400,0.48100,0.07000,-0.13900,-5.22600,-34.14100,13.54700
1537108622.91800,0.38300,0.37600,-0.23000,-3.90100,-32.14900,8.00200
1537108622.91800,0.06700,0.63300,-0.56500,-2.07300,-29.15700,-0.60600
1537108622.91900,-0.24400,0.99700,-0.90000,-1.10700,-27.60700,-6.59600
1537108622.94300,-1.76700,-0.47900,-1.51700,2.31700,-22.80800,-20.42200
1537108622.94400,-0.95200,-0.79900,-2.01900,2.98700,-23.03700,-22.68700
1537108622.94500,-1.37200,-0.60400,-0.89100,2.31700,-22.31000,-22.91400
1537108622.94500,0.51500,1.22700,2.03200,1.39500,-20.58100,-20.95400
1537108622.98800,-1.66600,-0.37900,-0.20500,2.32000,-16.00900,-18.94600
1537108623.04000,-0.02600,0.06500,-0.41100,0.75500,-13.20600,-16.25000
1537108623.51600,0.21000,0.04900,-0.16200,-0.48700,-11.55200,-14.94000
1537108623.51700,-0.32700,-0.06200,-0.36000,-1.65100,-9.03100,-13.05100
1537108623.82700,-0.22000,-0.01400,-0.09800,-2.38500,-8.86900,-12.24100
1537108623.88900,-0.14000,0.08000,-0.09000,-3.89500,-9.73600,-10.95800
1537108623.88900,0.20600,0.03500,-0.04200,-4.91900,-10.63000,-10.29800
1537108623.89000,0.18800,0.03300,-0.06700,-5.85600,-10.59100,-9.16900
1537108623.89100,-0.04300,-0.10400,-0.13000,-6.05800,-9.16200,-8.00000
1537108623.95800,-0.13500,0.02000,-0.07500,-6.40500,-9.00500,-6.90400
1537108623.99300,0.18500,-0.05600,-0.00600,-7.28200,-10.04600,-5.35300
1537108623.99400,0.09400,0.01000,-0.03200,-7.79500,-10.28600,-4.18500
1537108623.99500,0.01200,0.00700,-0.07000,-8.34400,-9.93400,-2.38800
1537108623.99600,-0.06200,-0.00700,-0.07800,-8.93800,-9.65700,-0.52100
1537108624.02000,-0.02400,0.00000,-0.06300,-9.36800,-9.81100,0.65600
1537108624.02000,0.02300,0.04100,-0.05000,-10.04200,-9.58500,2.34800
1537108624.02100,0.00100,0.04500,-0.05000,-10.47700,-9.80400,3.41800
1537108624.02200,-0.00100,0.01900,-0.05200,-11.06600,-9.67800,4.91000
1537108624.10000,0.05700,0.04700,-0.00900,-11.45900,-10.10700,5.90300
1537108624.10000,0.09700,0.06100,0.01500,-12.06200,-10.09500,7.54900
1537108624.10100,0.07100,0.09400,0.10200,-12.78000,-10.06300,9.60300
1537108624.10200,0.20100,0.17600,0.02700,-13.35800,-10.19200,11.26100
1537108624.17000,0.31400,0.24900,-0.00400,-14.28500,-9.81100,14.23700
1537108624.20400,0.34700,0.29000,0.18700,-14.96300,-10.05300,16.65600
1537108624.20400,0.35100,-0.29300,0.16500,-22.62600,-23.06100,47.72900
1537108624.20500,0.22500,-0.53300,0.21900,-22.78700,-24.97900,49.87600
1537108624.30900,-1.86100,-0.96300,-1.90300,2.60100,-3.66000,-23.73600
1537108624.30900,-0.90200,-0.55100,-0.53100,1.85000,-3.13100,-22.84300
1537108624.31000,1.29600,1.31400,-0.01300,0.41000,-1.60000,-21.13400
1537108624.31100,-1.45700,-0.08800,0.40200,1.69700,2.96800,-18.75800
1537108624.35400,-0.31600,0.22800,-0.06100,0.11300,5.29500,-16.23000
1537108624.37800,-0.31300,-0.23900,-0.07300,-0.71800,6.44700,-15.10800
1537108624.41300,-0.21400,0.15600,-0.23100,-2.34100,7.81500,-13.75600
1537108624.41400,0.04100,-0.12700,-0.10800,-3.10500,7.90900,-13.03500
1537108624.41500,-0.10700,0.02400,0.01400,-4.19700,7.21400,-11.82700
1537108624.41600,0.09800,0.07100,-0.05500,-5.49800,6.31300,-10.80300
1537108624.45800,0.25600,-0.05100,-0.12200,-6.06300,6.21700,-9.99300
1537108624.49200,-0.13900,-0.04700,-0.10100,-6.48900,7.35200,-8.75400
1537108624.49300,-0.14200,0.02200,-0.04500,-6.80500,7.54700,-7.63600
1537108624.78000,-0.02500,0.05100,-0.04300,-8.57900,6.60300,-3.03900
1537108624.78000,-0.00900,-0.02100,-0.06500,-9.07800,6.81300,-1.20700
1537108624.78100,-0.00100,0.05100,-0.04300,-9.55700,6.67100,0.09100
1537108624.85900,0.00100,0.02100,-0.03100,-10.25100,5.82900,1.92800
1537108624.86000,0.00600,0.02900,-0.03500,-10.86900,5.43100,3.68100
1537108624.86100,0.03800,0.05100,-0.02000,-11.26400,4.98400,4.81800
1537108624.86200,0.05800,0.07800,0.01000,-11.85800,4.57600,6.61200
1537108625.37700,0.15100,0.06900,0.02000,-12.26000,4.21900,7.93100
1537108625.64600,0.17000,0.05200,0.05500,-12.99700,3.99600,10.36000
1537108625.64600,0.19200,0.15600,0.01600,-14.04000,3.97600,13.37300
1537108625.64600,0.34800,0.27100,-0.05300,-14.86200,4.13700,15.71500
1537108625.67300,0.49300,0.35400,0.07400,-16.19700,3.87300,19.90900
1537108625.67400,0.75900,0.41800,0.12600,-17.15900,3.14400,23.20300
1537108625.67500,1.28200,0.27800,0.18400,-18.60000,0.92100,28.81400
1537108625.67500,1.12000,0.33000,0.24500,-19.32700,-1.53800,32.46400
1537108625.74800,0.36800,0.09500,0.15700,-21.19700,-7.96600,45.41000
1537108626.25100,0.66000,-0.26700,0.07700,-22.74700,-8.68400,48.02400
1537108626.25100,0.00200,-0.75100,0.00800,-23.57200,-9.81500,50.23100
1537108626.25200,0.33300,-1.00300,-0.00400,-23.50000,-10.18700,51.00700
1537108626.25400,0.29300,-0.90900,-0.04200,-21.77800,-9.74900,49.60200
1537108626.32700,0.21300,-0.67300,0.03600,-19.78500,-8.50200,46.32300
1537108626.32800,0.30600,-0.59900,0.05300,-17.71000,-7.56700,42.90300
1537108626.32800,0.34100,-0.51200,0.09600,-13.87100,-6.44500,36.68500
1537108626.37300,0.43700,-0.36000,0.12300,-11.49900,-5.66600,32.04800
1537108626.43500,0.46500,0.03700,0.10800,-8.71400,-3.61500,24.48000
1537108626.43500,0.38900,0.10700,0.00500,-7.08900,-1.37300,19.28200
1537108626.43600,0.36200,0.43300,-0.15700,-4.81200,3.35100,11.28600
1537108626.43700,-0.00100,0.85300,-0.56400,-2.23800,9.57600,3.11000
1537108626.48900,-0.04300,0.02700,0.02200,-8.86900,47.57500,3.48100
1537108626.48900,0.01000,0.03300,-0.08400,-13.15100,46.69800,8.50500
1537108626.48900,0.04900,0.02100,-0.06600,-13.66000,46.35900,9.23300
1537108626.49000,0.09800,0.04700,-0.04200,-14.45100,45.83600,10.51900
1537108626.51400,0.14800,0.06100,-0.04500,-15.03500,45.50100,11.52100
1537108626.51400,0.18100,0.05400,-0.07900,-16.03300,45.04900,13.43300
1537108626.51500,0.18200,0.11300,-0.23400,-17.25800,44.76200,15.96700
1537108626.51600,0.22800,0.23000,-0.29600,-18.20500,44.45300,18.09100
1537108626.54000,0.64300,0.44500,-0.22100,-19.72400,43.05800,22.11900
1537108626.54100,1.15800,0.47100,-0.28400,-20.72500,41.32700,25.47700
1537108626.54200,-0.81900,0.99300,-0.41700,-1.55100,55.83400,0.54100
1537108626.54300,-1.40100,0.86300,0.52400,1.87100,61.46400,-7.03700
1537108626.61800,-2.34800,-0.51300,1.08200,4.38100,65.09700,-10.41500
1537108626.61800,-2.53900,-1.30600,1.54300,7.36600,70.75400,-12.55100
1537108626.61800,-0.79400,-0.01200,0.22400,6.18000,70.77800,-12.20900
1537108626.71500,0.04200,0.12200,-0.61600,4.25200,70.60200,-10.87500
1537108627.00600,-0.47300,0.85100,0.75600,2.29100,70.65300,-8.34600
1537108627.00700,-0.34500,0.02000,0.41000,0.41300,71.26200,-6.76600
1537108627.06300,-0.17000,0.16700,0.17200,-1.96800,71.63500,-4.83700
1537108627.06400,-0.03000,-0.03700,0.26700,-3.27700,72.93700,-4.32600
1537108627.06400,-0.09100,0.01000,-0.16600,-4.06200,73.43300,-4.38600
1537108627.08600,-0.02400,0.00400,-0.08700,-5.30200,73.07300,-4.57200
1537108627.08600,-0.09400,-0.02700,0.02400,-5.94700,73.00300,-4.50500
1537108627.11700,0.01700,0.01900,-0.10000,-6.89800,72.04900,-4.36100
1537108627.11800,0.05100,-0.04700,-0.07900,-7.68500,71.35900,-4.14100
1537108627.11900,0.03600,-0.08800,-0.09500,-8.09800,71.30900,-3.95400
1537108627.40600,-0.01500,-0.02400,-0.13400,-9.40600,71.31000,-2.99700
1537108627.40700,0.01500,-0.02100,-0.09700,-10.25100,71.00400,-1.94200
1537108627.40700,0.02900,0.01100,-0.05100,-11.08300,70.82500,-0.68000
1537108627.48500,-0.02500,0.01500,0.00900,-12.48700,70.75300,1.75100
1537108627.48500,0.00000,0.01800,0.00600,-12.96200,70.53300,2.78000
1537108627.48600,0.01800,0.01800,-0.08300,-13.62100,69.94100,4.33400
1537108627.48700,0.02600,0.04800,-0.02100,-14.24300,69.90400,5.95200
1537108627.51000,0.07600,0.07900,-0.06000,-14.66300,69.57000,7.10500
1537108627.51000,0.10400,0.08100,-0.07900,-15.30600,69.16900,9.05600
1537108627.51000,0.13800,0.11300,-0.07600,-15.79900,68.86400,10.57300
1537108627.74200,0.29600,0.29600,-0.29800,-18.60000,68.04300,18.93900
1537108627.74300,0.57800,0.35300,-0.70200,-19.82700,66.66700,23.36100
1537108627.77500,0.75000,0.17000,-0.96800,-20.67000,65.12700,26.83800
1537108627.77500,0.44100,-0.06800,-0.89100,-22.49600,62.17100,32.54600
1537108627.77500,0.03300,-0.06100,-0.60000,-23.89500,60.26400,36.77700
1537108627.77600,0.15600,0.57400,-0.23600,-27.09200,58.97100,43.47100
1537108627.84400,0.24700,-0.36500,-0.67200,-30.97600,58.73900,48.18300
1537108628.35100,0.04100,-0.78900,-0.20900,-32.42600,58.65800,49.85600
1537108628.35100,0.29600,-0.80400,-0.26800,-33.45800,60.52400,51.22200
1537108628.35100,0.03900,-0.95400,-0.33900,-32.53400,61.42800,50.82000
1537108628.37300,-0.00700,-0.72100,-0.29200,-30.15100,63.68000,48.35900
1537108628.37400,0.03500,0.00500,-0.27300,-13.52500,74.16900,22.04800
1537108628.74500,0.00600,0.31100,-0.26500,-11.85800,75.96100,16.97300
1537108628.74600,-0.16600,0.52900,0.17000,-9.82800,79.24400,8.80000
1537108628.74700,-0.53600,0.83300,0.12900,-8.09800,82.26500,0.47000
1537108628.76600,-0.69800,0.13700,1.88400,-4.59200,88.60400,-11.01400
1537108628.76600,-1.13300,-0.30200,1.74500,-3.20000,90.37700,-13.16500
1537108628.84500,-1.08500,-0.48000,1.82200,-2.56200,92.43900,-14.13400
1537108628.84600,0.53200,1.19400,-0.26000,-4.73500,93.19200,-12.50600
1537108628.87700,0.17200,-0.04000,-0.13400,-5.06900,94.42500,-10.71100
1537108628.87700,-0.15000,-0.79100,0.10600,-5.40900,97.28800,-8.30700
1537108628.87700,-0.12000,-0.11500,-0.30000,-9.40100,96.42200,-5.12100
1537108628.87800,-0.03700,0.01800,-0.04900,-10.72900,95.68900,-3.94100
1537108629.45400,-0.00700,0.10000,0.01300,-11.83600,95.51400,-2.65600
1537108629.45400,-0.05600,-0.00900,0.00800,-12.39600,95.52000,-1.89700
1537108629.45500,-0.01700,-0.05400,0.04400,-13.01700,95.56100,-0.99300
1537108629.45600,0.04300,-0.02400,0.05000,-13.34700,95.60200,-0.55400
1537108630.13600,0.01000,-0.00100,0.01400,-14.55000,95.73300,0.77900
1537108630.13700,0.16600,0.32800,-0.59200,-22.73400,92.91700,21.08200
1537108630.13800,0.11200,0.19700,-0.66600,-24.33600,90.46500,25.05700
1537108630.53000,0.24400,-0.04500,-0.35300,-25.15100,85.88900,29.72400
1537108630.53000,0.15700,-0.04700,-0.51100,-27.15400,79.69400,38.64600
1537108630.53100,0.02300,0.34600,-0.13100,-11.44600,83.85000,10.53900
1537108630.53200,-0.06500,0.58200,0.04400,-9.95100,87.47700,3.62500
1537108630.62900,-0.13800,0.46800,0.06000,-8.70200,89.93300,-0.74600
1537108630.62900,-0.20400,0.55700,0.57100,-6.60000,93.25500,-7.04200
1537108630.76000,-0.30900,0.20600,0.94000,-4.97500,95.08600,-10.80100
1537108630.76100,-0.36900,-0.04900,1.38900,-3.09900,96.47800,-15.53700
1537108630.92400,-0.79400,-0.53900,1.18300,-2.27000,94.71200,-18.98000
1537108630.92500,-0.28300,-0.37200,1.46300,-3.10100,92.67100,-19.99800
1537108630.92500,0.86100,0.37300,-0.01500,-4.59000,90.95500,-18.65200
1537108630.92600,-0.14900,0.53700,-0.78400,-5.29500,90.59400,-17.88100
1537108631.07500,-0.39300,0.50300,-0.11600,-6.22400,91.57500,-16.35600
1537108631.07600,0.02700,-0.02500,0.14300,-6.69900,93.45200,-15.46100
1537108631.17800,0.08400,0.12800,-0.10100,-17.58000,86.92000,6.86000
1537108631.37000,0.13300,0.09400,-0.12300,-18.31900,86.05000,9.02600
1537108631.37000,0.18200,0.08800,-0.15500,-19.21000,85.45700,11.63600
1537108631.37100,0.21500,0.15600,-0.18000,-19.98200,85.13700,13.67900
1537108631.37200,-1.15000,-0.91000,1.37500,0.96200,88.81800,-23.07300
1537108631.39500,0.86200,2.01600,-2.13400,-0.62000,90.08600,-20.68400
1537108631.39500,0.48400,-0.32800,1.57000,-1.06900,92.37000,-18.92900
1537108631.39600,-0.80800,0.06800,0.10400,-1.96500,93.95900,-16.58300
1537108631.47000,0.07000,0.06000,0.01300,-13.78300,93.73400,0.69000
1537108631.47000,0.03200,0.06400,-0.04800,-14.53200,92.89500,2.42500
1537108631.49200,0.03000,0.03600,-0.09400,-15.31200,91.45700,4.23400
1537108631.57900,0.00500,0.00800,-0.09800,-15.85800,90.92000,5.58800
1537108631.58000,0.11200,0.05100,-0.09800,-16.78200,89.60000,7.95000
1537108631.58100,0.16200,0.11500,-0.17500,-17.46300,89.01500,9.75500
1537108631.58200,0.28300,0.24100,-0.66200,-22.26900,84.56400,24.11600
1537108631.68300,0.59900,0.09200,-1.42400,-22.65100,81.60600,27.94400
1537108631.68400,0.17300,-0.33000,-0.40200,-36.26200,72.16900,52.37900
1537108631.68400,0.09300,-1.11100,-0.28000,-35.06600,72.61000,52.04100
1537108632.33300,0.07400,-0.81200,-0.20700,-33.30400,73.41800,50.40600
1537108633.04200,0.06900,-0.80600,-0.21900,-28.85600,74.65300,46.06300
1537108633.12000,0.23200,-0.23000,-0.41600,-14.38500,76.74700,25.67700
1537108633.52300,0.29500,0.15500,-0.32700,-11.75400,76.76100,19.38700
1537108633.52400,-0.47000,-0.87000,1.69600,4.27300,101.36000,-19.38500
1537108633.52500,0.08600,-0.28100,0.35700,-1.99400,101.75200,-13.60000
1537108634.38900,0.00400,0.00900,0.24900,-4.56000,103.76600,-10.19700
1537108634.39000,-0.07300,-0.07400,-0.11000,-5.43700,103.14100,-9.28800
1537108634.45800,-0.03800,-0.02100,-0.03800,-7.85900,102.71700,-5.62700
1537108634.48900,0.02600,0.01300,0.04100,-8.62000,102.61700,-3.88700
1537108634.49000,-0.06300,0.00100,-0.06900,-9.20100,102.36600,-2.74700
1537108634.56700,-0.03600,0.01800,-0.04100,-9.99600,101.94100,-0.98700
1537108634.56800,0.03200,0.02600,0.04900,-10.71800,101.74500,0.80100
1537108635.64800,-0.01500,-0.02300,0.01500,-11.19500,101.33200,1.90700
1537108635.64900,0.07200,0.13000,-0.02000,-11.88700,100.77900,3.75800
1537108635.65000,0.01300,0.04200,-0.01300,-12.25900,100.52400,4.94700
1537108635.65100,-0.01400,0.06600,-0.04900,-12.91600,100.17000,6.83400
1537108635.66900,0.00900,0.09000,-0.11800,-13.51300,99.43100,8.87900
1537108635.67000,0.09900,0.08100,-0.11400,-13.91600,99.00300,10.42400
1537108636.04300,0.91500,-0.50900,1.00100,2.06800,139.39900,-17.10100
1537108636.04400,-0.90400,0.50900,-0.56100,-22.11700,128.90400,45.69200
1537108636.04400,-0.33500,-0.34700,-0.46600,-26.57200,130.71000,49.02600
1537108636.22600,2.26600,-1.78400,2.87400,2.57000,157.83200,-24.51800
1537108636.22700,-0.76100,0.85100,-0.85600,1.33800,158.96300,-22.08800
1537108636.22800,0.60700,-0.82200,-0.13800,0.39200,160.62800,-21.17100
1537108636.22800,-0.07500,-0.42800,-0.45700,-32.60100,155.93000,51.25900
1537108636.32300,-0.25900,-1.10500,0.03500,-32.22900,157.20000,51.12200
1537108636.35700,-0.18300,-0.80500,0.01300,-29.44300,158.56600,48.56700
1537108636.35800,-0.32100,-0.81000,0.04700,-26.77000,159.48000,45.50200
1537108636.35900,-0.31400,-0.58800,-0.09400,-21.93000,161.06000,39.12700
1537108636.35900,-0.37700,-0.41700,-0.08200,-18.52700,161.83900,34.06500
1537108636.45500,-0.34400,0.11500,-0.16000,-11.56400,162.58700,19.88200
1537108636.51400,-0.20900,0.33100,-0.04000,-8.98300,163.95900,10.73400
1537108636.51500,1.20800,1.10800,0.99300,-4.83100,170.55100,-15.25800
1537108636.62000,-0.26000,-0.67900,0.09500,-24.16700,-176.38800,43.14700
1537108636.62100,-0.36300,-0.45500,0.18500,-21.41300,-174.05300,39.21500
1537108636.62200,-0.39500,-0.32900,0.20300,-16.81700,-170.93900,32.36600
1537108636.62300,-0.30000,-0.02200,0.15500,-13.91400,-169.10100,27.40600
1537108636.71600,0.60400,-0.62800,-0.95700,3.24300,-132.90600,-17.55500
1537108637.01300,0.47800,0.33800,-0.51500,2.55200,-130.79300,-15.43300
1537108637.01400,0.54300,-0.08500,0.36700,0.03400,-130.65900,-13.77200
1537108637.01600,0.17300,0.16400,-0.29100,-1.67400,-130.17000,-13.07300
1537108637.04000,-0.13000,-0.00400,0.23800,-7.31500,-127.97500,-10.15400
1537108637.04100,0.05000,-0.05900,0.02100,-7.93300,-126.66600,-8.94000
1537108637.04100,0.07200,0.05400,-0.12100,-8.86000,-125.60700,-7.43600
1537108637.04200,0.03100,0.00400,0.00400,-10.42300,-125.73000,-4.70000
1537108637.18900,0.07300,0.00700,-0.04900,-10.84500,-125.41800,-3.59200
1537108637.58400,0.05500,-0.00400,-0.04800,-11.45200,-125.24900,-2.00700
1537108638.19500,0.03400,0.01700,-0.03600,-12.12300,-125.52400,-0.49200
1537108638.19600,0.04000,0.02800,-0.02900,-12.54700,-125.74400,0.45600
1537108638.19700,-0.00300,0.03300,-0.06500,-13.51200,-125.59200,2.66100
1537108638.19700,-0.03100,0.05300,0.05300,-14.04100,-126.18600,3.99300
1537108638.30100,-0.07400,0.06600,0.04300,-14.60200,-126.26100,5.59600
1537108638.30200,-0.13300,0.09700,0.00500,-15.02600,-126.77300,6.90100
1537108638.30300,-0.18000,0.10500,-0.02400,-15.81200,-126.61700,9.27600
1537108638.30400,-0.16200,0.25700,0.23700,-16.73300,-126.89300,12.06600
1537108638.34900,-0.23300,0.31400,0.30200,-17.37000,-126.13400,14.22800
1537108638.35000,-0.38800,0.28600,0.19900,-18.27300,-126.80000,18.22700
1537108638.35000,-0.90800,0.36700,0.47500,-18.77400,-127.08800,21.30700
1537108638.37800,-0.37600,0.09900,0.46700,-26.04500,-135.00600,43.36900
1537108638.37900,-0.27400,-0.13500,0.33400,-16.71400,-122.44800,25.64100
1537108638.38000,-0.26400,0.10100,0.29900,-12.95100,-121.28200,17.32300
1537108638.38100,-0.14900,0.57900,0.14600,-9.84900,-119.27800,8.12100
1537108638.45700,0.18400,0.84200,-0.04700,-8.08200,-117.48400,1.64200
1537108638.45800,1.15100,1.20800,-0.47600,-5.86300,-113.60000,-7.63400
1537108638.45900,1.28300,0.78100,-1.30500,-4.00000,-109.93200,-13.20700
1537108638.45900,2.01300,-0.45300,-1.48100,0.45100,-103.37900,-18.15300
1537108638.98000,1.50400,-1.01600,-2.21800,3.60300,-97.06800,-19.36700
1537108638.98000,0.14300,0.07800,-0.18700,-0.98800,-95.77000,-15.64900
1537108638.98100,0.00100,0.02700,0.00300,-13.50800,-95.85100,6.19800
1537108639.16600,-0.10600,-0.26600,0.45300,-15.94500,-98.94300,26.14000
1537108639.16700,-0.10500,-0.01800,0.26400,-13.80300,-98.02600,20.47700
1537108639.16700,-0.04500,0.16700,0.20500,-11.12900,-96.27700,11.48500
1537108639.16800,0.06200,0.64400,-0.05900,-9.12600,-94.18500,1.79100
1537108639.53300,0.18800,0.77900,-0.42700,-7.96800,-93.09900,-4.86000
1537108639.53500,-0.39600,0.37400,-2.67700,-5.89400,-90.46500,-20.23100
1537108639.53500,1.21600,-0.93100,-2.11100,-3.05400,-88.79100,-25.16200
1537108639.84100,0.81500,-0.86200,-1.80800,-2.79200,-87.73900,-26.09000
1537108640.03300,-0.51500,0.76800,0.70400,-3.54000,-85.63600,-24.19900
1537108640.03400,0.02700,-0.31400,-0.25500,-3.13100,-80.66600,-22.43800
1537108640.03500,-0.02800,0.20700,-0.99000,-2.71000,-77.04100,-20.36400
1537108640.03500,0.01700,0.12700,-0.24500,-4.31800,-74.13600,-17.97200
1537108640.13700,0.02800,-0.19000,-0.51100,-4.99500,-72.67800,-16.64700
1537108640.13800,0.13800,0.10500,-0.08600,-6.85300,-72.21900,-15.25800
1537108640.13900,0.04800,-0.07100,-0.04900,-8.03900,-72.01100,-13.85400
1537108640.14000,0.06100,-0.03400,-0.01200,-8.81400,-71.84200,-12.94900
1537108640.24300,0.01500,0.08300,-0.08000,-9.79000,-71.36400,-11.41700
1537108640.24400,0.09000,0.04900,-0.04800,-10.25400,-70.94500,-10.45400
1537108640.24400,-0.09200,0.08500,0.09200,-18.17900,-77.22900,6.81700
1537108640.24500,-0.03500,0.11100,0.13200,-19.38500,-77.69200,9.63200
1537108640.31300,-0.05100,0.25700,0.60400,-23.03700,-81.42500,20.04600
1537108641.00300,-0.24800,0.06400,0.23300,-25.93600,-92.71900,33.81800
1537108641.00300,-0.06200,0.32600,0.95900,-27.84700,-97.78800,40.82300
1537108641.00300,-0.21100,-0.08400,0.59400,-29.94000,-101.90700,45.69000
1537108641.08200,-0.20700,-0.52100,0.43900,-29.94300,-105.12600,47.50100
1537108641.08300,1.11600,0.16600,-1.82700,-7.48500,-105.72000,-17.35500
1537108641.08400,1.84700,-0.33400,-1.56400,-4.64900,-104.50800,-23.24100
1537108641.08400,1.71400,-1.35800,-1.94900,-2.97400,-103.03000,-24.84500
1537108641.18100,-1.93600,1.87200,1.73400,-3.79600,-100.85100,-23.28500
1537108641.18200,0.01900,0.03400,-0.09500,-13.42100,-96.30100,-4.27800
1537108641.37100,-0.04700,0.03700,-0.06800,-15.06600,-97.92700,-0.31500
1537108641.37200,-0.02500,0.03000,-0.01000,-15.74500,-99.00300,1.24100
1537108641.37300,0.00500,0.02100,0.04400,-16.45200,-99.48900,2.92700
1537108641.37300,-0.03700,0.06400,0.06100,-16.93400,-100.15700,4.20600
1537108642.15000,-0.12800,0.10700,0.09800,-17.79300,-100.87200,6.57100
1537108642.17600,-0.22400,0.08600,0.06600,-18.47700,-101.40100,8.43000
1537108642.34300,-0.19000,0.15200,0.11900,-19.72600,-101.61300,11.57500
1537108642.34300,-0.18600,0.36800,0.44400,-21.07800,-102.03300,15.31700
1537108642.34400,-0.32100,0.38200,0.40800,-21.93700,-103.00900,18.40000
1537108642.34500,-0.68600,0.29200,1.19100,-22.87000,-106.60000,23.86700
1537108642.36300,-0.47600,-0.27900,0.88100,-23.59600,-110.12700,28.11700
1537108642.36400,-0.13900,0.23000,0.20200,-25.54400,-114.24400,35.15600
1537108642.44800,-0.42700,-0.64700,0.22500,-32.48800,-118.94200,49.18800
1537108642.44800,0.03700,0.04100,0.10300,-6.86800,-83.07600,-11.58800
1537108642.44900,0.09200,0.11000,-0.02100,-7.58800,-82.39900,-10.49200
1537108642.45000,-0.04100,0.04500,-0.12100,-8.41500,-81.68500,-8.21600
1537108642.47400,0.06200,0.00800,0.08100,-9.04700,-82.11600,-7.32900
1537108642.47500,0.04600,0.02000,-0.03300,-9.80600,-82.38800,-5.71600
1537108642.47600,0.02200,-0.00100,-0.06400,-10.44100,-82.50400,-4.15100
1537108642.47600,0.01300,0.01500,-0.07300,-10.85700,-82.65900,-3.09500
1537108642.62400,0.02200,0.04000,-0.04100,-11.51100,-83.11500,-1.57300
1537108642.73700,-0.00600,0.04800,-0.04700,-11.93400,-83.47100,-0.56100
1537108642.73700,-0.05400,0.08000,0.09200,-14.68000,-86.36700,6.97300
1537108642.73800,-0.09900,0.10800,0.10800,-15.24500,-86.51700,8.66700
1537108642.73800,-0.08900,0.13000,0.17000,-15.89500,-86.55600,10.59600
1537108643.12900,-0.02200,0.28100,0.35100,-17.03500,-86.56600,13.93700
1537108643.13000,0.08200,-0.01900,-0.02900,-1.82300,-57.70600,-11.49200
1537108643.13100,0.15500,-0.01500,-0.00800,-3.27500,-57.56700,-10.74600
1537108643.13200,0.02500,-0.00900,-0.03300,-6.31700,-55.33700,-5.47900
1537108643.15600,0.04600,-0.00300,-0.02600,-6.73600,-55.29700,-4.44200
1537108643.15700,-0.01300,-0.02000,-0.09100,-7.31400,-55.17500,-2.89500
1537108643.15800,-0.00400,-0.02800,-0.08300,-7.66100,-55.06600,-1.89700
1537108643.23400,-0.00700,0.01300,-0.05700,-8.63700,-55.34400,1.03100
1537108643.23400,-0.00100,0.02000,-0.04800,-8.90500,-55.52000,1.99100
1537108643.23400,0.00300,0.04300,0.00100,-9.28800,-55.87000,3.44500
1537108643.54200,-0.01400,0.08600,-0.00300,-9.53000,-56.08400,4.45400
1537108643.56800,-0.01400,0.11600,0.05700,-9.86300,-56.35200,6.11100
1537108644.12700,-0.02100,0.06400,0.09700,-10.04600,-56.43400,7.30600
1537108644.12800,-0.00800,0.08000,0.07800,-10.50800,-56.30500,9.46400
1537108644.12900,0.18800,0.09800,0.11200,-11.11000,-56.04400,11.99000
1537108644.12900,0.23400,0.19300,0.16000,-11.43600,-55.62600,13.90200
1537108644.19900,0.29200,0.25300,0.48300,-12.14200,-56.04200,19.82300
1537108644.28500,0.27900,0.23700,0.72000,-12.56400,-57.06900,24.07200
1537108644.28600,0.41800,0.01700,0.83500,-12.89900,-58.74100,28.87200
1537108644.28600,0.30300,-0.03200,0.42100,-12.65200,-60.48600,32.31200
1537108644.28700,0.64000,0.24500,0.61900,-12.99300,-62.71600,38.47400
1537108644.31100,0.47600,0.12200,0.01000,-6.08200,-40.80600,15.55800
1537108644.31200,0.24200,0.53400,-0.42600,-4.66900,-37.70300,7.26400
1537108644.31300,0.25700,0.68900,-0.38300,-3.93000,-35.31900,1.49500
1537108644.31400,-0.20800,0.76100,-0.79500,-2.37800,-31.79700,-7.28700
1537108644.39100,-0.73300,1.06600,-1.20600,-1.52200,-29.16600,-12.68000
1537108644.39100,-1.22300,-0.10500,-1.61100,0.97300,-25.40500,-18.79000
1537108644.39200,-1.21200,-1.13700,-1.76800,2.07100,-24.91200,-22.70600
1537108644.39200,-0.83000,-0.85500,-1.49100,1.28500,-25.40700,-23.37500
1537108644.41600,0.83600,1.52200,1.30000,0.21700,-21.97300,-20.79600
1537108644.41700,-1.53800,-0.06200,-0.12500,1.06300,-19.02900,-19.66200
1537108644.41800,-0.19800,0.16100,-0.29600,0.33900,-16.32300,-16.94200
1537108644.41900,-0.11400,-0.08400,-0.14900,-7.09500,-12.69000,-8.70400
1537108644.49400,-0.10900,0.12400,-0.07000,-7.51700,-12.16700,-7.15300
1537108644.49500,0.25200,-0.18900,0.27200,-19.79700,-26.06300,46.19800
1537108644.49600,0.26900,-0.53400,0.32100,-20.96700,-26.63100,48.31800
1537108644.49700,0.68300,-0.95500,0.07200,-21.40600,-26.57200,48.84500
1537108644.52100,0.31800,-0.94500,-0.07200,-20.97800,-25.55700,47.13600
1537108644.52200,0.27000,-0.38400,0.35700,-13.92600,-23.87900,32.49200
1537108644.56500,0.12900,0.21200,0.19800,-8.71500,-22.74100,14.22300
1537108644.96300,0.08000,0.50100,-0.03200,-7.59300,-20.20800,5.85900
1537108644.96400,-0.14700,0.65000,-0.27400,-6.76500,-18.26600,0.01100
1537108645.03800,-0.60900,0.93000,-0.47000,-5.17100,-15.12100,-8.93400
1537108645.07300,-1.46900,0.39700,-0.86200,-2.98600,-10.84300,-16.73100
1537108645.07300,-2.29900,-0.33700,-1.10800,-0.79200,-7.48900,-20.34100
1537108645.07400,-1.77000,-1.25400,-1.28900,1.21900,-5.48200,-23.32900
1537108645.07500,-0.26600,0.42100,0.23200,0.61300,-4.72500,-23.21700
1537108645.54300,-0.03800,-0.09900,0.02300,-0.43200,-1.01700,-20.59900
1537108645.54400,-1.13500,0.30000,0.40100,0.05900,2.17300,-18.59100
1537108645.54500,0.20100,0.07400,-0.58700,-1.10700,2.59200,-17.23700
1537108645.64500,-0.62000,0.06700,0.16000,-3.01500,4.38900,-15.65400
1537108645.64600,-0.34500,-0.03600,-0.17000,-3.61300,5.82500,-14.56600
1537108645.66700,-0.15300,-0.09500,-0.02200,-4.77900,6.28900,-13.54400
1537108645.82600,-0.03300,0.12000,-0.07000,-5.61500,6.06500,-12.74300
1537108646.06200,0.11100,0.02700,-0.11000,-7.16200,5.36000,-11.54900
1537108646.74400,-0.04400,-0.02700,-0.08400,-7.93300,5.43800,-10.30400
