"","x","y","no","mark"
"1",183,283,10001,"left"
"2",151.45735,285.804,10001,"left"
"3",127.5223,294.1493,10001,"left"
"4",106.725,301.47812,10001,"left"
"5",92,307,10001,"left"
"6",266,201,10002,"left"
"7",247,201,10002,"left"
"8",224.25189,198.48254,10002,"left"
"9",201.40823,198,10002,"left"
"10",158.85121,207.22975,10002,"left"
"11",92.17796,236.06659,10002,"left"
"12",76,246,10002,"left"
"13",228,242,10003,"right"
"14",249,242,10003,"right"
"15",276.7527,248.2509,10003,"right"
"16",300.21634,254.65768,10003,"right"
"17",211,195,10004,"left"
"18",194,195,10004,"left"
"19",165.17747,193.157,10004,"left"
"20",139.28827,193,10004,"left"
"21",116.49837,199.50055,10004,"left"
"22",97,207.5,10004,"left"
"23",297,217,10005,"left"
"24",251.94815,219.5162,10005,"left"
"25",221.578,224.03836,10005,"left"
"26",185.22412,235.70142,10005,"left"
"27",178,238,10005,"left"
"28",196,201,10006,"right"
"29",222,201,10006,"right"
"30",253.92928,207.74117,10006,"right"
"31",294.06982,212.92215,10006,"right"
"32",170,156,10007,"right"
"33",192,156,10007,"right"
"34",221.17416,158.3189,10007,"right"
"35",264.16006,167.88309,10007,"right"
"36",317.2835,183.00494,10007,"right"
"37",326,187,10007,"right"
"38",248,210,10008,"left"
"39",211.07689,206,10008,"left"
"40",182.26546,205,10008,"left"
"41",157.24405,207.23413,10008,"left"
"42",130.5,208.5,10008,"left"
"43",232,235,10009,"left"
"44",212,235,10009,"left"
"45",191.31735,238.72113,10009,"left"
"46",169.20982,248.19579,10009,"left"
"47",145.32959,266.2116,10009,"left"
"48",141,270,10009,"left"
"49",252,189,10010,"left"
"50",218.29312,185,10010,"left"
"51",189.12674,198.50565,10010,"left"
"52",161.1712,212.02701,10010,"left"
"53",115.97952,254.38287,10010,"left"
"54",110,260,10010,"left"
"55",178,160,10011,"right"
"56",208.17606,160,10011,"right"
"57",248.893,165.8155,10011,"right"
"58",321.30997,185.51147,10011,"right"
"59",335,190,10011,"right"
"60",205,159,10012,"right"
"61",220,154,10012,"right"
"62",250.5406,161.14745,10012,"right"
"63",280.71912,169.56445,10012,"right"
"64",310.9804,177.73402,10012,"right"
"65",312,178,10012,"right"
"66",269,180,10013,"left"
"67",237.30716,169.96494,10013,"left"
"68",219.45273,167.95439,10013,"left"
"69",202.14632,165.3496,10013,"left"
"70",194.5,164.5,10013,"left"
"71",292,172,10014,"left"
"72",262.3386,174.42233,10014,"left"
"73",238.32222,180.91945,10014,"left"
"74",221.42883,184.75316,10014,"left"
"75",207.05069,191.94931,10014,"left"
"76",198.5,200.5,10014,"left"
"77",184,153,10015,"right"
"78",209.11555,153,10015,"right"
"79",237.52621,156.07893,10015,"right"
"80",276.23654,164.0473,10015,"right"
"81",281,165,10015,"right"
"82",194,164,10016,"right"
"83",223.89091,165.97818,10016,"right"
"84",248.88576,171.26123,10016,"right"
"85",278.135,172.77264,10016,"right"
"86",304.02185,173,10016,"right"
"87",249,190,10017,"left"
"88",212.80515,191.59926,10017,"left"
"89",188.68292,194.66463,10017,"left"
"90",167.78374,195,10017,"left"
"91",152.03188,195,10017,"left"
"92",300,197,10018,"left"
"93",264.54477,197,10018,"left"
"94",245.62921,202.3427,10018,"left"
"95",222.88953,208.46013,10018,"left"
"96",204.5,215,10018,"left"
"97",190.5,220.5,10018,"left"
"98",202,183,10019,"right"
"99",234.03418,173.43346,10019,"right"
"100",260.74344,174,10019,"right"
"101",289.1656,177,10019,"right"
"102",296,177,10019,"right"
"103",204,192,10020,"right"
"104",244.01262,194.54774,10020,"right"
"105",274.1637,201.33264,10020,"right"
"106",277,202,10020,"right"
"107",237,188,10021,"left"
"108",219,188,10021,"left"
"109",199.6132,194.29028,10021,"left"
"110",180.48085,197.23372,10021,"left"
"111",159.56985,199.94542,10021,"left"
"112",148.5,202.5,10021,"left"
"113",253,208,20001,"left"
"114",234,201,20001,"left"
"115",208.85107,191.54443,20001,"left"
"116",177.54988,186.09998,20001,"left"
"117",139.81769,182.80989,20001,"left"
"118",109.64429,182,20001,"left"
"119",86.10972,181.00731,20001,"left"
"120",86,181,20001,"left"
"121",295,149,20002,"left"
"122",269.74493,141.94899,20002,"left"
"123",241.05977,138.73,20002,"left"
"124",206.60011,136.32729,20002,"left"
"125",170.6755,136,20002,"left"
"126",139.50427,136.83313,20002,"left"
"127",117.26163,138,20002,"left"
"128",115,138,20002,"left"
"129",314,132,20003,"left"
"130",286,127,20003,"left"
"131",252.88846,123.42993,20003,"left"
"132",212.38708,121.82258,20003,"left"
"133",165.46732,122.595795,20003,"left"
"134",118.25989,124.19824,20003,"left"
"135",106.699394,128.22322,20003,"left"
"136",108,127,20003,"left"
"137",128,170,20004,"right"
"138",166.9729,159.56157,20004,"right"
"139",200.25372,153.62437,20004,"right"
"140",253.14485,149.6733,20004,"right"
"141",332.87158,156.18716,20004,"right"
"142",333,158,20004,"right"
"143",121,129,20005,"right"
"144",147.43536,129,20005,"right"
"145",181.62415,133.8332,20005,"right"
"146",243.39822,144.27168,20005,"right"
"147",315.90402,160.1213,20005,"right"
"148",312,163,20006,"left"
"149",295,158,20006,"left"
"150",256.58783,149.06108,20006,"left"
"151",210.7003,136.71043,20006,"left"
"152",143.598,123.8397,20006,"left"
"153",108,120,20006,"left"
"154",84.018974,119,20006,"left"
"155",83,119,20006,"left"
"156",316,151,20007,"left"
"157",288.86426,146.95824,20007,"left"
"158",254.40822,147,20007,"left"
"159",212.35841,150.51573,20007,"left"
"160",159.69681,151.7391,20007,"left"
"161",107.631874,153.25359,20007,"left"
"162",104,151,20007,"left"
"163",139,146,20008,"right"
"164",183.03491,142.07936,20008,"right"
"165",223.97746,137.58138,20008,"right"
"166",297.03607,137.9489,20008,"right"
"167",338.3877,148.33514,20008,"right"
"168",139,147,20009,"right"
"169",163.71481,143.92279,20009,"right"
"170",189.71585,138.12842,20009,"right"
"171",231.44133,135,20009,"right"
"172",268.99057,135,20009,"right"
"173",341,148.5,20009,"right"
"174",300,160,20010,"left"
"175",281,160,20010,"left"
"176",248.81844,160,20010,"left"
"177",208.85402,160,20010,"left"
"178",172.0621,159,20010,"left"
"179",132,159,20010,"left"
"180",127,158,20010,"left"
"181",255,132,20011,"left"
"182",228.66698,132,20011,"left"
"183",196.72003,129.1888,20011,"left"
"184",150,124.5,20011,"left"
"185",295,202,30001,"left"
"186",276,198,30001,"left"
"187",245.64163,203.02281,30001,"left"
"188",214.72922,210.91336,30001,"left"
"189",185.71512,222.6997,30001,"left"
"190",182,224,30001,"left"
"191",281,178,30002,"left"
"192",251.16466,178,30002,"left"
"193",218.27689,179.33847,30002,"left"
"194",180.18686,183.7018,30002,"left"
"195",147.41098,189.09818,30002,"left"
"196",153,166,30003,"right"
"197",168,166,30003,"right"
"198",208.65564,164.33418,30003,"right"
"199",259.5,167,30003,"right"
"200",304,170.5,30003,"right"
"201",199,167,30004,"right"
"202",265.51602,175.15926,30004,"right"
"203",311,193,30004,"right"
"204",323,173,30005,"left"
"205",301.34274,170.44759,30005,"left"
"206",269.3507,168,30005,"left"
"207",225.5476,172.1165,30005,"left"
"208",165.17003,188.84297,30005,"left"
"209",134.44849,206.17374,30005,"left"
"210",286,193,30006,"left"
"211",266,186,30006,"left"
"212",236.98549,182.19783,30006,"left"
"213",201.39113,183.40077,30006,"left"
"214",147.79688,196.03479,30006,"left"
"215",83.09709,217.28813,30006,"left"
"216",42.5,245,30006,"left"
"217",300,168,30007,"left"
"218",263.57285,172.77968,30007,"left"
"219",239.48228,185.90678,30007,"left"
"220",215.22418,205.37927,30007,"left"
"221",177.71384,237.626,30007,"left"
"222",160.15999,251.6,30007,"left"
"223",144.95932,261.83255,30007,"left"
"224",129.59044,271.84573,30007,"left"
"225",120.5,284.5,30007,"left"
"226",268,156,40001,"left"
"227",244.17891,158.84404,40001,"left"
"228",219.17346,164.09247,40001,"left"
"229",180.512,169.60977,40001,"left"
"230",107.787155,180.49324,40001,"left"
"231",61.878254,191.79451,40001,"left"
"232",33.70032,207.1735,40001,"left"
"233",312,151,40002,"left"
"234",272.0271,161.38916,40002,"left"
"235",209.58508,183.1742,40002,"left"
"236",118,219,40002,"left"
"237",72.78887,250.04344,40002,"left"
"238",322,162,40003,"left"
"239",280.86176,162,40003,"left"
"240",201.94443,183.01341,40003,"left"
"241",106.32613,220.39722,40003,"left"
"242",51.096752,252.81453,40003,"left"
"243",114,222,40004,"right"
"244",129,215,40004,"right"
"245",165.22908,209.84636,40004,"right"
"246",203.78397,206.35133,40004,"right"
"247",152,204,40005,"right"
"248",180.13086,204,40005,"right"
"249",205.4224,199.90613,40005,"right"
"250",243.04207,198.40585,40005,"right"
"251",287.07654,196.67694,40005,"right"
"252",330.69077,193.75847,40005,"right"
"253",336,193,40005,"right"
"254",96,216,40006,"right"
"255",142.89032,207.35161,40006,"right"
"256",182.8883,202.62709,40006,"right"
"257",255,192,40006,"right"
"258",297.81247,189.80707,40006,"right"
"259",331.34988,184.89752,40006,"right"
"260",339,186,40006,"right"
"261",84,240,40007,"right"
"262",112.12542,233.96864,40007,"right"
"263",127.65807,232.02849,40007,"right"
"264",149.2687,229.09184,40007,"right"
"265",169.50212,226.96652,40007,"right"
"266",194.59258,222.15874,40007,"right"
"267",219.62642,217.53651,40007,"right"
"268",243.77655,213.30586,40007,"right"
"269",273.49454,208.13245,40007,"right"
"270",294.62653,199.5494,40007,"right"
"271",315.423,191.2308,40007,"right"
"272",331.66776,186.06012,40007,"right"
"273",342.64554,177.79538,40007,"right"
"274",227,217,40008,"left"
"275",193.8761,217,40008,"left"
"276",143.27292,219.9886,40008,"left"
"277",72.23115,235.0794,40008,"left"
"278",40,249,40008,"left"
"279",31.5,252.5,40008,"left"
"280",315,200,40009,"left"
"281",294,190,40009,"left"
"282",265.284,190.65431,40009,"left"
"283",227.79791,198.32901,40009,"left"
"284",174.04231,213.41975,40009,"left"
"285",161,217,40009,"left"
"286",89,228,40010,"right"
"287",136.17279,219.88953,40010,"right"
"288",177.98112,214.85916,40010,"right"
"289",249,208,40010,"right"
"290",285.07578,204,40010,"right"
"291",316.24432,204,40010,"right"
"292",231,207,40011,"left"
"293",168.45355,219.5847,40011,"left"
"294",91.19382,254.16902,40011,"left"
"295",58.5015,285.37262,40011,"left"
"296",94,252,40012,"right"
"297",122.30835,252,40012,"right"
"298",156.57648,253.14902,40012,"right"
"299",215.72342,250.47798,40012,"right"
"300",322.44153,244.15506,40012,"right"
"301",341.5,244.5,40012,"right"
"302",69,241,40013,"right"
"303",97.748505,234.98885,40013,"right"
"304",137.21957,229.04314,40013,"right"
"305",211.42728,216.3958,40013,"right"
"306",270.067,207.27078,40013,"right"
"307",332.91455,196.23225,40013,"right"
"308",345.65347,187.93318,40013,"right"
"309",113,227,40014,"right"
"310",142.124,223.74142,40014,"right"
"311",175.48187,217.25302,40014,"right"
"312",217.42165,211.12271,40014,"right"
"313",296.00443,201.30559,40014,"right"
"314",327.4747,200,40014,"right"
"315",329,200,40014,"right"
"316",89,228,40015,"right"
"317",109.43465,223.01189,40015,"right"
"318",129.18933,219.16214,40015,"right"
"319",161.78192,213.60315,40015,"right"
"320",200.66176,206.88591,40015,"right"
"321",263.47006,196.60794,40015,"right"
"322",302.56906,186.98027,40015,"right"
"323",329.60602,181.7192,40015,"right"
"324",335,181,40015,"right"
"325",254,241,40016,"left"
"326",220.26465,243.09192,40016,"left"
"327",170.71362,251.87637,40016,"left"
"328",93.62988,275.70053,40016,"left"
"329",71.46361,289.57547,40016,"left"
"330",63,295.5,40016,"left"
"331",318,184,40017,"left"
"332",283.7086,188.90067,40017,"left"
"333",247.2925,202.2264,40017,"left"
"334",175.98042,233.49977,40017,"left"
"335",120.566696,261.71664,40017,"left"
"336",92,277.5,40017,"left"
"337",285,130,50001,"left"
"338",264,130,50001,"left"
"339",230.49101,136.00163,50001,"left"
"340",187.76361,143.89563,50001,"left"
"341",109.03276,162.38832,50001,"left"
"342",58.5,170,50001,"left"
"343",45.03552,171.84341,50001,"left"
"344",43,172,50001,"left"
"345",302,160,50002,"left"
"346",272.40552,161.05945,50002,"left"
"347",237.1139,168.47153,50002,"left"
"348",180.69432,181.2804,50002,"left"
"349",122.89618,195.52596,50002,"left"
"350",106,197.5,50002,"left"
"351",191,183,50003,"right"
"352",210.1138,164.11034,50003,"right"
"353",241.97023,157.50212,50003,"right"
"354",286.6791,156.84569,50003,"right"
"355",291,157,50003,"right"
"356",292,165,50004,"left"
"357",253.88112,165,50004,"left"
"358",219.25835,168.21771,50004,"left"
"359",170.0524,172.65793,50004,"left"
"360",119.30482,175.70384,50004,"left"
"361",89.365326,177.51357,50004,"left"
"362",85,177,50004,"left"
"363",285,155,50005,"left"
"364",252.23332,156.22084,50005,"left"
"365",224.41974,159.2716,50005,"left"
"366",189.1318,165.30022,50005,"left"
"367",157.00623,172.4271,50005,"left"
"368",117.25044,178.34369,50005,"left"
"369",77.5,173,50005,"left"
"370",280,296,50006,"error"
"371",262.156,280.156,50006,"error"
"372",260.90002,273.50012,50006,"error"
"373",261,265.39484,50006,"error"
"374",299,155,50007,"left"
"375",255.9256,158.7038,50007,"left"
"376",223.46608,164.6378,50007,"left"
"377",186.39917,173.4002,50007,"left"
"378",133,183,50007,"left"
"379",106.976494,185.07512,50007,"left"
"380",106,185,50007,"left"
"381",189,174,50008,"right"
"382",219.61717,174,50008,"right"
"383",254.50697,174,50008,"right"
"384",304.5,175.5,50008,"right"
"385",190,157,50009,"right"
"386",252.82637,150.25282,50009,"right"
"387",306.80573,156.65468,50009,"right"
"388",310,157,50009,"right"
"389",267,160,50010,"left"
"390",222.39075,160,50010,"left"
"391",175.78748,157,50010,"left"
"392",128.42317,158.51802,50010,"left"
"393",80.468445,161.87044,50010,"left"
"394",79,162,50010,"left"
"395",274,148,50011,"left"
"396",242.99261,148,50011,"left"
"397",197.5,143.5,50011,"left"
"398",123.86235,159.35628,50011,"left"
"399",87.2079,168.3101,50011,"left"
"400",65.75534,169.71942,50011,"left"
"401",293,180,50012,"left"
"402",253.16336,180,50012,"left"
"403",215.53194,181.28122,50012,"left"
"404",180.28694,183.70119,50012,"left"
"405",146.87502,182.63068,50012,"left"
"406",293,174,50013,"left"
"407",274,174,50013,"left"
"408",244.04965,179.75887,50013,"left"
"409",212.56953,184.41457,50013,"left"
"410",184.27608,192.40623,50013,"left"
"411",119,208,50013,"left"
"412",90.979675,215.75508,50013,"left"
"413",90,216,50013,"left"
"414",287,152,50014,"left"
"415",245.32556,156.77356,50014,"left"
"416",206.91397,157.78096,50014,"left"
"417",166.31346,159.28468,50014,"left"
"418",115.99996,162.88,50014,"left"
"419",78.5315,164.3507,50014,"left"
"420",300,161,50015,"left"
"421",241.2315,163.73071,50015,"left"
"422",197.06506,167.92654,50015,"left"
"423",123.23471,180.56752,50015,"left"
"424",71.77058,177.14076,50015,"left"
"425",240,142,50016,"left"
"426",176.98473,149.44366,50016,"left"
"427",134.65273,156.83682,50016,"left"
"428",76.1333,166.73514,50016,"left"
"429",54,168.5,50016,"left"
"430",249,151,50017,"left"
"431",221,151,50017,"left"
"432",175.39565,147.13582,50017,"left"
"433",138.4649,147.4366,50017,"left"
"434",116,150.5,50017,"left"
"435",287,173,50018,"left"
"436",133,178,50018,"left"
"437",253,171,50019,"left"
"438",114,171,50019,"left"
"439",192,202,50020,"left"
"440",36,193,50020,"left"
"441",283,239,60001,"left"
"442",230.60825,241.03264,60001,"left"
"443",191.00081,246.34471,60001,"left"
"444",115.477,257.58838,60001,"left"
"445",75.01766,266.9092,60001,"left"
"446",58.5,270.5,60001,"left"
"447",306,226,60002,"left"
"448",277.4034,224.64034,60002,"left"
"449",239.46448,229.04568,60002,"left"
"450",149.46277,250.6766,60002,"left"
"451",88.228325,277.03107,60002,"left"
"452",48.5,296.5,60002,"left"
"453",286,207,60003,"left"
"454",248.26797,209.56209,60003,"left"
"455",209.69003,219.98073,60003,"left"
"456",122.622086,248.12598,60003,"left"
"457",79.51019,265.8555,60003,"left"
"458",308,249,60004,"left"
"459",257.35434,249,60004,"left"
"460",220.06526,250.99432,60004,"left"
"461",170.5466,257.35403,60004,"left"
"462",119.434944,268.12402,60004,"left"
"463",111,274,60004,"left"
"464",155,231,60005,"right"
"465",192.24895,238.82855,60005,"right"
"466",245.29059,252.14404,60005,"right"
"467",341,267,60005,"right"
"468",134,219,60006,"right"
"469",166.0503,215,60006,"right"
"470",210.57153,215,60006,"right"
"471",329.71173,227.23839,60006,"right"
"472",267,222,60007,"left"
"473",233.80444,230.08691,60007,"left"
"474",169.38622,251.03203,60007,"left"
"475",103.86313,284.8821,60007,"left"
"476",271,220,60008,"left"
"477",221.85788,229.14268,60008,"left"
"478",144.99794,253.33401,60008,"left"
"479",75.5,286.5,60008,"left"
"480",287,219,60009,"left"
"481",252.04434,221.63402,60009,"left"
"482",224.17882,229.94635,60009,"left"
"483",179.30554,242.67563,60009,"left"
"484",126.576294,257.66653,60009,"left"
"485",317,214,60010,"left"
"486",270.6747,218.70006,60010,"left"
"487",234.28198,228.36122,60010,"left"
"488",152.67209,250.54398,60010,"left"
"489",115.22252,266.93094,60010,"left"
"490",115,267,60010,"left"
"491",330,185,60011,"left"
"492",277.15817,191.28061,60011,"left"
"493",236.78922,205.81882,60011,"left"
"494",140.68436,247.23463,60011,"left"
"495",93.79997,264.98184,60011,"left"
"496",273,268,70001,"left"
"497",256,261,70001,"left"
"498",243.34926,258.7443,70001,"left"
"499",223.2002,258,70001,"left"
"500",183.92725,260.20728,70001,"left"
"501",135.32248,263.7627,70001,"left"
"502",69.02267,267.1283,70001,"left"
"503",56.5,265.5,70001,"left"
"504",273,246,70002,"left"
"505",243.2182,246,70002,"left"
"506",202.82599,245.20807,70002,"left"
"507",163.4944,245.3656,70002,"left"
"508",119.59011,244.28688,70002,"left"
"509",78.67302,246.90616,70002,"left"
"510",303,255,70003,"left"
"511",284,248,70003,"left"
"512",252.6673,246,70003,"left"
"513",218.70847,248.08331,70003,"left"
"514",185.90367,251.00803,70003,"left"
"515",161.87688,253.24396,70003,"left"
"516",135.5,254.5,70003,"left"
"517",204,242,70004,"right"
"518",242.93657,232.01268,70004,"right"
"519",273.645,227.25325,70004,"right"
"520",304.02722,222.85326,70004,"right"
"521",148,223,70005,"error"
"522",171,219,70005,"error"
"523",195,217.5,70005,"error"
"524",297,224,70006,"left"
"525",277.81378,226.30498,70006,"left"
"526",258.8441,229.08257,70006,"left"
"527",235.39516,230,70006,"left"
"528",215.83377,231.24356,70006,"left"
"529",201.37956,228.12653,70006,"left"
"530",198,227,70006,"left"
"531",299,221,70007,"left"
"532",269.4389,225,70007,"left"
"533",244.38751,227.06805,70007,"left"
"534",217.9895,227,70007,"left"
"535",192.04883,227,70007,"left"
"536",164,221,70007,"left"
"537",298,242,70008,"left"
"538",278,238,70008,"left"
"539",256.6869,239.89432,70008,"left"
"540",215.74327,244.84152,70008,"left"
"541",175.66286,248.02498,70008,"left"
"542",137.40971,250.5727,70008,"left"
"543",125.65718,249.39716,70008,"left"
"544",113.75122,243.85783,70008,"left"
"545",181,222,70009,"right"
"546",222.20154,217.24432,70009,"right"
"547",266.5017,214.10333,70009,"right"
"548",322.26318,208.28809,70009,"right"
"549",185,204,70010,"right"
"550",209.09653,204,70010,"right"
"551",228.88187,204,70010,"right"
"552",254.62491,204,70010,"right"
"553",284.5784,206.64325,70010,"right"
"554",312.2867,208.1826,70010,"right"
"555",331.5,209.5,70010,"right"
"556",294,212,70011,"left"
"557",273,218,70011,"left"
"558",243.68495,222.41042,70011,"left"
"559",201.57417,228.69272,70011,"left"
"560",174.99103,230.90045,70011,"left"
"561",149.02599,229.50217,70011,"left"
"562",138.7839,228.64865,70011,"left"
"563",301,210,70012,"left"
"564",274.2089,210,70012,"left"
"565",241.8571,217.26192,70012,"left"
"566",208.4755,219.38971,70012,"left"
"567",175.88692,221.33871,70012,"left"
"568",153.80122,221.18675,70012,"left"
"569",151,221,70012,"left"
"570",315,190,80001,"left"
"571",291.3857,177.97922,80001,"left"
"572",271.59717,177,80001,"left"
"573",236.21082,185.85805,80001,"left"
"574",180.9682,203.21617,80001,"left"
"575",121.04631,228.44609,80001,"left"
"576",78.000786,248.4996,80001,"left"
"577",62.16215,258.22522,80001,"left"
"578",300,200,80002,"left"
"579",263.3029,200,80002,"left"
"580",228.973,210.43372,80002,"left"
"581",183.63092,221.93396,80002,"left"
"582",122.67014,239.87573,80002,"left"
"583",70.5,260.5,80002,"left"
"584",93,205,80003,"right"
"585",113,200,80003,"right"
"586",139.78043,195.23294,80003,"right"
"587",178.35648,194,80003,"right"
"588",248.5261,194.45987,80003,"right"
"589",327.9611,202.34546,80003,"right"
"590",127,193,80004,"right"
"591",145,189,80004,"right"
"592",176.50493,186.26167,80004,"right"
"593",211.19098,183.34627,80004,"right"
"594",269.49484,181.98625,80004,"right"
"595",334.62143,183.26195,80004,"right"
"596",337.5,183,80004,"right"
"597",290,216,80005,"left"
"598",268,216,80005,"left"
"599",230.55939,215.76733,80005,"left"
"600",191.67781,224.71733,80005,"left"
"601",122.62874,240.90166,80005,"left"
"602",77.688934,254.95712,80005,"left"
"603",61.98944,259.0035,80005,"left"
"604",59,260,80005,"left"
"605",292,227,80006,"left"
"606",258.03003,227,80006,"left"
"607",244.42737,236.19087,80006,"left"
"608",226.96893,243.8323,80006,"left"
"609",211.30573,250.84714,80006,"left"
"610",194.67804,257.7288,80006,"left"
"611",167.52144,265.07034,80006,"left"
"612",147.46791,270.46646,80006,"left"
"613",127.74926,273.70847,80006,"left"
"614",116.91135,273,80006,"left"
"615",111.5,274.5,80006,"left"
"616",108.091385,275,80006,"left"
"617",108,276.48053,80006,"left"
"618",108,277.5,80006,"left"
"619",108,278,80006,"left"
"620",108,279,80006,"left"
"621",300,210,80007,"left"
"622",259.41867,210,80007,"left"
"623",229.47546,214.17868,80007,"left"
"624",193.79092,221.60158,80007,"left"
"625",147.28365,231.54993,80007,"left"
"626",111.01413,242.99529,80007,"left"
"627",90,251.5,80007,"left"
"628",75,190,80008,"right"
"629",108.66363,200.53273,80008,"right"
"630",148.22443,206.84807,80008,"right"
"631",234,214,80008,"right"
"632",293.71808,216,80008,"right"
"633",300,216,80008,"right"
"634",74,163,80009,"right"
"635",91,167,80009,"right"
"636",117.87567,172.71066,80009,"right"
"637",155.36327,179.22722,80009,"right"
"638",226.41827,185.02559,80009,"right"
"639",302.99152,189.33302,80009,"right"
"640",334.5,190.5,80009,"right"
"641",304,208,80010,"left"
"642",284,208,80010,"left"
"643",260.11642,210.28082,80010,"left"
"644",235.10225,215.45216,80010,"left"
"645",203.31926,224.56024,80010,"left"
"646",154.00851,239.11514,80010,"left"
"647",281,138,80011,"left"
"648",233.18164,152.39063,80011,"left"
"649",176.13602,168.98694,80011,"left"
"650",101.398605,197.13766,80011,"left"
"651",63.341152,208.79765,80011,"left"
"652",46.95753,214.01416,80011,"left"
"653",33.181156,221.76178,80011,"left"
"654",99,159,80012,"right"
"655",136.4061,161.85323,80012,"right"
"656",193.48236,170.10847,80012,"right"
"657",289.68634,181.95518,80012,"right"
"658",355.5,202.5,80012,"right"
"659",137,186,80013,"right"
"660",151,186,80013,"right"
"661",173.48003,187.84941,80013,"right"
"662",205.19069,190.14503,80013,"right"
"663",245.99004,190.66634,80013,"right"
"664",331,191,80013,"right"
"665",318,176,80014,"left"
"666",290.71124,176,80014,"left"
"667",263.95923,181.01073,80014,"left"
"668",224.91623,190.10777,80014,"left"
"669",166.09851,205.22537,80014,"left"
"670",110.67694,227.09033,80014,"left"
"671",87.3884,240.41016,80014,"left"
"672",74,251,80014,"left"
"673",319,197,80015,"left"
"674",305,197,80015,"left"
"675",286.84,197,80015,"left"
"676",264.00427,198.99878,80015,"left"
"677",234.65475,205.25624,80015,"left"
"678",201.21574,212.85677,80015,"left"
"679",168.6462,222.41203,80015,"left"
"680",139.39095,236.00566,80015,"left"
"681",133,240,80015,"left"
"682",308,247,90001,"left"
"683",274.09708,238.7361,90001,"left"
"684",235.51639,246.85867,90001,"left"
"685",145.0016,277.14218,90001,"left"
"686",90.08428,298.62466,90001,"left"
"687",89,299,90001,"left"
"688",309,233,90002,"left"
"689",285,224,90002,"left"
"690",248.04813,221.78966,90002,"left"
"691",199.30548,229.0475,90002,"left"
"692",104.2135,266.21298,90002,"left"
"693",102,267,90002,"left"
"694",173,256,90003,"right"
"695",194,251,90003,"right"
"696",229.62103,248.69824,90003,"right"
"697",272.78632,246.74866,90003,"right"
"698",306.5,245.5,90003,"right"
"699",159,230,90004,"right"
"700",182.67482,225.76727,90004,"right"
"701",213.85904,223,90004,"right"
"702",257.7728,224.41234,90004,"right"
"703",318.92313,229.41026,90004,"right"
"704",310,230,90005,"left"
"705",277.14258,222,90005,"left"
"706",240.06404,227.6496,90005,"left"
"707",163.09906,254.33784,90005,"left"
"708",100.5,279.5,90005,"left"
"709",301,245,90006,"error"
"710",282.54895,245,90006,"error"
"711",277.32767,245,90006,"error"
"712",274.54514,245,90006,"error"
"713",271.2911,245,90006,"error"
"714",267.96906,245,90006,"error"
"715",264.06537,238.15256,90006,"error"
"716",258.54968,237,90006,"error"
"717",253.88782,237,90006,"error"
"718",252,237,90006,"error"
"719",251,237,90006,"error"
"720",250,237,90006,"error"
"721",297,239,90007,"left"
"722",279,233,90007,"left"
"723",250.316,233,90007,"left"
"724",211.07814,242.60182,90007,"left"
"725",197,246,90007,"left"
"726",290,228,90008,"left"
"727",267.75653,223.5513,90008,"left"
"728",226.35161,223.78098,90008,"left"
"729",165.24707,234.18658,90008,"left"
"730",88.5,259,90008,"left"
"731",178,231,90009,"right"
"732",214.4433,236.80351,90009,"right"
"733",250.5311,241.16498,90009,"right"
"734",289.4644,244.30783,90009,"right"
"735",305.5,247,90009,"right"
"736",193,215,90010,"right"
"737",221.92833,215,90010,"right"
"738",249.88245,215,90010,"right"
"739",288.9829,217.887,90010,"right"
"740",299,219,90010,"right"
"741",295,241,90011,"left"
"742",272,236,90011,"left"
"743",233.88489,238.63939,90011,"left"
"744",168.91988,249.51335,90011,"left"
"745",112,259,90011,"left"
"746",288,222,90012,"left"
"747",258.46164,222,90012,"left"
"748",228.11244,229.1397,90012,"left"
"749",175.75864,247.40048,90012,"left"
"750",108.5,271,90012,"left"
"751",282,190,100001,"left"
"752",242.53436,183.61493,100001,"left"
"753",207.519,183,100001,"left"
"754",174.69495,182,100001,"left"
"755",149.00787,182,100001,"left"
"756",119,185,100001,"left"
"757",93,191,100001,"left"
"758",272,187,100002,"left"
"759",230.74466,189.48936,100002,"left"
"760",191.62592,190,100002,"left"
"761",154.12602,190.99475,100002,"left"
"762",119.86145,194.06082,100002,"left"
"763",63.5,205.5,100002,"left"
"764",67,205,100002,"left"
"765",144,215,100003,"right"
"766",178.96089,215,100003,"right"
"767",226.81776,224.2259,100003,"right"
"768",355.5,252.5,100003,"right"
"769",133,198,100004,"right"
"770",169.80287,185.83098,100004,"right"
"771",242.1683,183.08337,100004,"right"
"772",315,185,100004,"right"
"773",301,237,100005,"left"
"774",283,237,100005,"left"
"775",257.7849,235.34811,100005,"left"
"776",232.5,235,100005,"left"
"777",191.52058,237.57533,100005,"left"
"778",164.5,243,100005,"left"
"779",298,208,100006,"left"
"780",252.78415,201.55115,100006,"left"
"781",224.1151,202,100006,"left"
"782",196.42795,200.67223,100006,"left"
"783",168.16714,202,100006,"left"
"784",137,208,100006,"left"
"785",122,209,100006,"left"
"786",182,136,100007,"right"
"787",221.75761,140.46516,100007,"right"
"788",266.28183,151.1554,100007,"right"
"789",166,149,100008,"right"
"790",202.01593,146.03822,100008,"right"
"791",250.89407,153.15327,100008,"right"
"792",359.5,172.5,100008,"right"
"793",248,178,100009,"left"
"794",168.71893,183.36719,100009,"left"
"795",118.31657,183.11667,100009,"left"
"796",72.951546,181.49814,100009,"left"
"797",38.822826,174.94937,100009,"left"
"798",299,148,110001,"left"
"799",265,150,110001,"left"
"800",213.65192,156.60712,110001,"left"
"801",152.11479,167.48206,110001,"left"
"802",99.09198,173.88506,110001,"left"
"803",59,171,110001,"left"
"804",280,161,110002,"left"
"805",258.00366,161,110002,"left"
"806",215.6706,163.53317,110002,"left"
"807",174.45105,166.29205,110002,"left"
"808",151.5,167.5,110002,"left"
"809",138,166,110002,"left"
"810",254,150,110003,"left"
"811",220.08687,157.37242,110003,"left"
"812",169.97232,164.66031,110003,"left"
"813",81.5,168,110003,"left"
"814",172,136,110004,"right"
"815",208.24997,138.375,110004,"right"
"816",245.95491,141.1061,110004,"right"
"817",284.1207,146.3793,110004,"right"
"818",340.5,160.5,110004,"right"
"819",205,165,110005,"right"
"820",248.19418,163.24683,110005,"right"
"821",290.72476,164.18791,110005,"right"
"822",274,119,110006,"left"
"823",244.43045,119,110006,"left"
"824",201.693,111.02745,110006,"left"
"825",321,151,110007,"left"
"826",297.19992,151,110007,"left"
"827",268.11264,153.2125,110007,"left"
"828",231.49966,155.60872,110007,"left"
"829",192.96295,157.33488,110007,"left"
"830",130.5,159.5,110007,"left"
"831",120,158,110007,"left"
"832",314,149,110008,"left"
"833",254.12166,146.51013,110008,"left"
"834",218.02225,144.13737,110008,"left"
"835",180.82108,138.71645,110008,"left"
"836",119.91583,121.58476,110008,"left"
"837",87.5,111,110008,"left"
"838",297,119,110009,"left"
"839",265,119,110009,"left"
"840",216.26778,120.052826,110009,"left"
"841",180.44574,116.8996,110009,"left"
"842",127.63657,106.24323,110009,"left"
"843",176,114,110010,"right"
"844",196.22926,118.84585,110010,"right"
"845",221.33617,122.59291,110010,"right"
"846",257.7732,127.22165,110010,"right"
"847",293.64072,133.7045,110010,"right"
"848",306.5,136.5,110010,"right"
"849",161,169,110011,"right"
"850",208.47385,169.51822,110011,"right"
"851",253.06345,172.0686,110011,"right"
"852",318.67706,176.95386,110011,"right"
"853",336.5,179.5,110011,"right"
"854",297,85,110012,"left"
"855",283,85,110012,"left"
"856",249.05988,85,110012,"left"
"857",217,82,110012,"left"
"858",188.22363,74.79569,110012,"left"
"859",160.5,66,110012,"left"
"860",188,111,110013,"right"
"861",231.83778,116.94241,110013,"right"
"862",270.8692,121.98062,110013,"right"
"863",313,128,110013,"right"
"864",258,117,110014,"left"
"865",212.36111,117,110014,"left"
"866",178.33823,112.06764,110014,"left"
"867",122,88.5,110014,"left"
"868",292,129,110015,"left"
"869",257,132,110015,"left"
"870",219.70706,131.18535,110015,"left"
"871",189.12178,127.03479,110015,"left"
"872",141.74605,114.68651,110015,"left"
"873",115,108,110015,"left"
"874",286,228,120001,"left"
"875",266.07196,228,120001,"left"
"876",251.60103,228,120001,"left"
"877",236.01979,229.10672,120001,"left"
"878",219.78409,233.66478,120001,"left"
"879",197.04683,236.59688,120001,"left"
"880",182.72943,237.91895,120001,"left"
"881",157.28378,241.09549,120001,"left"
"882",135.32515,243.57832,120001,"left"
"883",113.78586,245.01428,120001,"left"
"884",84,249.5,120001,"left"
"885",145,167,120002,"right"
"886",173.31677,158.12949,120002,"right"
"887",201.29129,155.53937,120002,"right"
"888",233.51671,153.81491,120002,"right"
"889",260.05392,152.46742,120002,"right"
"890",281.42633,154.06558,120002,"right"
"891",294.74884,154.59361,120002,"right"
"892",303.50632,155,120002,"right"
"893",307.6068,155,120002,"right"
"894",310.39447,155,120002,"right"
"895",312.41135,156,120002,"right"
"896",314,156,120002,"right"
"897",313,157,120002,"right"
"898",306,157,120002,"right"
"899",306,158,120002,"right"
"900",140,202,120003,"right"
"901",198.90907,194,120003,"right"
"902",259.35648,195,120003,"right"
"903",315.91953,196,120003,"right"
"904",337.5,196,120003,"right"
"905",295,167,120004,"left"
"906",259.17285,158.5536,120004,"left"
"907",215.63116,162.56148,120004,"left"
"908",123.490524,189.64626,120004,"left"
"909",70.053955,218.07628,120004,"left"
"910",24.5,252,120004,"left"
"911",303,215,120005,"left"
"912",261.14206,206.18033,120005,"left"
"913",217.96967,204,120005,"left"
"914",137.93791,207.30824,120005,"left"
"915",74.35099,217.99622,120005,"left"
"916",37.51298,227.69637,120005,"left"
"917",277,211,120006,"left"
"918",30,252,120006,"left"
"919",124,184,120007,"right"
"920",316,190,120007,"right"
"921",269,195,120008,"left"
"922",67,266,120008,"left"
"923",290,117,120009,"error"
"924",256.7153,122.094894,120009,"error"
"925",239.01364,129.63141,120009,"error"
"926",225.07364,137.18132,120009,"error"
"927",215.01695,141.54802,120009,"error"
"928",203.5,145,120009,"error"
"929",193.29013,148.91711,120009,"error"
"930",185.24036,153.20772,120009,"error"
"931",173.69078,160.31955,120009,"error"
"932",166.96716,164.8197,120009,"error"
"933",160.60193,169.29855,120009,"error"
"934",152,172,120009,"error"
"935",149.73973,176.52055,120009,"error"
"936",150,177.5,120009,"error"
"937",150,178,120009,"error"
"938",155.50896,179,120009,"error"
"939",161.80981,179.30164,120009,"error"
"940",172.06017,181.73148,120009,"error"
"941",190.49516,186.3738,120009,"error"
"942",212.11893,188.6473,120009,"error"
"943",235,193.5,120009,"error"
"944",254.41058,198.40176,120009,"error"
"945",272.00278,200,120009,"error"
"946",285.18127,200,120009,"error"
"947",297.20483,201,120009,"error"
"948",305.39917,201,120009,"error"
"949",312.5,201,120009,"error"
"950",319.19794,201,120009,"error"
"951",325.25107,201,120009,"error"
"952",327.26257,201,120009,"error"
"953",330,201.76273,120009,"error"
"954",332.82864,202,120009,"error"
"955",336.6635,202,120009,"error"
"956",338.45975,202,120009,"error"
"957",343.07843,202,120009,"error"
"958",344.9738,202,120009,"error"
"959",348.06454,202,120009,"error"
"960",124,209,120010,"right"
"961",161.3353,209,120010,"right"
"962",190.34175,207.80746,120010,"right"
"963",228.5,205,120010,"right"
"964",261.80762,202.43532,120010,"right"
"965",306.81888,196.02588,120010,"right"
"966",321.50516,190.53387,120010,"right"
"967",338,182.5,120010,"right"
"968",341,179,120010,"right"
"969",84,230,120011,"right"
"970",138.48924,223.50098,120011,"right"
"971",181.565,223,120011,"right"
"972",232.66574,223,120011,"right"
"973",272.62085,219.50087,120011,"right"
"974",293.06482,216.41931,120011,"right"
"975",312.44644,213.50766,120011,"right"
"976",333.78052,211.63226,120011,"right"
"977",277,218,120012,"left"
"978",232.02788,220,120012,"left"
"979",187.16824,222.25743,120012,"left"
"980",119.038216,230.56596,120012,"left"
"981",85.42503,237.98956,120012,"left"
"982",67.08139,244.78859,120012,"left"
"983",297,198,120013,"left"
"984",265.39886,205.62785,120013,"left"
"985",230.49197,214.684,120013,"left"
"986",172.87563,232.89319,120013,"left"
"987",130.96114,248.78119,120013,"left"
"988",106.408104,259.00894,120013,"left"
"989",84.7738,266.00937,120013,"left"
"990",82,267,120013,"left"
"991",277,197,120014,"left"
"992",233.87709,209.37401,120014,"left"
"993",139.41626,236.90431,120014,"left"
"994",91.80711,252.54822,120014,"left"
"995",71.70392,257.0592,120014,"left"
"996",55.311413,258.60806,120014,"left"
"997",51,259,120014,"left"
"998",253,232,120015,"left"
"999",199.18112,245.23157,120015,"left"
"1000",128.33426,264.3225,120015,"left"
"1001",61.16587,285.6114,120015,"left"
"1002",63,293,120015,"left"
"1003",313,165,120016,"left"
"1004",260.46744,162.63739,120016,"left"
"1005",196.53174,173.65797,120016,"left"
"1006",109.844955,196.70425,120016,"left"
"1007",64.66369,230.25195,120016,"left"
"1008",62,232,120016,"left"
"1009",275,176,120017,"left"
"1010",230.812,181.2376,120017,"left"
"1011",177.09296,192.0731,120017,"left"
"1012",111.57267,213.5182,120017,"left"
"1013",74.03036,234.22359,120017,"left"
"1014",51.687252,253.82715,120017,"left"
"1015",57,256,120017,"left"
"1016",258,207,120018,"left"
"1017",211.91359,216.01662,120018,"left"
"1018",142.9954,238.61914,120018,"left"
"1019",80.373795,262.10132,120018,"left"
"1020",68.870575,270.69937,120018,"left"
"1021",60.5,280,120018,"left"
"1022",294,194,120019,"left"
"1023",261.35446,201.41139,120019,"left"
"1024",229.56964,208.65877,120019,"left"
"1025",191.76544,219.67343,120019,"left"
"1026",148.46046,231.32124,120019,"left"
"1027",115.4595,243.2162,120019,"left"
"1028",96.795715,251.09428,120019,"left"
"1029",76.98837,260.1871,120019,"left"
"1030",73,262,120019,"left"
"1031",279,204,120020,"left"
"1032",261.9931,204,120020,"left"
"1033",231.61372,211.37843,120020,"left"
"1034",181.9285,227.20155,120020,"left"
"1035",119.14582,261.74258,120020,"left"
"1036",91.24881,287.56363,120020,"left"
"1037",77,299,120020,"left"
"1038",59,178,120021,"right"
"1039",107.15796,179.57895,120021,"right"
"1040",146.18492,182.03949,120021,"right"
"1041",206.96655,183,120021,"right"
"1042",258.73224,185.36983,120021,"right"
"1043",293.96606,185,120021,"right"
"1044",322.9239,186.24524,120021,"right"
"1045",337,189,120021,"right"
"1046",116,166,120022,"right"
"1047",131,166,120022,"right"
"1048",151.90529,169.35547,120022,"right"
"1049",181.00014,172,120022,"right"
"1050",216.63272,172.9864,120022,"right"
"1051",248.65688,172.49318,120022,"right"
"1052",279.58917,172,120022,"right"
"1053",306.61258,169.42583,120022,"right"
"1054",324.4361,166.9207,120022,"right"
"1055",337.5,165.5,120022,"right"
"1056",306,199,120023,"left"
"1057",236.50114,193.59619,120023,"left"
"1058",182.5241,201.67639,120023,"left"
"1059",119.20485,219.56796,120023,"left"
"1060",95.27825,240.45592,120023,"left"
"1061",75.141754,270.00192,120023,"left"
"1062",70,279,120023,"left"
"1063",301,183,120024,"left"
"1064",250.89075,183,120024,"left"
"1065",191.77605,202.40799,120024,"left"
"1066",124.0391,233.08469,120024,"left"
"1067",78.89243,262.3781,120024,"left"
"1068",62.53508,280.02283,120024,"left"
"1069",57,287,120024,"left"
"1070",295,163,120025,"left"
"1071",272.14093,167.15619,120025,"left"
"1072",238.04048,180.90219,120025,"left"
"1073",166.20027,218.92157,120025,"left"
"1074",123.466484,244.72011,120025,"left"
"1075",84.57431,269.08908,120025,"left"
"1076",58,287.5,120025,"left"
"1077",284,181,120026,"left"
"1078",238.49123,197.46423,120026,"left"
"1079",183.02628,217.25116,120026,"left"
"1080",141.82779,234.53282,120026,"left"
"1081",115.42737,246.79889,120026,"left"
"1082",81.04997,259.22202,120026,"left"
"1083",243,195,130001,"left"
"1084",221.05135,179.02567,130001,"left"
"1085",205.85905,179.11653,130001,"left"
"1086",185.63358,183.8416,130001,"left"
"1087",162.10326,195.56693,130001,"left"
"1088",131.37636,213.07066,130001,"left"
"1089",69.35441,253.72154,130001,"left"
"1090",69,254,130001,"left"
"1091",277,185,130002,"left"
"1092",251.93826,193.96451,130002,"left"
"1093",217.55438,209.19804,130002,"left"
"1094",144.5,251,130002,"left"
"1095",286,198,130003,"left"
"1096",248.34172,210.0603,130003,"left"
"1097",200.15802,231.97495,130003,"left"
"1098",131.16426,274.99225,130003,"left"
"1099",97.5,300,130003,"left"
"1100",304,227,130004,"left"
"1101",273.8712,232.29509,130004,"left"
"1102",234.45264,241.54591,130004,"left"
"1103",168.22623,258.86218,130004,"left"
"1104",115.08095,282.45218,130004,"left"
"1105",93,295.5,130004,"left"
"1106",266,209,130005,"left"
"1107",246.53658,209,130005,"left"
"1108",212.40764,214.05609,130005,"left"
"1109",168.67221,228.97325,130005,"left"
"1110",93.61888,262.25888,130005,"left"
"1111",87,266,130005,"left"
"1112",308,226,130006,"left"
"1113",273.91077,226,130006,"left"
"1114",238.06097,228.98593,130006,"left"
"1115",188.80338,240.57289,130006,"left"
"1116",119.95752,263.0866,130006,"left"
"1117",69.11565,290.26587,130006,"left"
"1118",62.5,297,130006,"left"
"1119",268,221,130007,"left"
"1120",229.21205,232.61435,130007,"left"
"1121",167.20885,255.46712,130007,"left"
"1122",124.86883,269.3085,130007,"left"
"1123",258,239,130008,"error"
"1124",234.43141,246.91937,130008,"error"
"1125",198.09933,267.56293,130008,"error"
"1126",177,186,130009,"right"
"1127",220.04031,186,130009,"right"
"1128",268.16913,191.48018,130009,"right"
"1129",377.5,204.5,130009,"right"
"1130",118,234,130010,"right"
"1131",150.68835,232.7013,130010,"right"
"1132",184.3337,232,130010,"right"
"1133",266.16077,240.65858,130010,"right"
"1134",321.88,251.38,130010,"right"
"1135",69,239,130011,"right"
"1136",104.04886,227.58249,130011,"right"
"1137",139.17163,224,130011,"right"
"1138",194.46922,224,130011,"right"
"1139",287.3422,227.35614,130011,"right"
"1140",312,229,130011,"right"
"1141",119,252,130012,"right"
"1142",151.78146,244.5889,130012,"right"
"1143",180.66023,243,130012,"right"
"1144",222.71031,242,130012,"right"
"1145",300.32333,245.21848,130012,"right"
"1146",325.8223,247.31358,130012,"right"
"1147",317,220,130013,"left"
"1148",255.21512,221.69124,130013,"left"
"1149",202.9285,227.4524,130013,"left"
"1150",112.28724,248.43903,130013,"left"
"1151",102,252,130013,"left"
"1152",288,222,130014,"left"
"1153",256.75137,231.0777,130014,"left"
"1154",207.70367,246.55556,130014,"left"
"1155",142.65244,273.325,130014,"left"
"1156",268,212,130015,"left"
"1157",203.5,225.5,130015,"left"
"1158",139.03456,261.09546,130015,"left"
"1159",107,303,130015,"left"
"1160",176,235,130016,"right"
"1161",239.91049,225.96854,130016,"right"
"1162",300,232.5,130016,"right"
"1163",128,184,130017,"right"
"1164",177.26175,169.89029,130017,"right"
"1165",252.26764,170.6324,130017,"right"
"1166",329,176,130017,"right"
"1167",76,224,130018,"right"
"1168",121.48489,227.92104,130018,"right"
"1169",172.81194,236.25885,130018,"right"
"1170",276.80164,252.43854,130018,"right"
"1171",333.79315,256.0755,130018,"right"
"1172",275,231,130019,"left"
"1173",235.7604,229.88731,130019,"left"
"1174",198.05594,231.06993,130019,"left"
"1175",145.96231,240.14493,130019,"left"
"1176",93.00574,257.49786,130019,"left"
"1177",278,205,130020,"left"
"1178",254.1538,209.2198,130020,"left"
"1179",214.50728,225.4434,130020,"left"
"1180",131.75534,263.19852,130020,"left"
"1181",121,268,130020,"left"
"1182",266,257,140001,"left"
"1183",252,257,140001,"left"
"1184",237.3206,257,140001,"left"
"1185",217.21428,266.16666,140001,"left"
"1186",188.8501,281.08243,140001,"left"
"1187",143.95181,301.41928,140001,"left"
"1188",118.02912,312.98337,140001,"left"
"1189",118,313,140001,"left"
"1190",239,193,140002,"left"
"1191",214,193,140002,"left"
"1192",183.67676,201.50684,140002,"left"
"1193",151.13177,214.67612,140002,"left"
"1194",80.35351,250.43188,140002,"left"
"1195",56.5,264.5,140002,"left"
"1196",287,217,140003,"left"
"1197",247.88649,215.48581,140003,"left"
"1198",219.8134,219.79665,140003,"left"
"1199",187.83963,230.2992,140003,"left"
"1200",108,259.5,140003,"left"
"1201",158,235,140004,"right"
"1202",182.8125,230.54584,140004,"right"
"1203",214.37112,228.20222,140004,"right"
"1204",259.10574,226.99245,140004,"right"
"1205",324.86044,224.79395,140004,"right"
"1206",88,219,140005,"right"
"1207",138.56842,202.07193,140005,"right"
"1208",203.9867,193.95825,140005,"right"
"1209",282.93777,184.00758,140005,"right"
"1210",308.5,181,140005,"right"
"1211",107,203,140006,"right"
"1212",125,203,140006,"right"
"1213",156.49326,199,140006,"right"
"1214",202.32774,199,140006,"right"
"1215",276.2708,201.67957,140006,"right"
"1216",311.19373,202,140006,"right"
"1217",305,187,140007,"left"
"1218",276.028,183.58495,140007,"left"
"1219",246.67572,188.29987,140007,"left"
"1220",204.6454,197.38702,140007,"left"
"1221",137.80847,222.58894,140007,"left"
"1222",108.295746,236.85213,140007,"left"
"1223",71,254,140007,"left"
"1224",291,219,140008,"left"
"1225",258.28372,220.61938,140008,"left"
"1226",232.07475,225.36098,140008,"left"
"1227",202.90091,232.7426,140008,"left"
"1228",168.03593,242.35384,140008,"left"
"1229",293,209,140009,"left"
"1230",267,209,140009,"left"
"1231",238.21268,213.39763,140009,"left"
"1232",207.85236,221.14412,140009,"left"
"1233",173.31491,233.26099,140009,"left"
"1234",96.1375,267.60556,140009,"left"
"1235",178,210,140010,"right"
"1236",224.59827,196.16396,140010,"right"
"1237",319.78342,175.04999,140010,"right"
"1238",320,175,140010,"right"
"1239",120,222,140011,"right"
"1240",151.15651,210.97238,140011,"right"
"1241",195.45096,201.96385,140011,"right"
"1242",309.2473,178.11514,140011,"right"
"1243",323.90237,173,140011,"right"
"1244",328,173,140011,"right"
"1245",128,223,140012,"right"
"1246",149,212,140012,"right"
"1247",191.80069,205.90392,140012,"right"
"1248",253.86192,201.42572,140012,"right"
"1249",323.42038,200,140012,"right"
"1250",298,199,140013,"left"
"1251",280,199,140013,"left"
"1252",249.64229,204.28969,140013,"left"
"1253",215.51866,213.01936,140013,"left"
"1254",141.47736,243.24509,140013,"left"
"1255",130,248,140013,"left"
"1256",311,171,140014,"left"
"1257",265,178.5,140014,"left"
"1258",241.83376,181.87775,140014,"left"
"1259",220.20648,180.0295,140014,"left"
"1260",201.67938,179,140014,"left"
"1261",189.57289,179,140014,"left"
"1262",186,179,140014,"left"
"1263",306,130,140015,"left"
"1264",286,141,140015,"left"
"1265",266.9206,147.3598,140015,"left"
"1266",246.35074,150.66418,140015,"left"
"1267",226.69533,151.86958,140015,"left"
"1268",208.21997,153.39833,140015,"left"
"1269",190.42839,152.10988,140015,"left"
"1270",189,152,140015,"left"
"1271",288,170,140016,"left"
"1272",247.84836,171.08688,140016,"left"
"1273",227.21541,172,140016,"left"
"1274",203.43532,170.5285,140016,"left"
"1275",185.22021,170,140016,"left"
"1276",164.5,167,140016,"left"
"1277",254,133,140017,"left"
"1278",232.47722,133,140017,"left"
"1279",217.50153,133,140017,"left"
"1280",202.90982,133,140017,"left"
"1281",193,133,140017,"left"
"1282",187,125.5,140017,"left"
"1283",265,145,140018,"left"
"1284",227.27814,145,140018,"left"
"1285",210.83762,145,140018,"left"
"1286",196.658,142.44301,140018,"left"
"1287",191.1006,141.03354,140018,"left"
"1288",183.5,130.5,140018,"left"
"1289",240,153,140019,"left"
"1290",225,153,140019,"left"
"1291",207.32715,157.86728,140019,"left"
"1292",192.5,159.5,140019,"left"
"1293",179.26756,165.3139,140019,"left"
"1294",174.88103,170.58923,140019,"left"
"1295",167.62865,175.22281,140019,"left"
"1296",158.61836,175,140019,"left"
"1297",147.46246,175,140019,"left"
"1298",131.5,164.5,140019,"left"
"1299",263,208,140020,"left"
"1300",67,275,140020,"left"
"1301",249,197,140021,"left"
"1302",83,231,140021,"left"
"1303",221,194,140022,"left"
"1304",82,212,140022,"left"
"1305",80,243,140023,"right"
"1306",112.630615,227.5329,140023,"right"
"1307",306,188,140023,"right"
"1308",291,123,150001,"left"
"1309",249.17564,123,150001,"left"
"1310",216.61914,124.86094,150001,"left"
"1311",162.58217,139.73335,150001,"left"
"1312",76.614265,182.50986,150001,"left"
"1313",296,103,150002,"left"
"1314",269,98,150002,"left"
"1315",227.00375,97,150002,"left"
"1316",189.71725,96.45131,150002,"left"
"1317",126.77275,106.84545,150002,"left"
"1318",93.5,113.5,150002,"left"
"1319",306,112,150003,"left"
"1320",271.9933,107.29967,150003,"left"
"1321",242.57706,107.856255,150003,"left"
"1322",211.17735,111.697395,150003,"left"
"1323",197.5,113,150003,"left"
"1324",270,112,150004,"left"
"1325",245.17773,106.48394,150004,"left"
"1326",210.42488,105.29781,150004,"left"
"1327",169.5,109.5,150004,"left"
"1328",174,164,150005,"right"
"1329",221.31967,156.4041,150005,"right"
"1330",266.08246,150.3196,150005,"right"
"1331",289,146.5,150005,"right"
"1332",118,179,150006,"right"
"1333",155.17055,172.02441,150006,"right"
"1334",194.35526,166.02226,150006,"right"
"1335",280.50626,155.64113,150006,"right"
"1336",339.0075,150.14221,150006,"right"
"1337",276,130,150007,"error"
"1338",247.80168,128.74301,150007,"error"
"1339",216.47188,125.64719,150007,"error"
"1340",313,138,150008,"left"
"1341",268.14447,130.86491,150008,"left"
"1342",236.72493,130.63214,150008,"left"
"1343",204.664,137.084,150008,"left"
"1344",159,169,150009,"right"
"1345",208.58133,169,150009,"right"
"1346",265.69293,166.01706,150009,"right"
"1347",329,162.5,150009,"right"
"1348",132,167,150010,"right"
"1349",161,160,150010,"right"
"1350",206.02055,155.8322,150010,"right"
"1351",317.815,140.65704,150010,"right"
"1352",344,143,150010,"right"
"1353",297,143,150011,"left"
"1354",239.51567,129.6392,150011,"left"
"1355",206.57011,131.7765,150011,"left"
"1356",172.84087,137.93507,150011,"left"
"1357",118.5,161.5,150011,"left"
"1358",266,114,150012,"left"
"1359",235.60495,111.800705,150012,"left"
"1360",201.53218,111,150012,"left"
"1361",282,209,160001,"left"
"1362",252,205,160001,"left"
"1363",196.66995,208.19153,160001,"left"
"1364",84.90468,221.95695,160001,"left"
"1365",41.211765,241.66997,160001,"left"
"1366",18,249,160001,"left"
"1367",292,214,160002,"left"
"1368",264,209,160002,"left"
"1369",209.1954,210.77289,160002,"left"
"1370",118.92264,228.32191,160002,"left"
"1371",56.662678,241.85089,160002,"left"
"1372",36,246.5,160002,"left"
"1373",269,212,160003,"left"
"1374",234.35168,210.40276,160003,"left"
"1375",197.4745,211.11734,160003,"left"
"1376",148.6437,217.38281,160003,"left"
"1377",61.58634,234.81255,160003,"left"
"1378",27,251.5,160003,"left"
"1379",282,195,160004,"left"
"1380",264,188,160004,"left"
"1381",245.64429,182.52885,160004,"left"
"1382",204.09239,174.94507,160004,"left"
"1383",123.62588,163.16547,160004,"left"
"1384",44,160,160004,"left"
"1385",24,161,160004,"left"
"1386",37,167,160005,"right"
"1387",78.09874,164.56554,160005,"right"
"1388",134.5893,165.47398,160005,"right"
"1389",249.6893,177.7769,160005,"right"
"1390",346.4816,196.11813,160005,"right"
"1391",214,231,160006,"right"
"1392",264.4178,231,160006,"right"
"1393",296.95905,228.50613,160006,"right"
"1394",320.76785,224.88187,160006,"right"
"1395",309,214,160007,"left"
"1396",293,214,160007,"left"
"1397",251.82893,210.673,160007,"left"
"1398",200.78535,217.39616,160007,"left"
"1399",102.365364,233.14983,160007,"left"
"1400",40.043045,250.14937,160007,"left"
"1401",241,235,160008,"left"
"1402",184.62949,232.89886,160008,"left"
"1403",124.430275,236.55478,160008,"left"
"1404",66.756134,243.16049,160008,"left"
"1405",29,250.5,160008,"left"
"1406",279,226,160009,"left"
"1407",253,226,160009,"left"
"1408",202.57195,221.91132,160009,"left"
"1409",134.35094,228.46387,160009,"left"
"1410",71.8016,240.35509,160009,"left"
"1411",25,247.5,160009,"left"
"1412",244,248,160010,"left"
"1413",223,244,160010,"left"
"1414",191.58945,237.83841,160010,"left"
"1415",154.75429,234.28297,160010,"left"
"1416",122.47984,235.7808,160010,"left"
"1417",36.726593,250.26808,160010,"left"
"1418",132,228,160011,"right"
"1419",154,224,160011,"right"
"1420",201.85599,219.12663,160011,"right"
"1421",309.82327,209.90533,160011,"right"
"1422",340.5,208,160011,"right"
"1423",123,222,160012,"right"
"1424",190.42084,222.51402,160012,"right"
"1425",252.36249,224.07382,160012,"right"
"1426",325.1283,226,160012,"right"
"1427",339.5,226,160012,"right"
"1428",312,194,160013,"left"
"1429",267.24652,195.19667,160013,"left"
"1430",216.5363,200.93297,160013,"left"
"1431",120.42967,216.82393,160013,"left"
"1432",64.987015,232.50325,160013,"left"
"1433",29,241.5,160013,"left"
"1434",304,197,160014,"left"
"1435",255.78024,195.44418,160014,"left"
"1436",211.16199,204.61382,160014,"left"
"1437",129.24297,225.09079,160014,"left"
"1438",45,244,160014,"left"
"1439",41,244,160014,"left"
"1440",316,199,170001,"left"
"1441",287,199,170001,"left"
"1442",240.43617,209.41763,170001,"left"
"1443",141.25145,235.81746,170001,"left"
"1444",90.37557,259.8539,170001,"left"
"1445",60.506493,272.92578,170001,"left"
"1446",294,210,170002,"left"
"1447",248.91014,210,170002,"left"
"1448",212.0015,218.03806,170002,"left"
"1449",153.72342,236.17184,170002,"left"
"1450",112.598076,254.02939,170002,"left"
"1451",108,256,170002,"left"
"1452",259,213,170003,"left"
"1453",230.32999,214.66714,170003,"left"
"1454",188.17383,221.29454,170003,"left"
"1455",127,226,170004,"right"
"1456",162.2758,212.21725,170004,"right"
"1457",228.0336,196.86339,170004,"right"
"1458",313.90482,182.44217,170004,"right"
"1459",348,179.5,170004,"right"
"1460",154,226,170005,"right"
"1461",198.11424,219.28067,170005,"right"
"1462",254.41573,214.90434,170005,"right"
"1463",330.9221,210.49026,170005,"right"
"1464",339,211.5,170005,"right"
"1465",149,210,170006,"right"
"1466",179.3608,205.87973,170006,"right"
"1467",207.86519,203.71349,170006,"right"
"1468",235.5568,200.58156,170006,"right"
"1469",257.54083,199.02359,170006,"right"
"1470",280.0131,196.49782,170006,"right"
"1471",303.07306,195.9382,170006,"right"
"1472",304,196,170006,"right"
"1473",329,175,170007,"left"
"1474",314,175,170007,"left"
"1475",282.91498,170.3966,170007,"left"
"1476",235.14651,171.18292,170007,"left"
"1477",155.79819,182.0985,170007,"left"
"1478",86.51618,209.7571,170007,"left"
"1479",303,207,170008,"left"
"1480",265.5853,202.921,170008,"left"
"1481",224.63435,206.16898,170008,"left"
"1482",158.02887,220.14526,170008,"left"
"1483",99.860565,249.34103,170008,"left"
"1484",59.19605,275.9384,170008,"left"
"1485",328,186,170009,"left"
"1486",290.4047,186,170009,"left"
"1487",263.0957,186.6454,170009,"left"
"1488",232.53471,191.86295,170009,"left"
"1489",199.97038,200.91716,170009,"left"
"1490",177.76527,208.63081,170009,"left"
"1491",130.61194,237.11754,170009,"left"
"1492",142,229,170010,"right"
"1493",197.27509,212.81784,170010,"right"
"1494",244.31279,207.88066,170010,"right"
"1495",324.02176,200.95738,170010,"right"
"1496",332,200,170010,"right"
"1497",138,211,170011,"right"
"1498",155,203,170011,"right"
"1499",205.04973,191.63683,170011,"right"
"1500",311.39377,174.71718,170011,"right"
"1501",350,171.5,170011,"right"
"1502",319,201,170012,"left"
"1503",286.59573,197.49443,170012,"left"
"1504",239.82765,201.23447,170012,"left"
"1505",141.19025,231.93579,170012,"left"
"1506",85.5,263.5,170012,"left"
"1507",314,208,170013,"left"
"1508",277.79755,206.5911,170013,"left"
"1509",234.06229,207.27371,170013,"left"
"1510",145.5993,226.3353,170013,"left"
"1511",90.49635,252.45349,170013,"left"
"1512",62.596222,272.25867,170013,"left"
"1513",61,274,170013,"left"
"1514",306,201,180001,"left"
"1515",258.3093,202.28178,180001,"left"
"1516",162.18274,225.62605,180001,"left"
"1517",99.547905,245.88469,180001,"left"
"1518",42.5,262.5,180001,"left"
"1519",154,217,180002,"right"
"1520",216.85753,211.79115,180002,"right"
"1521",261.32443,212,180002,"right"
"1522",329,213.5,180002,"right"
"1523",301,175,180003,"left"
"1524",269.35812,175,180003,"left"
"1525",177.3973,198.16367,180003,"left"
"1526",77.68849,227.49345,180003,"left"
"1527",32.5,250.5,180003,"left"
"1528",302,172,180004,"left"
"1529",196.20068,206.42474,180004,"left"
"1530",133.51257,226.40565,180004,"left"
"1531",80.54123,248.40298,180004,"left"
"1532",67,255,180004,"left"
"1533",78,222,180005,"right"
"1534",93,222,180005,"right"
"1535",139.42093,212.78404,180005,"right"
"1536",214.85205,207.3907,180005,"right"
"1537",291.1792,204.90901,180005,"right"
"1538",349.70447,202.21478,180005,"right"
"1539",183,210,180006,"right"
"1540",233.63544,202.5723,180006,"right"
"1541",298.72366,198.70117,180006,"right"
"1542",350.5,196,180006,"right"
"1543",191,201,180007,"right"
"1544",219.55263,201,180007,"right"
"1545",264.08215,201,180007,"right"
"1546",318,202.5,180007,"right"
"1547",298,223,180008,"left"
"1548",267,216,180008,"left"
"1549",213.31346,214.64018,180008,"left"
"1550",112.102325,224.50246,180008,"left"
"1551",54.171135,247.339,180008,"left"
"1552",42,253,180008,"left"
"1553",275,198,180009,"left"
"1554",217,213,180009,"left"
"1555",140.51076,240.54153,180009,"left"
"1556",131,244,180009,"left"
"1557",274,208,180010,"left"
"1558",233,199.5,180010,"left"
"1559",180.81767,202.11824,180010,"left"
"1560",59.912148,230.8822,180010,"left"
"1561",21.29365,240.23268,180010,"left"
"1562",154,205,180011,"right"
"1563",179,205,180011,"right"
"1564",228.85104,199.63475,180011,"right"
"1565",320.49612,200,180011,"right"
"1566",274,206,180012,"left"
"1567",245.89076,206,180012,"left"
"1568",206.02496,204.54517,180012,"left"
"1569",98.1735,228.47453,180012,"left"
"1570",58.93928,242.74898,180012,"left"
"1571",55,245,180012,"left"
"1572",298,228,180013,"left"
"1573",283,219,180013,"left"
"1574",249.16997,211.65842,180013,"left"
"1575",210.63138,209.56798,180013,"left"
"1576",84.57437,251.8511,180013,"left"
"1577",42,265,180013,"left"
"1578",200,186,180014,"right"
"1579",242.72417,186,180014,"right"
"1580",283.3069,184.95332,180014,"right"
"1581",322.26035,190.28905,180014,"right"
"1582",327,191,180014,"right"
"1583",129,226,180015,"right"
"1584",195.78358,213.23674,180015,"right"
"1585",283.52628,213,180015,"right"
"1586",333.5,216,180015,"right"
"1587",250,206,180016,"left"
"1588",204.52782,199.45277,180016,"left"
"1589",68.30587,244.74733,180016,"left"
"1590",57,249,180016,"left"
"1591",277,212,180017,"left"
"1592",214.00333,222.05638,180017,"left"
"1593",64.40466,278.52222,180017,"left"
"1594",56,282,180017,"left"
"1595",149,207,180018,"right"
"1596",175.2005,207,180018,"right"
"1597",215.92537,206.00249,180018,"right"
"1598",301.17664,214.07123,180018,"right"
"1599",367,221,180018,"right"
"1600",293,221,180019,"left"
"1601",268,210,180019,"left"
"1602",223.87949,202.23036,180019,"left"
"1603",143.95433,217.72165,180019,"left"
"1604",48.70595,260.56442,180019,"left"
"1605",48,261,180019,"left"
"1606",286,253,180020,"left"
"1607",258.5894,232.00967,180020,"left"
"1608",231.8416,223.43199,180020,"left"
"1609",195.28535,223.19052,180020,"left"
"1610",66.8731,264.8621,180020,"left"
"1611",62.501778,268.09894,180020,"left"
"1612",61,269,180020,"left"
